g tube
v 0.249088 0.5834306 -0.1467725
v 0.2479161 0.5806512 -0.1485475
v 0.2463207 0.5846312 -0.1468307
v 0.2452131 0.5818263 -0.1486071
v 0.2479896 0.5806512 -0.1520467
v 0.2452949 0.5818263 -0.1521062
v 0.2479896 0.5806512 -0.1520467
v 0.2492354 0.5834306 -0.1537709
v 0.2452949 0.5818263 -0.1521062
v 0.2464844 0.5846312 -0.1538289
v 0.2504073 0.5862101 -0.151996
v 0.247592 0.5874361 -0.1520525
v 0.2504073 0.5862101 -0.151996
v 0.2503338 0.5862101 -0.1484967
v 0.247592 0.5874361 -0.1520525
v 0.2475102 0.5874361 -0.1485533
v 0.2503338 0.5862101 -0.1484967
v 0.249088 0.5834306 -0.1467725
v 0.2475102 0.5874361 -0.1485533
v 0.2463207 0.5846312 -0.1468307
v 0.2385864 0.5875996 -0.1470295
v 0.2376308 0.5847404 -0.1488075
v 0.2377313 0.5847404 -0.1523061
v 0.2377313 0.5847404 -0.1523061
v 0.2387873 0.5875996 -0.1540266
v 0.2397429 0.5904589 -0.1522485
v 0.2397429 0.5904589 -0.1522485
v 0.2396424 0.5904589 -0.1487499
v 0.2396424 0.5904589 -0.1487499
v 0.2385864 0.5875996 -0.1470295
v 0.2267346 0.5913856 -0.1474045
v 0.2259785 0.5884671 -0.1491823
v 0.2261018 0.5884671 -0.1526802
v 0.2261018 0.5884671 -0.1526802
v 0.2269817 0.5913856 -0.1544002
v 0.2277378 0.5943041 -0.1526224
v 0.2277378 0.5943041 -0.1526224
v 0.2276145 0.5943041 -0.1491246
v 0.2276145 0.5943041 -0.1491246
v 0.2267346 0.5913856 -0.1474045
v 0.2116078 0.5950394 -0.1479926
v 0.2111076 0.5920637 -0.1497658
v 0.211259 0.5920637 -0.1532626
v 0.211259 0.5920637 -0.1532626
v 0.2119107 0.5950394 -0.154986
v 0.2124109 0.5980151 -0.1532127
v 0.2124109 0.5980151 -0.1532127
v 0.2122595 0.5980151 -0.1497159
v 0.2122595 0.5980151 -0.1497159
v 0.2116078 0.5950394 -0.1479926
v 0.194048 0.5976105 -0.1488296
v 0.1938787 0.5945908 -0.150591
v 0.1940645 0.5945908 -0.1540861
v 0.1940645 0.5945908 -0.1540861
v 0.1944199 0.5976105 -0.1558197
v 0.1945892 0.6006302 -0.1540583
v 0.1945892 0.6006302 -0.1540583
v 0.1944035 0.6006302 -0.1505632
v 0.1944035 0.6006302 -0.1505632
v 0.194048 0.5976105 -0.1488296
v 0.1748959 0.5981488 -0.1499524
v 0.1751528 0.5951211 -0.1516893
v 0.1753818 0.5951211 -0.1551819
v 0.1753818 0.5951211 -0.1551819
v 0.175354 0.5981488 -0.1569376
v 0.1750972 0.6011765 -0.1552007
v 0.1750972 0.6011765 -0.1552007
v 0.1748681 0.6011765 -0.1517081
v 0.1748681 0.6011765 -0.1517081
v 0.1748959 0.5981488 -0.1499524
v 0.1549908 0.5957047 -0.151398
v 0.1557829 0.5927445 -0.1530892
v 0.1560676 0.5927445 -0.1565776
v 0.1560676 0.5927445 -0.1565776
v 0.1555607 0.5957047 -0.1583748
v 0.1547686 0.5986649 -0.1566836
v 0.1547686 0.5986649 -0.1566836
v 0.1544839 0.5986649 -0.1531952
v 0.1544839 0.5986649 -0.1531952
v 0.1549908 0.5957047 -0.151398
v 0.1351703 0.5893277 -0.1532033
v 0.1365901 0.5865649 -0.1548161
v 0.1369492 0.5865649 -0.1582977
v 0.1369492 0.5865649 -0.1582977
v 0.1358885 0.5893277 -0.1601664
v 0.1344687 0.5920905 -0.1585536
v 0.1344687 0.5920905 -0.1585536
v 0.1341096 0.5920905 -0.1550721
v 0.1341096 0.5920905 -0.1550721
v 0.1351703 0.5893277 -0.1532033
v 0.1162661 0.5780677 -0.1554074
v 0.1183383 0.575672 -0.1568962
v 0.1188014 0.575672 -0.1603654
v 0.1188014 0.575672 -0.1603654
v 0.1171924 0.5780677 -0.1623458
v 0.1151203 0.5804633 -0.160857
v 0.1151203 0.5804633 -0.160857
v 0.1146572 0.5804633 -0.1573878
v 0.1146572 0.5804633 -0.1573878
v 0.1162661 0.5780677 -0.1554074
v 0.09936097 0.5609747 -0.1580164
v 0.1019449 0.5591466 -0.1595101
v 0.1183383 0.575672 -0.1568962
v 0.1188014 0.575672 -0.1603654
v 0.1019449 0.5591466 -0.1595101
v 0.1023026 0.5591466 -0.1629919
v 0.1023026 0.5591466 -0.1629919
v 0.1000763 0.5609747 -0.1649796
v 0.09749242 0.5628028 -0.163486
v 0.09749242 0.5628028 -0.163486
v 0.09713473 0.5628028 -0.1600041
v 0.09713473 0.5628028 -0.1600041
v 0.09936097 0.5609747 -0.1580164
v 0.09936097 0.5609747 -0.1580164
v 0.1019449 0.5591466 -0.1595101
v 0.08482296 0.5336025 -0.1584485
v 0.08740757 0.5323519 -0.1604501
v 0.08740757 0.5323519 -0.1604501
v 0.08707863 0.5323519 -0.1639347
v 0.08707863 0.5323519 -0.1639347
v 0.08416556 0.5336025 -0.1654176
v 0.08158094 0.5348531 -0.163416
v 0.08158094 0.5348531 -0.163416
v 0.08190987 0.5348531 -0.1599314
v 0.08190987 0.5348531 -0.1599314
v 0.08482296 0.5336025 -0.1584485
v 0.07187779 0.4941443 -0.1548632
v 0.07389134 0.4931972 -0.1575647
v 0.07187779 0.4941443 -0.1548632
v 0.07257953 0.4931972 -0.1608095
v 0.07257953 0.4931972 -0.1608095
v 0.06925417 0.4941443 -0.1613529
v 0.06724061 0.4950914 -0.1586515
v 0.06724061 0.4950914 -0.1586515
v 0.06855243 0.4950914 -0.1554066
v 0.06724061 0.4950914 -0.1586515
v 0.07187779 0.4941443 -0.1548632
v 0.0600845 0.4456081 -0.1480256
v 0.06143776 0.4447846 -0.1511465
v 0.05940048 0.4447846 -0.1539925
v 0.05940048 0.4447846 -0.1539925
v 0.05600994 0.4456081 -0.1537174
v 0.06724061 0.4950914 -0.1586515
v 0.05465668 0.4464316 -0.1505965
v 0.05600994 0.4456081 -0.1537174
v 0.05465668 0.4464316 -0.1505965
v 0.05669396 0.4464316 -0.1477505
v 0.0600845 0.4456081 -0.1480256
v 0.04957627 0.3910025 -0.1386495
v 0.05034283 0.3902324 -0.1419765
v 0.04781676 0.3902324 -0.1443993
v 0.05034283 0.3902324 -0.1419765
v 0.0445246 0.3910025 -0.1434951
v 0.0445246 0.3910025 -0.1434951
v 0.04375804 0.3917726 -0.1401681
v 0.05669396 0.4464316 -0.1477505
v 0.04628411 0.3917726 -0.1377453
v 0.04375804 0.3917726 -0.1401681
v 0.04957627 0.3910025 -0.1386495
v 0.04054246 0.3333358 -0.1275324
v 0.04081745 0.3325896 -0.1309408
v 0.04081745 0.3325896 -0.1309408
v 0.0379643 0.3325896 -0.132968
v 0.03483617 0.3333358 -0.1315867
v 0.03483617 0.3333358 -0.1315867
v 0.03456117 0.3340819 -0.1281783
v 0.03456117 0.3340819 -0.1281783
v 0.03741431 0.3340819 -0.1261512
v 0.04054246 0.3333358 -0.1275324
v 0.03315906 0.2756164 -0.1155252
v 0.03300997 0.2748808 -0.1189437
v 0.03300997 0.2748808 -0.1189437
v 0.02992719 0.2748808 -0.1206009
v 0.0269935 0.2756164 -0.1188394
v 0.0269935 0.2756164 -0.1188394
v 0.0271426 0.276352 -0.1154209
v 0.0271426 0.276352 -0.1154209
v 0.03022538 0.276352 -0.1137637
v 0.03315906 0.2756164 -0.1155252
v 0.02758105 0.2208527 -0.1035062
v 0.02703062 0.2201205 -0.1068844
v 0.02703062 0.2201205 -0.1068844
v 0.0237741 0.2201205 -0.1081668
v 0.02106803 0.2208527 -0.1060716
v 0.02106803 0.2208527 -0.1060716
v 0.02161845 0.2215849 -0.1026934
v 0.02161845 0.2215849 -0.1026934
v 0.02487498 0.2215849 -0.101411
v 0.02758105 0.2208527 -0.1035062
v 0.02394475 0.1720531 -0.09238866
v 0.02295152 0.1713187 -0.09566344
v 0.02295152 0.1713187 -0.09566344
v 0.01955379 0.1713187 -0.09650329
v 0.0237741 0.2201205 -0.1081668
v 0.01955379 0.1713187 -0.09650329
v 0.01714929 0.1720531 -0.09406833
v 0.01814251 0.1727875 -0.09079354
v 0.01814251 0.1727875 -0.09079354
v 0.02154024 0.1727875 -0.08995371
v 0.02758105 0.2208527 -0.1035062
v 0.02394475 0.1720531 -0.09238866
v 0.02154024 0.1727875 -0.08995371
v 0.02235305 0.132226 -0.08318481
v 0.02074362 0.1314737 -0.08620033
v 0.02074362 0.1314737 -0.08620033
v 0.01724747 0.1314737 -0.08636557
v 0.01724747 0.1314737 -0.08636557
v 0.01536074 0.132226 -0.08351528
v 0.01697017 0.1329783 -0.08049975
v 0.01697017 0.1329783 -0.08049975
v 0.02046632 0.1329783 -0.08033451
v 0.02046632 0.1329783 -0.08033451
v 0.02235305 0.132226 -0.08318481
v 0.02277577 0.1043797 -0.07679694
v 0.02040983 0.1035452 -0.07923752
v 0.02277577 0.1043797 -0.07679694
v 0.01700116 0.1035452 -0.0784428
v 0.01700116 0.1035452 -0.0784428
v 0.01595845 0.1043797 -0.0752075
v 0.0183244 0.1052141 -0.07276692
v 0.01595845 0.1043797 -0.0752075
v 0.02173306 0.1052141 -0.07356164
v 0.02173306 0.1052141 -0.07356164
v 0.02277577 0.1043797 -0.07679694
v 0.02476723 0.084566 -0.07164927
v 0.02197383 0.08357263 -0.07350934
v 0.01879966 0.08357263 -0.072035
v 0.01879966 0.08357263 -0.072035
v 0.01841888 0.084566 -0.0687006
v 0.01841888 0.084566 -0.0687006
v 0.02121227 0.08555937 -0.06684054
v 0.02438645 0.08555937 -0.06831487
v 0.02438645 0.08555937 -0.06831487
v 0.02476723 0.084566 -0.07164927
v 0.02781178 0.0668323 -0.06600092
v 0.02488697 0.06565118 -0.06751797
v 0.02187154 0.06565118 -0.0657415
v 0.02187154 0.06565118 -0.0657415
v 0.02178044 0.0668323 -0.06244801
v 0.02178044 0.0668323 -0.06244801
v 0.02470525 0.06801343 -0.06093096
v 0.02772068 0.06801343 -0.06270742
v 0.02772068 0.06801343 -0.06270742
v 0.02781178 0.0668323 -0.06600092
v 0.03163955 0.05117965 -0.05996313
v 0.02870421 0.04978001 -0.06125727
v 0.02577362 0.04978001 -0.05934371
v 0.02577362 0.04978001 -0.05934371
v 0.02577835 0.05117965 -0.05613554
v 0.02577835 0.05117965 -0.05613554
v 0.0287137 0.05257928 -0.05484141
v 0.03164428 0.05257928 -0.05675496
v 0.03164428 0.05257928 -0.05675496
v 0.03163955 0.05117965 -0.05996313
v 0.03598307 0.03760958 -0.05347763
v 0.03311951 0.03596425 -0.05463639
v 0.02870421 0.04978001 -0.06125727
v 0.02577362 0.04978001 -0.05934371
v 0.03311951 0.03596425 -0.05463639
v 0.03019969 0.03596425 -0.05270641
v 0.03019969 0.03596425 -0.05270641
v 0.03014345 0.03760958 -0.04961766
v 0.03014345 0.03760958 -0.04961766
v 0.03300701 0.0392549 -0.04845889
v 0.03592682 0.0392549 -0.05038887
v 0.03592682 0.0392549 -0.05038887
v 0.03598307 0.03760958 -0.05347763
v 0.04056469 0.02612352 -0.04646555
v 0.03783901 0.02420616 -0.04753589
v 0.03783901 0.02420616 -0.04753589
v 0.0348665 0.02420616 -0.04568847
v 0.0348665 0.02420616 -0.04568847
v 0.03461918 0.02612352 -0.04277074
v 0.03461918 0.02612352 -0.04277074
v 0.03734486 0.02804089 -0.0417004
v 0.03300701 0.0392549 -0.04845889
v 0.03592682 0.0392549 -0.05038887
v 0.03734486 0.02804089 -0.0417004
v 0.04031737 0.02804089 -0.04354781
v 0.04031737 0.02804089 -0.04354781
v 0.04056469 0.02612352 -0.04646555
v 0.04509978 0.01672268 -0.03883426
v 0.04257163 0.01451039 -0.03981587
v 0.04257163 0.01451039 -0.03981587
v 0.03949855 0.01451039 -0.03814102
v 0.03949855 0.01451039 -0.03814102
v 0.03895359 0.01672268 -0.03548408
v 0.03895359 0.01672268 -0.03548408
v 0.04148174 0.01893497 -0.03450247
v 0.04148174 0.01893497 -0.03450247
v 0.04455482 0.01893497 -0.03617731
v 0.04455482 0.01893497 -0.03617731
v 0.04509978 0.01672268 -0.03883426
v 0.04930086 0.009408593 -0.03048572
v 0.04701577 0.006893754 -0.03132497
v 0.04701577 0.006893754 -0.03132497
v 0.04381511 0.006893754 -0.02990898
v 0.04381511 0.006893754 -0.02990898
v 0.0428995 0.009408593 -0.02765327
v 0.0428995 0.009408593 -0.02765327
v 0.04518458 0.01192343 -0.02681401
v 0.04518458 0.01192343 -0.02681401
v 0.04838525 0.01192343 -0.02823
v 0.04838525 0.01192343 -0.02823
v 0.04930086 0.009408593 -0.03048572
v 0.05287478 0.004182458 -0.02132357
v 0.05084232 0.001396418 -0.02192153
v 0.05084232 0.001396418 -0.02192153
v 0.04751188 0.001396418 -0.02084514
v 0.04751188 0.001396418 -0.02084514
v 0.0462139 0.004182458 -0.01917082
v 0.0462139 0.004182458 -0.01917082
v 0.04824635 0.006968498 -0.01857286
v 0.04824635 0.006968498 -0.01857286
v 0.0515768 0.006968498 -0.01964924
v 0.0515768 0.006968498 -0.01964924
v 0.05287478 0.004182458 -0.02132357
v 0.05552688 0.001045823 -0.01126061
v 0.05369324 -0.001924038 -0.01152091
v 0.05369324 -0.001924038 -0.01152091
v 0.05025796 -0.001924038 -0.01085135
v 0.05025796 -0.001924038 -0.01085135
v 0.04865632 0.001045823 -0.009921506
v 0.04824635 0.006968498 -0.01857286
v 0.05048996 0.004015684 -0.009661201
v 0.05048996 0.004015684 -0.009661201
v 0.05392524 0.004015684 -0.01033076
v 0.05392524 0.004015684 -0.01033076
v 0.05552688 0.001045823 -0.01126061
v 0.05552688 0.001045823 -0.01126061
v 0.05369324 -0.001924038 -0.01152091
v 0.05696578 0 -0.0002435669
v 0.05520965 -0.003027439 -0.0002692454
v 0.05520965 -0.003027439 -0.0002692454
v 0.05171823 -0.003027439 -2.457574E-05
v 0.05171823 -0.003027439 -2.457574E-05
v 0.04998295 0 0.000245288
v 0.05173908 0.003027439 0.0002709664
v 0.05173908 0.003027439 0.0002709664
v 0.05523051 0.003027439 2.630055E-05
v 0.05523051 0.003027439 2.630055E-05
v 0.05696578 0 -0.0002435669
v 0.05707775 0 0.01070853
v 0.05533009 -0.003031135 0.01061567
v 0.05533009 -0.003031135 0.01061567
v 0.05183525 -0.003031135 0.01042997
v 0.05183525 -0.003031135 0.01042997
v 0.05008759 0 0.01033711
v 0.05183525 0.003031135 0.01042997
v 0.05183525 0.003031135 0.01042997
v 0.05533009 0.003031135 0.01061567
v 0.05533009 0.003031135 0.01061567
v 0.05707775 0 0.01070853
v 0.05591863 0 0.02059078
v 0.05420148 -0.003031135 0.02025339
v 0.05420148 -0.003031135 0.02025339
v 0.05076718 -0.003031135 0.01957861
v 0.05076718 -0.003031135 0.01957861
v 0.04905004 0 0.01924121
v 0.05076718 0.003031135 0.01957861
v 0.05076718 0.003031135 0.01957861
v 0.05420148 0.003031135 0.02025339
v 0.05420148 0.003031135 0.02025339
v 0.05591863 0 0.02059078
v 0.05344903 0 0.02944498
v 0.05181293 -0.003031135 0.02882336
v 0.05181293 -0.003031135 0.02882336
v 0.04854118 -0.003031135 0.02758063
v 0.04854118 -0.003031135 0.02758063
v 0.04690508 0 0.02695902
v 0.04854118 0.003031135 0.02758063
v 0.04854118 0.003031135 0.02758063
v 0.05181293 0.003031135 0.02882336
v 0.05181293 0.003031135 0.02882336
v 0.05344903 0 0.02944498
v 0.04963215 0 0.03724863
v 0.04814534 -0.003031135 0.0363253
v 0.04814534 -0.003031135 0.0363253
v 0.04517217 -0.003031135 0.03447913
v 0.04517217 -0.003031135 0.03447913
v 0.04368536 0 0.0335558
v 0.04517217 0.003031135 0.03447913
v 0.04517217 0.003031135 0.03447913
v 0.04814534 0.003031135 0.0363253
v 0.04814534 0.003031135 0.0363253
v 0.04963215 0 0.03724863
v 0.04446491 0 0.04394889
v 0.04319601 -0.003031135 0.04274382
v 0.04319601 -0.003031135 0.04274382
v 0.04065823 -0.003031135 0.04033321
v 0.04065823 -0.003031135 0.04033321
v 0.03938933 0 0.03912814
v 0.04065823 0.003031135 0.04033321
v 0.04065823 0.003031135 0.04033321
v 0.04319601 0.003031135 0.04274382
v 0.04319601 0.003031135 0.04274382
v 0.04446491 0 0.04394889
v 0.03799302 0 0.04949559
v 0.03698678 -0.003031135 0.04806383
v 0.03698678 -0.003031135 0.04806383
v 0.03497433 -0.003031135 0.0452003
v 0.04065823 -0.003031135 0.04033321
v 0.03938933 0 0.03912814
v 0.03497433 -0.003031135 0.0452003
v 0.0339681 0 0.04376854
v 0.03938933 0 0.03912814
v 0.04065823 0.003031135 0.04033321
v 0.0339681 0 0.04376854
v 0.03497433 0.003031135 0.0452003
v 0.03497433 0.003031135 0.0452003
v 0.03698678 0.003031135 0.04806383
v 0.03698678 0.003031135 0.04806383
v 0.03799302 0 0.04949559
v 0.03028889 0 0.05387999
v 0.02955294 -0.003031135 0.05229248
v 0.02955294 -0.003031135 0.05229248
v 0.02808057 -0.003031135 0.04911695
v 0.02808057 -0.003031135 0.04911695
v 0.02734461 0 0.04752943
v 0.02734461 0 0.04752943
v 0.02808057 0.003031135 0.04911695
v 0.02808057 0.003031135 0.04911695
v 0.02955294 0.003031135 0.05229248
v 0.03698678 0.003031135 0.04806383
v 0.03799302 0 0.04949559
v 0.02955294 0.003031135 0.05229248
v 0.03028889 0 0.05387999
v 0.03028889 0 0.05387999
v 0.02955294 -0.003031135 0.05229248
v 0.02141095 0 0.05713839
v 0.02092218 -0.003031135 0.05545788
v 0.02092218 -0.003031135 0.05545788
v 0.01994462 -0.003031135 0.05209736
v 0.01994462 -0.003031135 0.05209736
v 0.01945585 0 0.05041685
v 0.01945585 0 0.05041685
v 0.01994462 0.003031135 0.05209736
v 0.01994462 0.003031135 0.05209736
v 0.02092218 0.003031135 0.05545788
v 0.02092218 0.003031135 0.05545788
v 0.02141095 0 0.05713839
v 0.01138548 0 0.05932815
v 0.01110695 -0.003031135 0.0576004
v 0.01110695 -0.003031135 0.0576004
v 0.01055037 -0.003031135 0.05414491
v 0.01055037 -0.003031135 0.05414491
v 0.01027185 0 0.05241716
v 0.01027185 0 0.05241716
v 0.01055037 0.003031135 0.05414491
v 0.01055037 0.003031135 0.05414491
v 0.01110695 0.003031135 0.0576004
v 0.01110695 0.003031135 0.0576004
v 0.01138548 0 0.05932815
v 0.00018462 0 0.06050612
v 5.691871E-05 -0.003030896 0.05876043
v 5.691871E-05 -0.003030896 0.05876043
v -0.0001272222 -0.003030896 0.05526528
v -0.0001272222 -0.003030896 0.05526528
v -0.0001836657 0 0.05351581
v -0.0001836657 0 0.05351581
v -5.596061E-05 0.003030896 0.0552615
v -5.596061E-05 0.003030896 0.0552615
v 0.0001281803 0.003030896 0.05875666
v 0.0001281803 0.003030896 0.05875666
v 0.00018462 0 0.06050612
v -0.01173069 0.0002713203 0.06051074
v -0.01176402 -0.002756953 0.05875626
v -0.01176402 -0.002756953 0.05875626
v -0.01156758 -0.002756953 0.05526162
v -0.01156758 -0.002756953 0.05526162
v -0.01133785 0.0002713203 0.05352194
v -0.01133785 0.0002713203 0.05352194
v -0.01130452 0.003299594 0.05527642
v -0.01130452 0.003299594 0.05527642
v -0.01150095 0.003299594 0.05877106
v -0.01150095 0.003299594 0.05877106
v -0.01173069 0.0002713203 0.06051074
v -0.02366693 0.001007557 0.05915844
v -0.02360558 -0.00201416 0.05739351
v -0.02360558 -0.00201416 0.05739351
v -0.02301417 -0.00201416 0.05394387
v -0.02301417 -0.00201416 0.05394387
v -0.02248411 0.001007557 0.05225918
v -0.02248411 0.001007557 0.05225918
v -0.02254546 0.004029274 0.05402411
v -0.02254546 0.004029274 0.05402411
v -0.02313687 0.004029274 0.05747375
v -0.02313687 0.004029274 0.05747375
v -0.02366693 0.001007557 0.05915844
v -0.03534165 0.002092719 0.05646244
v -0.03514941 -0.0009218454 0.05469451
v -0.03514941 -0.0009218454 0.05469451
v -0.03415899 -0.0009218454 0.05133752
v -0.03415899 -0.0009218454 0.05133752
v -0.03336082 0.002092719 0.04974848
v -0.03336082 0.002092719 0.04974848
v -0.03355306 0.005107284 0.05151642
v -0.03355306 0.005107284 0.05151642
v -0.03454347 0.005107284 0.0548734
v -0.03454347 0.005107284 0.0548734
v -0.03534165 0.002092719 0.05646244
v -0.04649238 0.003410339 0.05242914
v -0.04612714 0.0004016161 0.05067854
v -0.04612714 0.0004016161 0.05067854
v -0.04472411 0.0004016161 0.04747227
v -0.04472411 0.0004016161 0.04747227
v -0.04368582 0.003410339 0.04601617
v -0.04368582 0.003410339 0.04601617
v -0.04405107 0.006419063 0.04776677
v -0.04405107 0.006419063 0.04776677
v -0.0454541 0.006419063 0.05097304
v -0.0454541 0.006419063 0.05097304
v -0.04649238 0.003410339 0.05242914
v -0.05685209 0.004844189 0.04705779
v -0.05626766 0.001838446 0.04536242
v -0.05626766 0.001838446 0.04536242
v -0.05443266 0.001838446 0.04238212
v -0.05443266 0.001838446 0.04238212
v -0.05318207 0.004844189 0.04109718
v -0.05318207 0.004844189 0.04109718
v -0.0537665 0.007849932 0.04279254
v -0.0537665 0.007849932 0.04279254
v -0.0556015 0.007849932 0.04577285
v -0.0556015 0.007849932 0.04577285
v -0.05685209 0.004844189 0.04705779
v -0.06614343 0.006278038 0.04034108
v -0.06529441 0.003271461 0.03876342
v -0.06529441 0.003271461 0.03876342
v -0.06301337 0.003271461 0.0361089
v -0.06301337 0.003271461 0.0361089
v -0.06158136 0.006278038 0.03503206
v -0.06158136 0.006278038 0.03503206
v -0.06243037 0.009284616 0.03660972
v -0.06243037 0.009284616 0.03660972
v -0.06471141 0.009284616 0.03926422
v -0.06471141 0.009284616 0.03926422
v -0.06614343 0.006278038 0.04034108
v -0.06614343 0.006278038 0.04034108
v -0.06529441 0.003271461 0.03876342
v -0.07407165 0.007595658 0.03227124
v -0.07292746 0.004583836 0.03090393
v -0.07292746 0.004583836 0.03090393
v -0.07020905 0.004583836 0.02869943
v -0.07020905 0.004583836 0.02869943
v -0.06863482 0.007595658 0.02786222
v -0.06863482 0.007595658 0.02786222
v -0.06977899 0.01060748 0.02922954
v -0.06977899 0.01060748 0.02922954
v -0.07249741 0.01060748 0.03143405
v -0.07249741 0.01060748 0.03143405
v -0.07407165 0.007595658 0.03227124
v -0.08031985 0.00868082 0.02285454
v -0.0788884 0.005660772 0.0218149
v -0.0788884 0.005660772 0.0218149
v -0.07578583 0.005660772 0.02019495
v -0.07020905 0.004583836 0.02869943
v -0.06863482 0.007595658 0.02786222
v -0.07578583 0.005660772 0.02019495
v -0.07411471 0.00868082 0.01961464
v -0.07411471 0.00868082 0.01961464
v -0.07554617 0.01170087 0.02065429
v -0.07554617 0.01170087 0.02065429
v -0.07864874 0.01170087 0.02227425
v -0.07407165 0.007595658 0.03227124
v -0.08031985 0.00868082 0.02285454
v -0.08455784 0.009417057 0.01213217
v -0.08290701 0.00638926 0.01153433
v -0.08290701 0.00638926 0.01153433
v -0.07953168 0.00638926 0.01060916
v -0.07953168 0.00638926 0.01060916
v -0.0778067 0.009417057 0.01028184
v -0.07411471 0.00868082 0.01961464
v -0.07554617 0.01170087 0.02065429
v -0.0778067 0.009417057 0.01028184
v -0.07945754 0.01244485 0.01087968
v -0.07945754 0.01244485 0.01087968
v -0.08283287 0.01244485 0.01180485
v -0.08455784 0.009417057 0.01213217
v -0.08647202 0.009688377 0.0001677349
v -0.08472403 0.006657243 8.331239E-05
v -0.08472403 0.006657243 8.331239E-05
v -0.08122791 0.006657243 -8.360296E-05
v -0.08122791 0.006657243 -8.360296E-05
v -0.07947975 0.009688377 -0.0001665875
v -0.07947975 0.009688377 -0.0001665875
v -0.08122773 0.01271951 -8.2165E-05
v -0.08122773 0.01271951 -8.2165E-05
v -0.08472385 0.01271951 8.475035E-05
v -0.08647202 0.009688377 0.0001677349
v -0.08569197 0.009417057 -0.01215888
v -0.08399145 0.006388903 -0.01172386
v -0.08399145 0.006388903 -0.01172386
v -0.08054459 0.006388903 -0.01111705
v -0.08054459 0.006388903 -0.01111705
v -0.07879777 0.009417057 -0.01094524
v -0.07879777 0.009417057 -0.01094524
v -0.08049829 0.01244521 -0.01138026
v -0.08049829 0.01244521 -0.01138026
v -0.08394515 0.01244521 -0.01198707
v -0.08472385 0.01271951 8.475035E-05
v -0.08647202 0.009688377 0.0001677349
v -0.08394515 0.01244521 -0.01198707
v -0.08647202 0.009688377 0.0001677349
v -0.08569197 0.009417057 -0.01215888
v -0.08394515 0.01244521 -0.01198707
v -0.08226435 0.00868082 -0.02385143
v -0.08073231 0.005659223 -0.02297207
v -0.08073231 0.005659223 -0.02297207
v -0.07748855 0.005659223 -0.0216577
v -0.07748855 0.005659223 -0.0216577
v -0.07577683 0.00868082 -0.02122223
v -0.07577683 0.00868082 -0.02122223
v -0.07730887 0.01170242 -0.02210159
v -0.08049829 0.01244521 -0.01138026
v -0.08394515 0.01244521 -0.01198707
v -0.07730887 0.01170242 -0.02210159
v -0.08055264 0.01170242 -0.02341596
v -0.08055264 0.01170242 -0.02341596
v -0.08226435 0.00868082 -0.02385143
v -0.07655101 0.007595658 -0.03470877
v -0.07524587 0.004580259 -0.03350269
v -0.07524587 0.004580259 -0.03350269
v -0.07230231 0.004580259 -0.03160954
v -0.07748855 0.005659223 -0.0216577
v -0.07577683 0.00868082 -0.02122223
v -0.07230231 0.004580259 -0.03160954
v -0.07066339 0.007595658 -0.03092243
v -0.07066339 0.007595658 -0.03092243
v -0.07196852 0.01061106 -0.0321285
v -0.07730887 0.01170242 -0.02210159
v -0.07196852 0.01061106 -0.0321285
v -0.07491209 0.01061106 -0.03402165
v -0.07655101 0.007595658 -0.03470877
v -0.06890758 0.006278038 -0.04459411
v -0.06783865 0.003266454 -0.04316647
v -0.06783865 0.003266454 -0.04316647
v -0.06524044 0.003266454 -0.04082164
v -0.06524044 0.003266454 -0.04082164
v -0.06371117 0.006278038 -0.03990397
v -0.06371117 0.006278038 -0.03990397
v -0.06478009 0.009289622 -0.04133161
v -0.06478009 0.009289622 -0.04133161
v -0.0673783 0.009289622 -0.04367644
v -0.06890758 0.006278038 -0.04459411
v -0.06890758 0.006278038 -0.04459411
v -0.06783865 0.003266454 -0.04316647
v -0.0596676 0.004844189 -0.05339178
v -0.05881828 0.00183332 -0.0518223
v -0.05881828 0.00183332 -0.0518223
v -0.05658266 0.00183332 -0.04912958
v -0.05658266 0.00183332 -0.04912958
v -0.05519588 0.004844189 -0.04800631
v -0.05519588 0.004844189 -0.04800631
v -0.0560452 0.007855058 -0.04957579
v -0.0560452 0.007855058 -0.04957579
v -0.05828083 0.007855058 -0.05226852
v -0.0596676 0.004844189 -0.05339178
v -0.04914403 0.003410339 -0.06098783
v -0.04849035 0.0003972054 -0.05933137
v -0.04849035 0.0003972054 -0.05933137
v -0.04662482 0.0003972054 -0.05637005
v -0.04662482 0.0003972054 -0.05637005
v -0.04541297 0.003410339 -0.05506518
v -0.04541297 0.003410339 -0.05506518
v -0.04606665 0.006423473 -0.05672164
v -0.04606665 0.006423473 -0.05672164
v -0.04793218 0.006423473 -0.05968297
v -0.04914403 0.003410339 -0.06098783
v -0.03763862 0.002092719 -0.06726217
v -0.0371559 -0.0009248257 -0.0655559
v -0.0371559 -0.0009248257 -0.0655559
v -0.0356716 -0.0009248257 -0.06238633
v -0.0356716 -0.0009248257 -0.06238633
v -0.03467 0.002092719 -0.06092301
v -0.03467 0.002092719 -0.06092301
v -0.0351527 0.005110264 -0.06262928
v -0.0351527 0.005110264 -0.06262928
v -0.03663702 0.005110264 -0.06579885
v -0.03763862 0.002092719 -0.06726217
v -0.02544575 0.001007557 -0.07208745
v -0.02511227 -0.00201571 -0.07035555
v -0.02511227 -0.00201571 -0.07035555
v -0.02403032 -0.00201571 -0.06702702
v -0.02403032 -0.00201571 -0.06702702
v -0.02328138 0.001007557 -0.06543039
v -0.02328138 0.001007557 -0.06543039
v -0.02361485 0.004030824 -0.06716229
v -0.02361485 0.004030824 -0.06716229
v -0.0246968 0.004030824 -0.07049081
v -0.02544575 0.001007557 -0.07208745
v -0.01285473 0.0002713203 -0.07532685
v -0.01265317 -0.002757311 -0.07358434
v -0.01265317 -0.002757311 -0.07358434
v -0.01200936 -0.002757311 -0.07014392
v -0.01200936 -0.002757311 -0.07014392
v -0.0115671 0.0002713203 -0.06844646
v -0.0115671 0.0002713203 -0.06844646
v -0.01176867 0.003299952 -0.07018896
v -0.01176867 0.003299952 -0.07018896
v -0.01241248 0.003299952 -0.07362939
v -0.01285473 0.0002713203 -0.07532685
v -0.0001385577 0 -0.0768345
v -0.0001031375 -0.003030896 -0.07508446
v -0.0001031375 -0.003030896 -0.07508446
v 3.48594E-05 -0.003030896 -0.07158714
v 3.48594E-05 -0.003030896 -0.07158714
v 0.0001374434 0 -0.06983985
v 0.0001374434 0 -0.06983985
v 0.0001020303 0.003030896 -0.07158989
v 0.0001020303 0.003030896 -0.07158989
v -3.597396E-05 0.003030896 -0.07508721
v -0.0001385577 0 -0.0768345
v 0.01241633 0 -0.07633886
v 0.01220056 -0.003031135 -0.07460219
v 0.01220056 -0.003031135 -0.07460219
v 0.01176948 -0.003031135 -0.07112882
v 0.01176948 -0.003031135 -0.07112882
v 0.0115537 0 -0.06939215
v 0.0001374434 0 -0.06983985
v 0.0115537 0 -0.06939215
v 0.01176948 0.003031135 -0.07112882
v 0.01220056 0.003031135 -0.07460219
v 0.01241633 0 -0.07633886
v 0.02453996 0 -0.07378487
v 0.02404217 -0.003031135 -0.0721072
v 0.02404217 -0.003031135 -0.0721072
v 0.02304657 -0.003031135 -0.06875186
v 0.02304657 -0.003031135 -0.06875186
v 0.02254877 0 -0.0670742
v 0.02254877 0 -0.0670742
v 0.02304657 0.003031135 -0.06875186
v 0.02404217 0.003031135 -0.0721072
v 0.02453996 0 -0.07378487
v 0.0360048 0 -0.06935052
v 0.03524882 -0.003031135 -0.06777216
v 0.03524882 -0.003031135 -0.06777216
v 0.03373685 -0.003031135 -0.06461546
v 0.03373685 -0.003031135 -0.06461546
v 0.03298087 0 -0.06303709
v 0.03298087 0 -0.06303709
v 0.03373685 0.003031135 -0.06461546
v 0.03524882 0.003031135 -0.06777216
v 0.0360048 0 -0.06935052
v 0.0360048 0 -0.06935052
v 0.03524882 -0.003031135 -0.06777216
v 0.04662146 0 -0.06321296
v 0.04563423 -0.003031135 -0.06176813
v 0.04563423 -0.003031135 -0.06176813
v 0.04365927 -0.003031135 -0.05887849
v 0.04365927 -0.003031135 -0.05887849
v 0.04267203 0 -0.05743366
v 0.04267203 0 -0.05743366
v 0.04365927 0.003031135 -0.05887849
v 0.04563423 0.003031135 -0.06176813
v 0.03524882 0.003031135 -0.06777216
v 0.0360048 0 -0.06935052
v 0.04563423 0.003031135 -0.06176813
v 0.04662146 0 -0.06321296
v 0.05620542 0 -0.05554581
v 0.05501369 -0.003031135 -0.05426444
v 0.05501369 -0.003031135 -0.05426444
v 0.05263019 -0.003031135 -0.05170121
v 0.04365927 -0.003031135 -0.05887849
v 0.04267203 0 -0.05743366
v 0.05263019 -0.003031135 -0.05170121
v 0.05143845 0 -0.05041983
v 0.05143845 0 -0.05041983
v 0.05263019 0.003031135 -0.05170121
v 0.05501369 0.003031135 -0.05426444
v 0.05501369 0.003031135 -0.05426444
v 0.05620542 0 -0.05554581
v 0.0645715 0 -0.04651794
v 0.06320287 -0.003031135 -0.04542752
v 0.06320287 -0.003031135 -0.04542752
v 0.06046514 -0.003031135 -0.04324672
v 0.06046514 -0.003031135 -0.04324672
v 0.05909652 0 -0.0421563
v 0.05909652 0 -0.0421563
v 0.06046514 0.003031135 -0.04324672
v 0.06320287 0.003031135 -0.04542752
v 0.06320287 0.003031135 -0.04542752
v 0.0645715 0 -0.04651794
v 0.0715339 0 -0.03629515
v 0.07001672 -0.003031135 -0.0354234
v 0.07001672 -0.003031135 -0.0354234
v 0.06698185 -0.003031135 -0.03367947
v 0.06698185 -0.003031135 -0.03367947
v 0.06546468 0 -0.03280773
v 0.06546468 0 -0.03280773
v 0.06046514 0.003031135 -0.04324672
v 0.06698185 0.003031135 -0.03367947
v 0.06546468 0 -0.03280773
v 0.06698185 0.003031135 -0.03367947
v 0.07001672 0.003031135 -0.0354234
v 0.07001672 0.003031135 -0.0354234
v 0.0715339 0 -0.03629515
v 0.0769011 0 -0.0250432
v 0.07526699 -0.003031135 -0.02441677
v 0.07526699 -0.003031135 -0.02441677
v 0.07199924 -0.003031135 -0.02316339
v 0.07199924 -0.003031135 -0.02316339
v 0.07036513 0 -0.02253696
v 0.07036513 0 -0.02253696
v 0.07199924 0.003031135 -0.02316339
v 0.07526699 0.003031135 -0.02441677
v 0.07526699 0.003031135 -0.02441677
v 0.0769011 0 -0.0250432
v 0.08047818 0 -0.0129321
v 0.07876512 -0.003031135 -0.01257519
v 0.07876512 -0.003031135 -0.01257519
v 0.07533851 -0.003031135 -0.01186089
v 0.07533851 -0.003031135 -0.01186089
v 0.07362545 0 -0.01150398
v 0.07362545 0 -0.01150398
v 0.07533851 0.003031135 -0.01186089
v 0.07876512 0.003031135 -0.01257519
v 0.07876512 0.003031135 -0.01257519
v 0.08047818 0 -0.0129321
v 0.08206879 0 -0.0001263842
v 0.08031977 -0.003031135 -6.324798E-05
v 0.08031977 -0.003031135 -6.324798E-05
v 0.07682223 -0.003031135 6.257743E-05
v 0.07682223 -0.003031135 6.257743E-05
v 0.07507321 0 0.0001257136
v 0.07507321 0 0.0001257136
v 0.07682223 0.003031135 6.257743E-05
v 0.08031977 0.003031135 -6.324798E-05
v 0.08031977 0.003031135 -6.324798E-05
v 0.08206879 0 -0.0001263842
v 0.08140193 0 0.0127415
v 0.07966974 -0.003031135 0.01249202
v 0.07966974 -0.003031135 0.01249202
v 0.07620533 -0.003031135 0.01199354
v 0.07620533 -0.003031135 0.01199354
v 0.07447314 0 0.01174407
v 0.07447314 0 0.01174407
v 0.07620533 0.003031135 0.01199354
v 0.07966974 0.003031135 0.01249202
v 0.07966974 0.003031135 0.01249202
v 0.08140193 0 0.0127415
v 0.07847743 0 0.0250039
v 0.07681704 -0.003031135 0.02445121
v 0.07681704 -0.003031135 0.02445121
v 0.07349627 -0.003031135 0.02334535
v 0.07349627 -0.003031135 0.02334535
v 0.07183587 0 0.02279266
v 0.07183587 0 0.02279266
v 0.07349627 0.003031135 0.02334535
v 0.07681704 0.003031135 0.02445121
v 0.07681704 0.003031135 0.02445121
v 0.07847743 0 0.0250039
v 0.07847743 0 0.0250039
v 0.07681704 -0.003031135 0.02445121
v 0.07351817 0 0.03646161
v 0.07197484 -0.003031135 0.03563667
v 0.07197484 -0.003031135 0.03563667
v 0.06888819 -0.003031135 0.03398678
v 0.06888819 -0.003031135 0.03398678
v 0.06734486 0 0.03316184
v 0.06734486 0 0.03316184
v 0.06888819 0.003031135 0.03398678
v 0.07197484 0.003031135 0.03563667
v 0.07197484 0.003031135 0.03563667
v 0.07351817 0 0.03646161
v 0.06675017 0 0.04695015
v 0.06535795 -0.003031135 0.0458899
v 0.06535795 -0.003031135 0.0458899
v 0.06257352 -0.003031135 0.0437694
v 0.06257352 -0.003031135 0.0437694
v 0.0611813 0 0.04270914
v 0.0611813 0 0.04270914
v 0.06257352 0.003031135 0.0437694
v 0.06535795 0.003031135 0.0458899
v 0.06535795 0.003031135 0.0458899
v 0.06675017 0 0.04695015
v 0.05839351 0 0.05631553
v 0.05717786 -0.003031135 0.05505681
v 0.05717786 -0.003031135 0.05505681
v 0.0547466 -0.003031135 0.05253888
v 0.06257352 -0.003031135 0.0437694
v 0.0611813 0 0.04270914
v 0.0547466 -0.003031135 0.05253888
v 0.05353095 0 0.05128014
v 0.05353095 0 0.05128014
v 0.0547466 0.003031135 0.05253888
v 0.05717786 0.003031135 0.05505681
v 0.06535795 0.003031135 0.0458899
v 0.06675017 0 0.04695015
v 0.05717786 0.003031135 0.05505681
v 0.05839351 0 0.05631553
v 0.04866239 0 0.06440806
v 0.04764339 -0.003031135 0.06298509
v 0.04764339 -0.003031135 0.06298509
v 0.04560586 -0.003031135 0.06013963
v 0.04560586 -0.003031135 0.06013963
v 0.04458686 0 0.05871665
v 0.04458686 0 0.05871665
v 0.04560586 0.003031135 0.06013963
v 0.04764339 0.003031135 0.06298509
v 0.04764339 0.003031135 0.06298509
v 0.04866239 0 0.06440806
v 0.03776458 0 0.07107756
v 0.03696045 -0.003031135 0.06952328
v 0.03696045 -0.003031135 0.06952328
v 0.0353522 -0.003031135 0.06641474
v 0.0353522 -0.003031135 0.06641474
v 0.03454807 0 0.06486048
v 0.03454807 0 0.06486048
v 0.0353522 0.003031135 0.06641474
v 0.03696045 0.003031135 0.06952328
v 0.03696045 0.003031135 0.06952328
v 0.03776458 0 0.07107756
v 0.02590481 0 0.07617177
v 0.02533287 -0.003031135 0.07451794
v 0.02533287 -0.003031135 0.07451794
v 0.02418851 -0.003031135 0.07121024
v 0.02418851 -0.003031135 0.07121024
v 0.02361656 0 0.06955641
v 0.02361656 0 0.06955641
v 0.02418851 0.003031135 0.07121024
v 0.02533287 0.003031135 0.07451794
v 0.02533287 0.003031135 0.07451794
v 0.02590481 0 0.07617177
v 0.01328687 0 0.07953295
v 0.01296389 -0.003031135 0.07781292
v 0.01296389 -0.003031135 0.07781292
v 0.01231742 -0.003031135 0.07437334
v 0.01231742 -0.003031135 0.07437334
v 0.01199443 0 0.07265332
v 0.01199443 0 0.07265332
v 0.01231742 0.003031135 0.07437334
v 0.01296389 0.003031135 0.07781292
v 0.01296389 0.003031135 0.07781292
v 0.01328687 0 0.07953295
v 0.0001082071 0 0.08100095
v 5.413825E-05 -0.003031135 0.07925183
v 5.413825E-05 -0.003031135 0.07925183
v -5.399901E-05 -0.003031135 0.07575357
v -5.399901E-05 -0.003031135 0.07575357
v -0.0001080679 0 0.07400445
v -0.0001080679 0 0.07400445
v -5.399901E-05 0.003031135 0.07575357
v 5.413825E-05 0.003031135 0.07925183
v 5.413825E-05 0.003031135 0.07925183
v 0.0001082071 0 0.08100095
v -0.01305387 0 0.08035095
v -0.01282125 -0.003031135 0.07861663
v -0.01282125 -0.003031135 0.07861663
v -0.01235598 -0.003031135 0.07514753
v -0.01235598 -0.003031135 0.07514753
v -0.01212336 0 0.07341321
v -0.01212336 0 0.07341321
v -0.01235598 0.003031135 0.07514753
v -0.01282125 0.003031135 0.07861663
v -0.01282125 0.003031135 0.07861663
v -0.01305387 0 0.08035095
v -0.02561335 0 0.07757823
v -0.02509692 -0.003031135 0.07590611
v -0.02509692 -0.003031135 0.07590611
v -0.02406408 -0.003031135 0.07256183
v -0.02406408 -0.003031135 0.07256183
v -0.02354765 0 0.0708897
v -0.02354765 0 0.0708897
v -0.02406408 0.003031135 0.07256183
v -0.02509692 0.003031135 0.07590611
v -0.02509692 0.003031135 0.07590611
v -0.02561335 0 0.07757823
v -0.02561335 0 0.07757823
v -0.02509692 -0.003031135 0.07590611
v -0.03737243 0 0.07285841
v -0.03659307 -0.003031135 0.07129174
v -0.03659307 -0.003031135 0.07129174
v -0.03503383 -0.003031135 0.06815796
v -0.03503383 -0.003031135 0.06815796
v -0.03425447 0 0.06659129
v -0.03425447 0 0.06659129
v -0.03503383 0.003031135 0.06815796
v -0.03659307 0.003031135 0.07129174
v -0.03659307 0.003031135 0.07129174
v -0.03737243 0 0.07285841
v -0.04815802 0 0.06637011
v -0.04714201 -0.003031135 0.0649453
v -0.04714201 -0.003031135 0.0649453
v -0.04510952 -0.003031135 0.06209571
v -0.03503383 -0.003031135 0.06815796
v -0.03425447 0 0.06659129
v -0.04510952 -0.003031135 0.06209571
v -0.04409351 0 0.06067091
v -0.03425447 0 0.06659129
v -0.03503383 0.003031135 0.06815796
v -0.04409351 0 0.06067091
v -0.04510952 0.003031135 0.06209571
v -0.04510952 0.003031135 0.06209571
v -0.04714201 0.003031135 0.0649453
v -0.03737243 0 0.07285841
v -0.04815802 0 0.06637011
v -0.05780125 0 0.05829035
v -0.05657803 -0.003031135 0.05703866
v -0.05657803 -0.003031135 0.05703866
v -0.05413162 -0.003031135 0.05453574
v -0.05413162 -0.003031135 0.05453574
v -0.05290841 0 0.05328405
v -0.05290841 0 0.05328405
v -0.05413162 0.003031135 0.05453574
v -0.05413162 0.003031135 0.05453574
v -0.05657803 0.003031135 0.05703866
v -0.05780125 0 0.05829035
v -0.06613696 0 0.04879364
v -0.0647382 -0.003031135 0.0477424
v -0.0647382 -0.003031135 0.0477424
v -0.06194017 -0.003031135 0.04563946
v -0.06194017 -0.003031135 0.04563946
v -0.06054141 0 0.0445882
v -0.06054141 0 0.0445882
v -0.06194017 0.003031135 0.04563946
v -0.06194017 0.003031135 0.04563946
v -0.0647382 0.003031135 0.0477424
v -0.06613696 0 0.04879364
v -0.07300065 0 0.03805302
v -0.0714588 -0.003031135 0.03722548
v -0.0714588 -0.003031135 0.03722548
v -0.06837459 -0.003031135 0.03557041
v -0.06837459 -0.003031135 0.03557041
v -0.06683272 0 0.03474288
v -0.06683272 0 0.03474288
v -0.06837459 0.003031135 0.03557041
v -0.06837459 0.003031135 0.03557041
v -0.0714588 0.003031135 0.03722548
v -0.07300065 0 0.03805302
v -0.0782254 0 0.02623994
v -0.07657517 -0.003031135 0.02565711
v -0.07657517 -0.003031135 0.02565711
v -0.07327521 -0.003031135 0.02449144
v -0.07327521 -0.003031135 0.02449144
v -0.07162499 0 0.02390861
v -0.07162499 0 0.02390861
v -0.07327521 0.003031135 0.02449144
v -0.07327521 0.003031135 0.02449144
v -0.07657517 0.003031135 0.02565711
v -0.0782254 0 0.02623994
v -0.08164316 0 0.01352926
v -0.07992296 -0.003031135 0.01320771
v -0.07992296 -0.003031135 0.01320771
v -0.07648253 -0.003031135 0.01256415
v -0.07648253 -0.003031135 0.01256415
v -0.07476233 0 0.01224259
v -0.07476233 0 0.01224259
v -0.07648253 0.003031135 0.01256415
v -0.07648253 0.003031135 0.01256415
v -0.07992296 0.003031135 0.01320771
v -0.08164316 0 0.01352926
v -0.08308611 0 9.366125E-05
v -0.08133679 -0.003031135 4.629046E-05
v -0.08133679 -0.003031135 4.629046E-05
v -0.07783814 -0.003031135 -4.799664E-05
v -0.07783814 -0.003031135 -4.799664E-05
v -0.07608881 0 -9.537488E-05
v -0.07608881 0 -9.537488E-05
v -0.07783814 0.003031135 -4.799664E-05
v -0.07783814 0.003031135 -4.799664E-05
v -0.08133679 0.003031135 4.629046E-05
v -0.08308611 0 9.366125E-05
v -0.08235756 0 -0.01363025
v -0.08062262 -0.003031135 -0.01340118
v -0.08062262 -0.003031135 -0.01340118
v -0.07715275 -0.003031135 -0.01294304
v -0.07715275 -0.003031135 -0.01294304
v -0.07541782 0 -0.01271398
v -0.07541782 0 -0.01271398
v -0.07715275 0.003031135 -0.01294304
v -0.07715275 0.003031135 -0.01294304
v -0.08062262 0.003031135 -0.01340118
v -0.08235756 0 -0.01363025
v -0.07949224 0 -0.02711917
v -0.07781155 -0.003031135 -0.02663103
v -0.07781155 -0.003031135 -0.02663103
v -0.07445066 -0.003031135 -0.02565478
v -0.07445066 -0.003031135 -0.02565478
v -0.07276997 0 -0.02516664
v -0.07276997 0 -0.02516664
v -0.07445066 0.003031135 -0.02565478
v -0.07445066 0.003031135 -0.02565478
v -0.07781155 0.003031135 -0.02663103
v -0.07949224 0 -0.02711917
v -0.07467069 0 -0.04008938
v -0.07307717 -0.003031135 -0.03936571
v -0.07467069 0 -0.04008938
v -0.06989062 -0.003031135 -0.03791838
v -0.07445066 -0.003031135 -0.02565478
v -0.07276997 0 -0.02516664
v -0.06989062 -0.003031135 -0.03791838
v -0.0682971 0 -0.03719471
v -0.0682971 0 -0.03719471
v -0.06989062 0.003031135 -0.03791838
v -0.06989062 0.003031135 -0.03791838
v -0.07307717 0.003031135 -0.03936571
v -0.07467069 0 -0.04008938
v -0.06806624 0 -0.05227545
v -0.06658937 -0.003031135 -0.05133653
v -0.06363563 -0.003031135 -0.0494587
v -0.06363563 -0.003031135 -0.0494587
v -0.06215877 0 -0.04851979
v -0.06215877 0 -0.04851979
v -0.06363563 0.003031135 -0.0494587
v -0.06363563 0.003031135 -0.0494587
v -0.06658937 0.003031135 -0.05133653
v -0.06806624 0 -0.05227545
v -0.0598446 0 -0.06341211
v -0.05851397 -0.003031135 -0.06227539
v -0.0558532 -0.003031135 -0.0600015
v -0.0558532 -0.003031135 -0.0600015
v -0.05452257 0 -0.05886478
v -0.05452257 0 -0.05886478
v -0.0558532 0.003031135 -0.0600015
v -0.0558532 0.003031135 -0.0600015
v -0.05851397 0.003031135 -0.06227539
v -0.0598446 0 -0.06341211
v -0.05016521 0 -0.07322909
v -0.04901429 -0.003031135 -0.07191073
v -0.0467129 -0.003031135 -0.06927402
v -0.0467129 -0.003031135 -0.06927402
v -0.04556197 0 -0.06795566
v -0.04556197 0 -0.06795566
v -0.0467129 0.003031135 -0.06927402
v -0.0467129 0.003031135 -0.06927402
v -0.04901429 0.003031135 -0.07191073
v -0.05016521 0 -0.07322909
v -0.03918472 0 -0.08144956
v -0.03825184 -0.003031135 -0.07996877
v -0.03638605 -0.003031135 -0.07700768
v -0.03638605 -0.003031135 -0.07700768
v -0.03545317 0 -0.07552689
v -0.04556197 0 -0.06795566
v -0.0467129 0.003031135 -0.06927402
v -0.03545317 0 -0.07552689
v -0.03638605 0.003031135 -0.07700768
v -0.03638605 0.003031135 -0.07700768
v -0.03825184 0.003031135 -0.07996877
v -0.03918472 0 -0.08144956
v -0.02706114 0 -0.0877855
v -0.02638862 -0.003031135 -0.08616979
v -0.02504355 -0.003031135 -0.08293885
v -0.02504355 -0.003031135 -0.08293885
v -0.02437102 0 -0.08132315
v -0.02437102 0 -0.08132315
v -0.02504355 0.003031135 -0.08293885
v -0.02504355 0.003031135 -0.08293885
v -0.02638862 0.003031135 -0.08616979
v -0.02706114 0 -0.0877855
v -0.01396343 0 -0.09193935
v -0.01359256 -0.003031135 -0.09022906
v -0.01285082 -0.003031135 -0.08680849
v -0.01285082 -0.003031135 -0.08680849
v -0.01247996 0 -0.08509819
v -0.01247996 0 -0.08509819
v -0.01285082 0.003031135 -0.08680849
v -0.01285082 0.003031135 -0.08680849
v -0.01359256 0.003031135 -0.09022906
v -0.01396343 0 -0.09193935
v -7.328135E-05 0 -0.09360974
v -2.041878E-05 -0.003031015 -0.09186043
v 5.116663E-05 -0.003031015 -0.08836104
v 5.116663E-05 -0.003031015 -0.08836104
v 6.93982E-05 0 -0.08661099
v 6.93982E-05 0 -0.08661099
v 1.65354E-05 0.003031015 -0.08836031
v 1.65354E-05 0.003031015 -0.08836031
v -5.505001E-05 0.003031015 -0.09185969
v -7.328135E-05 0 -0.09360974
v 0.01352341 0.0001467466 -0.09252989
v 0.01326487 -0.002883554 -0.09079783
v 0.01261495 -0.002883554 -0.08735869
v 0.01261495 -0.002883554 -0.08735869
v 0.01222357 0.0001467466 -0.08565163
v 0.01222357 0.0001467466 -0.08565163
v 0.0124821 0.003177047 -0.08738369
v 0.0124821 0.003177047 -0.08738369
v 0.01313203 0.003177047 -0.09082282
v 0.01352341 0.0001467466 -0.09252989
v 0.02581219 0.0005451441 -0.08880232
v 0.02524352 -0.002483368 -0.08714233
v 0.02387425 -0.002483368 -0.08392133
v 0.01261495 -0.002883554 -0.08735869
v 0.01222357 0.0001467466 -0.08565163
v 0.02387425 -0.002483368 -0.08392133
v 0.02307317 0.0005451441 -0.08236033
v 0.02307317 0.0005451441 -0.08236033
v 0.02364183 0.003573656 -0.08402031
v 0.02364183 0.003573656 -0.08402031
v 0.0250111 0.003573656 -0.08724131
v 0.01313203 0.003177047 -0.09082282
v 0.01352341 0.0001467466 -0.09252989
v 0.0250111 0.003573656 -0.08724131
v 0.02581219 0.0005451441 -0.08880232
v 0.03670451 0.00113225 -0.08271888
v 0.03583999 -0.001894236 -0.08118814
v 0.03383558 -0.001894236 -0.07831903
v 0.03383558 -0.001894236 -0.07831903
v 0.03269568 0.00113225 -0.07698066
v 0.03269568 0.00113225 -0.07698066
v 0.03356019 0.004158735 -0.07851139
v 0.03356019 0.004158735 -0.07851139
v 0.03556462 0.004158735 -0.0813805
v 0.03556462 0.004158735 -0.0813805
v 0.03670451 0.00113225 -0.08271888
v 0.03670451 0.00113225 -0.08271888
v 0.03583999 -0.001894236 -0.08118814
v 0.04614873 0.001845002 -0.07460406
v 0.04502649 -0.001180172 -0.07324803
v 0.04502649 -0.001180172 -0.07324803
v 0.04251749 -0.001180172 -0.07080756
v 0.04251749 -0.001180172 -0.07080756
v 0.04113121 0.001845002 -0.06972311
v 0.04113121 0.001845002 -0.06972311
v 0.04225345 0.004870176 -0.07107916
v 0.04225345 0.004870176 -0.07107916
v 0.03556462 0.004158735 -0.0813805
v 0.04476245 0.004870176 -0.07351962
v 0.04225345 0.004870176 -0.07107916
v 0.04476245 0.004870176 -0.07351962
v 0.04614873 0.001845002 -0.07460406
v 0.0541359 0.002620816 -0.0647818
v 0.05280574 -0.0004042387 -0.06362873
v 0.05280574 -0.0004042387 -0.06362873
v 0.04992688 -0.0004042387 -0.06163789
v 0.04992688 -0.0004042387 -0.06163789
v 0.04837863 0.002620816 -0.06080012
v 0.04113121 0.001845002 -0.06972311
v 0.04225345 0.004870176 -0.07107916
v 0.04837863 0.002620816 -0.06080012
v 0.04970878 0.005645871 -0.06195319
v 0.04476245 0.004870176 -0.07351962
v 0.05258764 0.005645871 -0.06394403
v 0.05258764 0.005645871 -0.06394403
v 0.0541359 0.002620816 -0.0647818
v 0.0606812 0.00339663 -0.05355451
v 0.05919238 0.0003707409 -0.05261767
v 0.05919238 0.0003707409 -0.05261767
v 0.0560569 0.0003707409 -0.05106254
v 0.0560569 0.0003707409 -0.05106254
v 0.05441024 0.00339663 -0.05044424
v 0.05441024 0.00339663 -0.05044424
v 0.05589906 0.00642252 -0.05138109
v 0.05903454 0.00642252 -0.05293623
v 0.05903454 0.00642252 -0.05293623
v 0.0606812 0.00339663 -0.05355451
v 0.06580713 0.004109383 -0.04120357
v 0.06420302 0.001082063 -0.04048786
v 0.06420302 0.001082063 -0.04048786
v 0.06089641 0.001082063 -0.03934059
v 0.06089641 0.001082063 -0.03934059
v 0.0591939 0.004109383 -0.03890903
v 0.0591939 0.004109383 -0.03890903
v 0.06079802 0.007136703 -0.03962475
v 0.06410463 0.007136703 -0.04077201
v 0.06410463 0.007136703 -0.04077201
v 0.06580713 0.004109383 -0.04120357
v 0.06953061 0.004696488 -0.0279972
v 0.06784758 0.00166738 -0.0275052
v 0.06784758 0.00166738 -0.0275052
v 0.06443265 0.00166738 -0.02673794
v 0.06443265 0.00166738 -0.02673794
v 0.06270073 0.004696488 -0.02646268
v 0.06270073 0.004696488 -0.02646268
v 0.06438376 0.007725596 -0.02695469
v 0.06779869 0.007725596 -0.02772195
v 0.06779869 0.007725596 -0.02772195
v 0.06953061 0.004696488 -0.0279972
v 0.07186202 0.005094886 -0.01419578
v 0.07013104 0.002064347 -0.01393171
v 0.07013104 0.002064347 -0.01393171
v 0.06665488 0.002064347 -0.01352321
v 0.06665488 0.002064347 -0.01352321
v 0.06490972 0.005094886 -0.01337926
v 0.06490972 0.005094886 -0.01337926
v 0.0666407 0.008125424 -0.01364334
v 0.07011686 0.008125424 -0.01405184
v 0.07011686 0.008125424 -0.01405184
v 0.07186202 0.005094886 -0.01419578
v 0.0728052 0.005241632 -5.663931E-05
v 0.07105538 0.002210498 -2.647191E-05
v 0.07105538 0.002210498 -2.647191E-05
v 0.06755578 0.002210498 3.293902E-05
v 0.06755578 0.002210498 3.293902E-05
v 0.06580599 0.005241632 6.216019E-05
v 0.06580599 0.005241632 6.216019E-05
v 0.06755581 0.008272767 3.198534E-05
v 0.07105542 0.008272767 -2.742559E-05
v 0.07105542 0.008272767 -2.742559E-05
v 0.0728052 0.005241632 -5.663931E-05
v 0.07233015 0.005094886 0.01450634
v 0.07059032 0.002064347 0.01430952
v 0.07059032 0.002064347 0.01430952
v 0.06710152 0.002064347 0.01402862
v 0.06710152 0.002064347 0.01402862
v 0.06535254 0.005094886 0.01394453
v 0.06535254 0.005094886 0.01394453
v 0.06709237 0.008125424 0.01414135
v 0.07058118 0.008125424 0.01442225
v 0.07058118 0.008125424 0.01442225
v 0.07233015 0.005094886 0.01450634
v 0.07040507 0.004696488 0.02945941
v 0.0686995 0.001667023 0.02905473
v 0.0686995 0.001667023 0.02905473
v 0.0652533 0.001667023 0.02844341
v 0.0652533 0.001667023 0.02844341
v 0.06351268 0.004696488 0.02823678
v 0.06351268 0.004696488 0.02823678
v 0.06521825 0.007725954 0.02864146
v 0.06866445 0.007725954 0.02925278
v 0.06866445 0.007725954 0.02925278
v 0.07040507 0.004696488 0.02945941
v 0.06702098 0.004109383 0.04437413
v 0.06537184 0.001081228 0.04377393
v 0.06537184 0.001081228 0.04377393
v 0.06200208 0.001081228 0.04282762
v 0.06200208 0.001081228 0.04282762
v 0.06028145 0.004109383 0.04248197
v 0.06028145 0.004109383 0.04248197
v 0.0619306 0.007137537 0.04308217
v 0.06530035 0.007137537 0.04402848
v 0.06530035 0.007137537 0.04402848
v 0.06702098 0.004109383 0.04437413
v 0.06215943 0.00339663 0.05882595
v 0.06059242 0.0003694296 0.05803177
v 0.06059242 0.0003694296 0.05803177
v 0.05734415 0.0003694296 0.05672843
v 0.05734415 0.0003694296 0.05672843
v 0.05566289 0.00339663 0.05621927
v 0.05566289 0.00339663 0.05621927
v 0.0572299 0.006423831 0.05701345
v 0.06047818 0.006423831 0.05831678
v 0.06047818 0.006423831 0.05831678
v 0.06215943 0.00339663 0.05882595
v 0.05579283 0.002620816 0.07238638
v 0.05434226 -0.0004057884 0.07139365
v 0.05434226 -0.0004057884 0.07139365
v 0.05128141 -0.0004057884 0.06969614
v 0.05128141 -0.0004057884 0.06969614
v 0.04967114 0.002620816 0.06899135
v 0.04967114 0.002620816 0.06899135
v 0.05112171 0.005647421 0.06998408
v 0.06047818 0.006423831 0.05831678
v 0.05418255 0.005647421 0.07168158
v 0.05112171 0.005647421 0.06998408
v 0.05418255 0.005647421 0.07168158
v 0.05579283 0.002620816 0.07238638
v 0.04788005 0.001845002 0.08461898
v 0.04659341 -0.001181602 0.08342154
v 0.04659341 -0.001181602 0.08342154
v 0.04381984 -0.001181602 0.08128668
v 0.04381984 -0.001181602 0.08128668
v 0.04233288 0.001845002 0.08034927
v 0.04233288 0.001845002 0.08034927
v 0.04361951 0.004871607 0.08154671
v 0.04361951 0.004871607 0.08154671
v 0.05418255 0.005647421 0.07168158
v 0.0463931 0.004871607 0.08368156
v 0.04361951 0.004871607 0.08154671
v 0.0463931 0.004871607 0.08368156
v 0.04788005 0.001845002 0.08461898
v 0.03836814 0.00113225 0.09506775
v 0.03730838 -0.001895189 0.0936672
v 0.03730838 -0.001895189 0.0936672
v 0.03496764 -0.001895189 0.09106515
v 0.03496764 -0.001895189 0.09106515
v 0.03368666 0.00113225 0.08986366
v 0.03368666 0.00113225 0.08986366
v 0.03474642 0.004159689 0.09126419
v 0.04361951 0.004871607 0.08154671
v 0.0463931 0.004871607 0.08368156
v 0.03474642 0.004159689 0.09126419
v 0.0463931 0.004871607 0.08368156
v 0.03708716 0.004159689 0.09386624
v 0.03708716 0.004159689 0.09386624
v 0.03836814 0.00113225 0.09506775
v 0.0272105 0.0005451441 0.1032378
v 0.02644966 -0.002483726 0.1016578
v 0.02644966 -0.002483726 0.1016578
v 0.02472746 -0.002483726 0.09861074
v 0.02472746 -0.002483726 0.09861074
v 0.02376608 0.0005451441 0.09714407
v 0.02376608 0.0005451441 0.09714407
v 0.02452693 0.003574014 0.09872401
v 0.02624913 0.003574014 0.1017711
v 0.02624913 0.003574014 0.1017711
v 0.0272105 0.0005451441 0.1032378
v 0.0272105 0.0005451441 0.1032378
v 0.02644966 -0.002483726 0.1016578
v 0.01440735 0.0001467466 0.1085922
v 0.01400547 -0.002883673 0.1068878
v 0.01400547 -0.002883673 0.1068878
v 0.01307981 -0.002883673 0.1035125
v 0.01307981 -0.002883673 0.1035125
v 0.01255606 0.0001467466 0.1018415
v 0.02376608 0.0005451441 0.09714407
v 0.02452693 0.003574014 0.09872401
v 0.01255606 0.0001467466 0.1018415
v 0.01295795 0.003177166 0.1035459
v 0.01295795 0.003177166 0.1035459
v 0.01388359 0.003177166 0.1069213
v 0.01388359 0.003177166 0.1069213
v 0.01440735 0.0001467466 0.1085922
v 5.14579E-05 0 0.1106008
v 4.252465E-05 -0.003031015 0.1088507
v 4.252465E-05 -0.003031015 0.1088507
v -7.807277E-06 -0.003031015 0.1053509
v 0.01307981 -0.002883673 0.1035125
v 0.01255606 0.0001467466 0.1018415
v -7.807277E-06 -0.003031015 0.1053509
v -4.968187E-05 0 0.1036014
v -4.968187E-05 0 0.1036014
v -4.075607E-05 0.003031015 0.1053515
v -4.075607E-05 0.003031015 0.1053515
v 9.575859E-06 0.003031015 0.1088512
v 0.01440735 0.0001467466 0.1085922
v 5.14579E-05 0 0.1106008
v -0.01483671 0 0.1089619
v -0.01445199 -0.003031135 0.1072545
v -0.01445199 -0.003031135 0.1072545
v -0.01368259 -0.003031135 0.1038403
v -0.01368259 -0.003031135 0.1038403
v -0.01329787 0 0.102133
v -0.01329787 0 0.102133
v -0.01368259 0.003031135 0.1038403
v -0.01368259 0.003031135 0.1038403
v -0.01445199 0.003031135 0.1072545
v -0.01483671 0 0.1089619
v -0.01483671 0 0.1089619
v -0.0291268 0 0.1040198
v -0.02839986 -0.003031135 0.1024281
v -0.02694596 -0.003031135 0.09924419
v -0.02694596 -0.003031135 0.09924419
v -0.02621902 0 0.09765248
v -0.02621902 0 0.09765248
v -0.02694596 0.003031135 0.09924419
v -0.02694596 0.003031135 0.09924419
v -0.02839986 0.003031135 0.1024281
v -0.0291268 0 0.1040198
v -0.04256555 0 0.09626894
v -0.04157181 -0.003031135 0.09482843
v -0.03958432 -0.003031135 0.09194742
v -0.03958432 -0.003031135 0.09194742
v -0.03859058 0 0.0905069
v -0.03859058 0 0.0905069
v -0.03958432 0.003031135 0.09194742
v -0.03958432 0.003031135 0.09194742
v -0.04157181 0.003031135 0.09482843
v -0.04256555 0 0.09626894
v -0.05494148 0 0.08617507
v -0.05374329 -0.003031135 0.08489944
v -0.05134695 -0.003031135 0.08234867
v -0.05134695 -0.003031135 0.08234867
v -0.05014876 0 0.08107305
v -0.05014876 0 0.08107305
v -0.05134695 0.003031135 0.08234867
v -0.05134695 0.003031135 0.08234867
v -0.05374329 0.003031135 0.08489944
v -0.05494148 0 0.08617507
v -0.06605008 0 0.07417607
v -0.06469303 -0.003031135 0.0730711
v -0.06197938 -0.003031135 0.07086066
v -0.06197938 -0.003031135 0.07086066
v -0.06062233 0 0.06975571
v -0.06062233 0 0.06975571
v -0.06197938 0.003031135 0.07086066
v -0.06197938 0.003031135 0.07086066
v -0.06469303 0.003031135 0.0730711
v -0.06605008 0 0.07417607
v -0.07568017 0 0.06069216
v -0.07419692 -0.003031135 0.05976319
v -0.07123044 -0.003031135 0.05790576
v -0.07123044 -0.003031135 0.05790576
v -0.06974719 0 0.05697679
v -0.06062233 0 0.06975571
v -0.06197938 0.003031135 0.07086066
v -0.06974719 0 0.05697679
v -0.07123044 0.003031135 0.05790576
v -0.07123044 0.003031135 0.05790576
v -0.07419692 0.003031135 0.05976319
v -0.07568017 0 0.06069216
v -0.08361079 0 0.04613255
v -0.08202547 -0.003031135 0.04539198
v -0.07885434 -0.003031135 0.04391035
v -0.07885434 -0.003031135 0.04391035
v -0.07726902 0 0.04316977
v -0.07726902 0 0.04316977
v -0.07885434 0.003031135 0.04391035
v -0.07885434 0.003031135 0.04391035
v -0.08202547 0.003031135 0.04539198
v -0.08361079 0 0.04613255
v -0.08961143 0 0.03089989
v -0.08794421 -0.003031135 0.03036834
v -0.08460976 -0.003031135 0.02930477
v -0.08460976 -0.003031135 0.02930477
v -0.08294253 0 0.02877323
v -0.08294253 0 0.02877323
v -0.08460976 0.003031135 0.02930477
v -0.08460976 0.003031135 0.02930477
v -0.08794421 0.003031135 0.03036834
v -0.08961143 0 0.03089989
v -0.09343895 0 0.0153921
v -0.09171312 -0.003031135 0.01510228
v -0.08826146 -0.003031135 0.01452264
v -0.08460976 -0.003031135 0.02930477
v -0.08294253 0 0.02877323
v -0.08826146 -0.003031135 0.01452264
v -0.08653564 0 0.01423282
v -0.08653564 0 0.01423282
v -0.08826146 0.003031135 0.01452264
v -0.08826146 0.003031135 0.01452264
v -0.09171312 0.003031135 0.01510228
v -0.09343895 0 0.0153921
v -0.09483323 0 1.137704E-05
v -0.09308301 -0.003031015 2.989918E-05
v -0.08958319 -0.003031015 1.774728E-05
v -0.08958319 -0.003031015 1.774728E-05
v -0.08783314 0 -1.242012E-05
v -0.08783314 0 -1.242012E-05
v -0.08958334 0.003031015 -3.093481E-05
v -0.08958334 0.003031015 -3.093481E-05
v -0.09308317 0.003031015 -1.879036E-05
v -0.09483323 0 1.137704E-05
v -0.09349828 -0.000246644 -0.01592241
v -0.09178273 -0.003276706 -0.01556911
v -0.08832652 -0.003276706 -0.01501608
v -0.08832652 -0.003276706 -0.01501608
v -0.08658633 -0.000246644 -0.01481638
v -0.08658633 -0.000246644 -0.01481638
v -0.08830187 0.002783418 -0.0151697
v -0.08830187 0.002783418 -0.0151697
v -0.09175809 0.002783418 -0.01572272
v -0.09349828 -0.000246644 -0.01592241
v -0.08944312 -0.0008476973 -0.03298305
v -0.08780267 -0.003876567 -0.03236268
v -0.08445482 -0.003876567 -0.03134163
v -0.08445482 -0.003876567 -0.03134163
v -0.0827474 -0.0008476973 -0.0309414
v -0.0827474 -0.0008476973 -0.0309414
v -0.08438785 0.002181172 -0.03156175
v -0.08438785 0.002181172 -0.03156175
v -0.0877357 0.002181172 -0.03258282
v -0.08944312 -0.0008476973 -0.03298305
v -0.08283773 -0.00159514 -0.05061933
v -0.0812826 -0.004624009 -0.0498087
v -0.07807952 -0.004624009 -0.04839792
v -0.07807952 -0.004624009 -0.04839792
v -0.07643156 -0.00159514 -0.04779778
v -0.07643156 -0.00159514 -0.04779778
v -0.07798669 0.00143373 -0.04860841
v -0.07798669 0.00143373 -0.04860841
v -0.08118978 0.00143373 -0.05001919
v -0.08283773 -0.00159514 -0.05061933
v -0.07382876 -0.002280951 -0.06829607
v -0.07235818 -0.005310893 -0.06734359
v -0.06933178 -0.005310893 -0.06558544
v -0.06933178 -0.005310893 -0.06558544
v -0.06777597 -0.002280951 -0.06477979
v -0.06777597 -0.002280951 -0.06477979
v -0.06924656 0.000748992 -0.06573229
v -0.06924656 0.000748992 -0.06573229
v -0.07227296 0.000748992 -0.06749043
v -0.07382876 -0.002280951 -0.06829607
v -0.06255199 -0.002697229 -0.08546428
v -0.06116205 -0.005728245 -0.08440078
v -0.05835038 -0.005728245 -0.08231639
v -0.05835038 -0.005728245 -0.08231639
v -0.05692862 -0.002697229 -0.08129597
v -0.05692862 -0.002697229 -0.08129597
v -0.05831855 0.000333786 -0.08235947
v -0.05831855 0.000333786 -0.08235947
v -0.06113023 0.000333786 -0.08444387
v -0.06255199 -0.002697229 -0.08546428
v -0.06255199 -0.002697229 -0.08546428
v -0.06116205 -0.005728245 -0.08440078
v -0.04913735 -0.002635598 -0.1015656
v -0.04782331 -0.005666137 -0.1004084
v -0.04782331 -0.005666137 -0.1004084
v -0.04527678 -0.005666137 -0.09800742
v -0.04527678 -0.005666137 -0.09800742
v -0.04404429 -0.002635598 -0.09676374
v -0.04404429 -0.002635598 -0.09676374
v -0.04535834 0.0003949404 -0.09792103
v -0.04535834 0.0003949404 -0.09792103
v -0.04790487 0.0003949404 -0.100322
v -0.04913735 -0.002635598 -0.1015656
v -0.03370946 -0.001888394 -0.1160323
v -0.03246724 -0.004914403 -0.1147873
v -0.03246724 -0.004914403 -0.1147873
v -0.03025385 -0.004914403 -0.1120762
v -0.03025385 -0.004914403 -0.1120762
v -0.02928267 -0.001888394 -0.11061
v -0.02928267 -0.001888394 -0.11061
v -0.03052488 0.001137614 -0.1118551
v -0.03052488 0.001137614 -0.1118551
v -0.03273828 0.001137614 -0.1145662
v -0.03370946 -0.001888394 -0.1160323
v -0.01639148 -0.0002472401 -0.1282848
v -0.01521992 -0.003261447 -0.1269457
v -0.01521992 -0.003261447 -0.1269457
v -0.01342658 -0.003261447 -0.1239403
v -0.01342658 -0.003261447 -0.1239403
v -0.01280434 -0.0002472401 -0.1222735
v -0.01280434 -0.0002472401 -0.1222735
v -0.01397589 0.002766967 -0.1236125
v -0.01397589 0.002766967 -0.1236125
v -0.01576925 0.002766967 -0.1266179
v -0.01639148 -0.0002472401 -0.1282848
v 0.00268899 0.002495766 -0.1377287
v 0.003781002 -0.000495553 -0.1362765
v 0.003781002 -0.000495553 -0.1362765
v 0.00505327 -0.000495553 -0.1330159
v 0.00505327 -0.000495553 -0.1330159
v 0.005233556 0.002495766 -0.1312079
v -0.01280434 -0.0002472401 -0.1222735
v -0.01397589 0.002766967 -0.1236125
v 0.005233556 0.002495766 -0.1312079
v 0.004141544 0.005487084 -0.1326601
v 0.004141544 0.005487084 -0.1326601
v 0.002869276 0.005487084 -0.1359207
v 0.00268899 0.002495766 -0.1377287
v 0.02316768 0.006767869 -0.1437007
v 0.02407908 0.003681421 -0.1423251
v 0.02407908 0.003681421 -0.1423251
v 0.02495098 0.003462076 -0.1389424
v 0.02495098 0.003462076 -0.1389424
v 0.02491149 0.006329417 -0.1369358
v 0.02491149 0.006329417 -0.1369358
v 0.02400009 0.009415865 -0.1383114
v 0.02400009 0.009415865 -0.1383114
v 0.02312819 0.00963521 -0.1416941
v 0.02316768 0.006767869 -0.1437007
v 0.0454179 0.01097167 -0.1481257
v 0.0460647 0.00769186 -0.1470892
v 0.0460647 0.00769186 -0.1470892
v 0.04683219 0.007034779 -0.1437382
v 0.02491149 0.006329417 -0.1369358
v 0.04695287 0.009657502 -0.1414237
v 0.04695287 0.009657502 -0.1414237
v 0.0463061 0.01293731 -0.1424602
v 0.0463061 0.01293731 -0.1424602
v 0.0455386 0.01359439 -0.1458112
v 0.0454179 0.01097167 -0.1481257
v 0.07022395 0.01378751 -0.1530879
v 0.07064115 0.01037431 -0.1524357
v 0.07064115 0.01037431 -0.1524357
v 0.07137377 0.009289742 -0.1491894
v 0.07168923 0.01161861 -0.1465959
v 0.07168923 0.01161861 -0.1465959
v 0.07127206 0.01503181 -0.1472481
v 0.07127206 0.01503181 -0.1472481
v 0.07053941 0.01611638 -0.1504944
v 0.07022395 0.01378751 -0.1530879
v 0.09756067 0.01617813 -0.1581288
v 0.09787628 0.01269984 -0.1578993
v 0.09787628 0.01269984 -0.1578993
v 0.09854144 0.01120341 -0.1548061
v 0.09889096 0.01318502 -0.1519425
v 0.09889096 0.01318502 -0.1519425
v 0.09857534 0.01666331 -0.1521721
v 0.09857534 0.01666331 -0.1521721
v 0.09791018 0.01815975 -0.1552652
v 0.09756067 0.01617813 -0.1581288
v 0.1272481 0.01910186 -0.1627576
v 0.1275866 0.01562524 -0.1629776
v 0.1275866 0.01562524 -0.1629776
v 0.1282035 0.01374114 -0.1600931
v 0.1284819 0.01533365 -0.156989
v 0.1284819 0.01533365 -0.156989
v 0.09857534 0.01666331 -0.1521721
v 0.1281434 0.01881027 -0.156769
v 0.1281434 0.01881027 -0.156769
v 0.1275265 0.02069438 -0.1596535
v 0.1272481 0.01910186 -0.1627576
v 0.1591211 0.02351665 -0.1664889
v 0.1595956 0.02011633 -0.1671691
v 0.1595956 0.02011633 -0.1671691
v 0.1602207 0.01787865 -0.1645515
v 0.1603714 0.0190413 -0.1612536
v 0.1598969 0.02244163 -0.1605733
v 0.1281434 0.01881027 -0.156769
v 0.1275265 0.02069438 -0.1596535
v 0.1598969 0.02244163 -0.1605733
v 0.1592718 0.0246793 -0.163191
v 0.1592718 0.0246793 -0.163191
v 0.1591211 0.02351665 -0.1664889
v 0.1930253 0.03037858 -0.1688381
v 0.1937271 0.02714431 -0.169977
v 0.1937271 0.02714431 -0.169977
v 0.1602207 0.01787865 -0.1645515
v 0.194444 0.02459884 -0.1676845
v 0.1937271 0.02714431 -0.169977
v 0.194444 0.02459884 -0.1676845
v 0.1944592 0.02528739 -0.164253
v 0.1937574 0.02852166 -0.1631141
v 0.1937574 0.02852166 -0.1631141
v 0.1930405 0.03106713 -0.1654067
v 0.1930405 0.03106713 -0.1654067
v 0.1930253 0.03037858 -0.1688381
v 0.2288186 0.04063666 -0.1693228
v 0.2298033 0.03767574 -0.1709082
v 0.2298033 0.03767574 -0.1709082
v 0.2307096 0.03488612 -0.1689988
v 0.2307096 0.03488612 -0.1689988
v 0.2306312 0.03505743 -0.1655039
v 0.2296466 0.03801835 -0.1639184
v 0.2296466 0.03801835 -0.1639184
v 0.2287403 0.04080796 -0.1658279
v 0.2287403 0.04080796 -0.1658279
v 0.2288186 0.04063666 -0.1693228
v 0.2663765 0.05523205 -0.1674644
v 0.2676496 0.0526619 -0.1694703
v 0.2676496 0.0526619 -0.1694703
v 0.2688403 0.04971874 -0.1679971
v 0.2688403 0.04971874 -0.1679971
v 0.2687574 0.04934549 -0.1645181
v 0.2674842 0.05191565 -0.1625122
v 0.2674842 0.05191565 -0.1625122
v 0.2662936 0.0548588 -0.1639854
v 0.2662936 0.0548588 -0.1639854
v 0.2663765 0.05523205 -0.1674644
v 0.3055956 0.07510293 -0.162796
v 0.3071086 0.07303047 -0.1651762
v 0.3071086 0.07303047 -0.1651762
v 0.3086531 0.07005334 -0.1641756
v 0.3086531 0.07005334 -0.1641756
v 0.2687574 0.04934549 -0.1645181
v 0.3086846 0.06914866 -0.1607948
v 0.3086846 0.06914866 -0.1607948
v 0.3071717 0.07122111 -0.1584146
v 0.3071717 0.07122111 -0.1584146
v 0.3056272 0.07419825 -0.1594152
v 0.3056272 0.07419825 -0.1594152
v 0.3055956 0.07510293 -0.162796
v 0.3463799 0.1011578 -0.1550325
v 0.3481175 0.09955513 -0.1576132
v 0.3481175 0.09955513 -0.1576132
v 0.3500548 0.09672284 -0.1569235
v 0.3502541 0.09549344 -0.1536525
v 0.3502541 0.09549344 -0.1536525
v 0.3485165 0.09709609 -0.1510718
v 0.3485165 0.09709609 -0.1510718
v 0.3465792 0.09992838 -0.1517615
v 0.3465792 0.09992838 -0.1517615
v 0.3463799 0.1011578 -0.1550325
v 0.3830501 0.1323165 -0.145445
v 0.3850058 0.1311377 -0.1480976
v 0.3850058 0.1311377 -0.1480976
v 0.387368 0.1286151 -0.1475439
v 0.3877744 0.1272713 -0.1443377
v 0.3877744 0.1272713 -0.1443377
v 0.3858187 0.12845 -0.1416852
v 0.3858187 0.12845 -0.1416852
v 0.3834565 0.1309726 -0.1422389
v 0.3463799 0.1011578 -0.1550325
v 0.3830501 0.1323165 -0.145445
v 0.4114599 0.1659347 -0.1356236
v 0.4135388 0.1651598 -0.1383304
v 0.387368 0.1286151 -0.1475439
v 0.4162682 0.1630148 -0.137883
v 0.4162682 0.1630148 -0.137883
v 0.4169182 0.1616446 -0.1347286
v 0.4169182 0.1616446 -0.1347286
v 0.4148393 0.1624194 -0.1320218
v 0.4148393 0.1624194 -0.1320218
v 0.4121099 0.1645645 -0.1324692
v 0.4114599 0.1659347 -0.1356236
v 0.4337397 0.2006468 -0.1258231
v 0.4358758 0.2001554 -0.1285518
v 0.4388286 0.1983191 -0.1281541
v 0.4388286 0.1983191 -0.1281541
v 0.4396454 0.1969742 -0.1250278
v 0.4396454 0.1969742 -0.1250278
v 0.4375093 0.1974655 -0.1222991
v 0.4375093 0.1974655 -0.1222991
v 0.4345564 0.1993018 -0.1226968
v 0.4337397 0.2006468 -0.1258231
v 0.4519184 0.2350248 -0.1162682
v 0.4540896 0.2346725 -0.1189906
v 0.457139 0.2330017 -0.1185921
v 0.457139 0.2330017 -0.1185921
v 0.4580173 0.2316831 -0.1154712
v 0.4580173 0.2316831 -0.1154712
v 0.4558461 0.2320354 -0.1127488
v 0.4558461 0.2320354 -0.1127488
v 0.4527966 0.2337062 -0.1131473
v 0.4519184 0.2350248 -0.1162682
v 0.4680321 0.2676193 -0.107171
v 0.4702307 0.2672449 -0.1098686
v 0.4732585 0.2655435 -0.1094354
v 0.4732585 0.2655435 -0.1094354
v 0.4740877 0.2642163 -0.1063047
v 0.4740877 0.2642163 -0.1063047
v 0.4718891 0.2645906 -0.1036073
v 0.4718891 0.2645906 -0.1036073
v 0.4688613 0.2662921 -0.1040404
v 0.4680321 0.2676193 -0.107171
v 0.4841617 0.296971 -0.09873497
v 0.4863458 0.2963803 -0.1014053
v 0.4891981 0.2944087 -0.10093
v 0.4891981 0.2944087 -0.10093
v 0.4898664 0.2930278 -0.09778422
v 0.4898664 0.2930278 -0.09778422
v 0.4876823 0.2936184 -0.09511381
v 0.4876823 0.2936184 -0.09511381
v 0.4848299 0.29559 -0.09558922
v 0.4841617 0.296971 -0.09873497
v 0.5024565 0.3215808 -0.0911423
v 0.5044665 0.3205569 -0.09381855
v 0.5068851 0.3180728 -0.0933404
v 0.5068851 0.3180728 -0.0933404
v 0.5072939 0.3166124 -0.09018582
v 0.5072939 0.3166124 -0.09018582
v 0.505284 0.3176363 -0.08750957
v 0.505284 0.3176363 -0.08750957
v 0.5028653 0.3201203 -0.08798772
v 0.5024565 0.3215808 -0.0911423
v 0.5250726 0.3397884 -0.08455563
v 0.5265726 0.3382518 -0.08731931
v 0.5281887 0.33517 -0.08694482
v 0.5281887 0.33517 -0.08694482
v 0.5283048 0.3336248 -0.08380651
v 0.5283048 0.3336248 -0.08380651
v 0.5268049 0.3351614 -0.08104283
v 0.5268049 0.3351614 -0.08104283
v 0.5251888 0.3382432 -0.08141738
v 0.5250726 0.3397884 -0.08455563
v 0.5539356 0.3497789 -0.07918274
v 0.5546487 0.3479997 -0.0821113
v 0.5552122 0.3445483 -0.08196872
v 0.5552122 0.3445483 -0.08196872
v 0.5550627 0.3428762 -0.0788976
v 0.5550627 0.3428762 -0.0788976
v 0.5543495 0.3446554 -0.07596904
v 0.5543495 0.3446554 -0.07596904
v 0.553786 0.3481067 -0.07611161
v 0.5539356 0.3497789 -0.07918274
v 0.5903386 0.3499565 -0.0754624
v 0.5906457 0.3482146 -0.07848263
v 0.5906592 0.3447146 -0.07849067
v 0.5906592 0.3447146 -0.07849067
v 0.5903655 0.3429565 -0.07547843
v 0.5903655 0.3429565 -0.07547843
v 0.5900584 0.3446984 -0.07245821
v 0.5900584 0.3446984 -0.07245821
v 0.5900452 0.3481984 -0.0724501
v 0.5903386 0.3499565 -0.0754624

vn -0.02106548 0 0.9997782
vn -0.3558914 -0.79414 0.4926287
vn -0.02338175 0 0.9997267
vn -0.3398544 -0.8014 0.4921962
vn -0.3348935 -0.7941383 -0.5071399
vn -0.3164714 -0.8013983 -0.5075496
vn -0.3348935 -0.7941383 -0.5071399
vn 0.02106548 0 -0.9997782
vn -0.3164714 -0.8013983 -0.5075496
vn 0.02338175 0 -0.9997267
vn 0.3558914 0.79414 -0.4926287
vn 0.3398544 0.8014 -0.4921962
vn 0.3558914 0.79414 -0.4926287
vn 0.3348935 0.7941383 0.5071399
vn 0.3398544 0.8014 -0.4921962
vn 0.3164714 0.8013983 0.5075496
vn 0.3348935 0.7941383 0.5071399
vn -0.02106548 0 0.9997782
vn 0.3164714 0.8013983 0.5075496
vn -0.02338175 0 0.9997267
vn -0.02869368 0 0.9995884
vn -0.3017098 -0.8169094 0.4915591
vn -0.2730227 -0.8169276 -0.5080236
vn -0.2730227 -0.8169276 -0.5080236
vn 0.02869368 0 -0.9995884
vn 0.3017098 0.8169094 -0.4915591
vn 0.3017098 0.8169094 -0.4915591
vn 0.2730227 0.8169276 0.5080236
vn 0.2730227 0.8169276 0.5080236
vn -0.02869368 0 0.9995884
vn -0.03529827 0 0.9993769
vn -0.2513288 -0.8338552 0.4914463
vn -0.2160955 -0.8338451 -0.507942
vn -0.2160955 -0.8338451 -0.507942
vn 0.03529827 0 -0.9993769
vn 0.2513288 0.8338552 -0.4914463
vn 0.2513288 0.8338552 -0.4914463
vn 0.2160955 0.8338451 0.507942
vn 0.2160955 0.8338451 0.507942
vn -0.03529827 0 0.9993769
vn -0.04326204 0 0.9990638
vn -0.1861934 -0.850215 0.4924089
vn -0.14293 -0.8502109 -0.506668
vn -0.14293 -0.8502109 -0.506668
vn 0.04326204 0 -0.9990638
vn 0.1861934 0.850215 -0.4924089
vn 0.1861934 0.850215 -0.4924089
vn 0.14293 0.8502109 0.506668
vn 0.14293 0.8502109 0.506668
vn -0.04326204 0 0.9990638
vn -0.05312813 0 0.9985878
vn -0.1014974 -0.8627652 0.4953125
vn -0.04843743 -0.862766 -0.503278
vn -0.04843743 -0.862766 -0.503278
vn 0.05312813 0 -0.9985878
vn 0.1014974 0.8627652 -0.4953125
vn 0.1014974 0.8627652 -0.4953125
vn 0.04843743 0.862766 0.503278
vn 0.04843743 0.862766 0.503278
vn -0.05312813 0 0.9985878
vn -0.06543752 0 0.9978568
vn 0.007940205 -0.8650491 0.5016245
vn 0.07338068 -0.8650638 -0.496266
vn 0.07338068 -0.8650638 -0.496266
vn 0.06543752 0 -0.9978568
vn -0.007940205 0.8650491 -0.5016245
vn -0.007940205 0.8650491 -0.5016245
vn -0.07338068 0.8650638 0.496266
vn -0.07338068 0.8650638 0.496266
vn -0.06543752 0 0.9978568
vn -0.0814114 0 0.9966808
vn 0.144899 -0.8457723 0.5134915
vn 0.2262433 -0.8457742 -0.4831977
vn 0.2262433 -0.8457742 -0.4831977
vn 0.0814114 0 -0.9966808
vn -0.144899 0.8457723 -0.5134915
vn -0.144899 0.8457723 -0.5134915
vn -0.2262433 0.8457742 0.4831977
vn -0.2262433 0.8457742 0.4831977
vn -0.0814114 0 0.9966808
vn -0.1026023 0 0.9947225
vn 0.3030481 -0.7893603 0.5339215
vn 0.405655 -0.7893703 -0.4608021
vn 0.405655 -0.7893703 -0.4608021
vn 0.1026023 0 -0.9947225
vn -0.3030481 0.7893603 -0.5339215
vn -0.3030481 0.7893603 -0.5339215
vn -0.405655 0.7893703 0.4608021
vn -0.405655 0.7893703 0.4608021
vn -0.1026023 0 0.9947225
vn -0.1323212 0 0.991207
vn 0.4597165 -0.6844699 0.5658284
vn 0.5920516 -0.6844864 -0.425386
vn 0.5920516 -0.6844864 -0.425386
vn 0.1323212 0 -0.991207
vn -0.4597165 0.6844699 -0.5658284
vn -0.4597165 0.6844699 -0.5658284
vn -0.5920516 0.6844864 0.425386
vn -0.5920516 0.6844864 0.425386
vn -0.1323212 0 0.991207
vn -0.1021965 0 0.9947643
vn 0.6360695 -0.5223098 0.5679862
vn 0.4597165 -0.6844699 0.5658284
vn 0.5920516 -0.6844864 -0.425386
vn 0.6360695 -0.5223098 0.5679862
vn 0.7382552 -0.5223012 -0.4268266
vn 0.7382552 -0.5223012 -0.4268266
vn 0.1021965 0 -0.9947643
vn -0.6360695 0.5223098 -0.5679862
vn -0.6360695 0.5223098 -0.5679862
vn -0.7382552 0.5223012 0.4268266
vn -0.7382552 0.5223012 0.4268266
vn -0.1021965 0 0.9947643
vn -0.1021965 0 0.9947643
vn 0.6360695 -0.5223098 0.5679862
vn 0.09391248 0 0.9955806
vn 0.8323569 -0.357313 0.4236857
vn 0.8323569 -0.357313 0.4236857
vn 0.7384015 -0.3573249 -0.5719111
vn 0.7384015 -0.3573249 -0.5719111
vn -0.09391248 0 -0.9955806
vn -0.8323569 0.357313 -0.4236857
vn -0.8323569 0.357313 -0.4236857
vn -0.7384015 0.3573249 0.5719111
vn -0.7384015 0.3573249 0.5719111
vn 0.09391248 0 0.9955806
vn 0.3748049 0 0.9271038
vn 0.9500908 -0.2706009 0.1552508
vn 0.3748049 0 0.9271038
vn 0.575317 -0.2706122 -0.7718675
vn 0.575317 -0.2706122 -0.7718675
vn -0.3748049 0 -0.9271038
vn -0.9500908 0.2706009 -0.1552508
vn -0.9500908 0.2706009 -0.1552508
vn -0.575317 0.2706122 0.7718675
vn -0.9500908 0.2706009 -0.1552508
vn 0.3748049 0 0.9271038
vn 0.5820841 0 0.8131287
vn 0.9687433 -0.2352898 -0.07858288
vn 0.386647 -0.2352865 -0.8917087
vn 0.386647 -0.2352865 -0.8917087
vn -0.5820841 0 -0.8131287
vn -0.9500908 0.2706009 -0.1552508
vn -0.9687433 0.2352898 0.07858288
vn -0.5820841 0 -0.8131287
vn -0.9687433 0.2352898 0.07858288
vn -0.386647 0.2352865 0.8917087
vn 0.5820841 0 0.8131287
vn 0.7216768 0 0.6922302
vn 0.9406643 -0.2200219 -0.2583437
vn 0.218956 -0.2200333 -0.9506019
vn 0.9406643 -0.2200219 -0.2583437
vn -0.7216768 0 -0.6922302
vn -0.7216768 0 -0.6922302
vn -0.9406643 0.2200219 0.2583437
vn -0.386647 0.2352865 0.8917087
vn -0.218956 0.2200333 0.9506019
vn -0.9406643 0.2200219 0.2583437
vn 0.7216768 0 0.6922302
vn 0.8151923 0 0.5791906
vn 0.8937614 -0.213182 -0.3946444
vn 0.8937614 -0.213182 -0.3946444
vn 0.07857089 -0.2131848 -0.9738475
vn -0.8151923 0 -0.5791906
vn -0.8151923 0 -0.5791906
vn -0.8937614 0.213182 0.3946444
vn -0.8937614 0.213182 0.3946444
vn -0.07857089 0.2131848 0.9738475
vn 0.8151923 0 0.5791906
vn 0.8808086 0 0.4734727
vn 0.8381852 -0.2101803 -0.5032594
vn 0.8381852 -0.2101803 -0.5032594
vn -0.04259808 -0.2101836 -0.9767336
vn -0.8808086 0 -0.4734727
vn -0.8808086 0 -0.4734727
vn -0.8381852 0.2101803 0.5032594
vn -0.8381852 0.2101803 0.5032594
vn 0.04259808 0.2101836 0.9767336
vn 0.8808086 0 0.4734727
vn 0.9304276 0 0.3664762
vn 0.7731662 -0.2091947 -0.5987085
vn 0.7731662 -0.2091947 -0.5987085
vn -0.1572714 -0.2092002 -0.9651431
vn -0.9304276 0 -0.3664762
vn -0.9304276 0 -0.3664762
vn -0.7731662 0.2091947 0.5987085
vn -0.7731662 0.2091947 0.5987085
vn 0.1572714 0.2092002 0.9651431
vn 0.9304276 0 0.3664762
vn 0.9707841 0 0.2399557
vn 0.6870001 -0.2098423 -0.6956991
vn 0.6870001 -0.2098423 -0.6956991
vn -0.2837776 -0.209841 -0.935648
vn -0.1572714 -0.2092002 -0.9651431
vn -0.2837776 -0.209841 -0.935648
vn -0.9707841 0 -0.2399557
vn -0.6870001 0.2098423 0.6956991
vn -0.6870001 0.2098423 0.6956991
vn 0.2837776 0.209841 0.935648
vn 0.9304276 0 0.3664762
vn 0.9707841 0 0.2399557
vn 0.2837776 0.209841 0.935648
vn 0.9988852 0 0.04720885
vn 0.5390666 -0.2149522 -0.8143727
vn 0.5390666 -0.2149522 -0.8143727
vn -0.4598432 -0.2149543 -0.861591
vn -0.4598432 -0.2149543 -0.861591
vn -0.9988852 0 -0.04720885
vn -0.5390666 0.2149522 0.8143727
vn -0.5390666 0.2149522 0.8143727
vn 0.4598432 0.2149543 0.861591
vn 0.4598432 0.2149543 0.861591
vn 0.9988852 0 0.04720885
vn 0.9738815 0 -0.2270576
vn 0.2979091 -0.2384115 -0.9243431
vn 0.9738815 0 -0.2270576
vn -0.6759721 -0.2384142 -0.6972952
vn -0.6759721 -0.2384142 -0.6972952
vn -0.9738815 0 0.2270576
vn -0.2979091 0.2384115 0.9243431
vn -0.9738815 0 0.2270576
vn 0.6759721 0.2384142 0.6972952
vn 0.6759721 0.2384142 0.6972952
vn 0.9738815 0 -0.2270576
vn 0.9069426 0 -0.4212543
vn 0.1087942 -0.2838206 -0.9526856
vn -0.7981239 -0.2838239 -0.5314531
vn -0.7981239 -0.2838239 -0.5314531
vn -0.9069426 0 0.4212543
vn -0.9069426 0 0.4212543
vn -0.1087942 0.2838206 0.9526856
vn 0.7981239 0.2838239 0.5314531
vn 0.7981239 0.2838239 0.5314531
vn 0.9069426 0 -0.4212543
vn 0.8616179 0 -0.5075578
vn 0.02595928 -0.3374579 -0.9409828
vn -0.8356061 -0.3374703 -0.4334472
vn -0.8356061 -0.3374703 -0.4334472
vn -0.8616179 0 0.5075578
vn -0.8616179 0 0.5075578
vn -0.02595928 0.3374579 0.9409828
vn 0.8356061 0.3374703 0.4334472
vn 0.8356061 0.3374703 0.4334472
vn 0.8616179 0 -0.5075578
vn 0.8372797 0 -0.5467752
vn -0.001355011 -0.3998993 -0.9165582
vn -0.8386477 -0.3998867 -0.3698117
vn -0.8386477 -0.3998867 -0.3698117
vn -0.8372797 0 0.5467752
vn -0.8372797 0 0.5467752
vn 0.001355011 0.3998993 0.9165582
vn 0.8386477 0.3998867 0.3698117
vn 0.8386477 0.3998867 0.3698117
vn 0.8372797 0 -0.5467752
vn 0.8342272 0 -0.551421
vn 0.01607047 -0.4700808 -0.8824772
vn -0.001355011 -0.3998993 -0.9165582
vn -0.8386477 -0.3998867 -0.3698117
vn 0.01607047 -0.4700808 -0.8824772
vn -0.8181663 -0.4700965 -0.331079
vn -0.8181663 -0.4700965 -0.331079
vn -0.8342272 0 0.551421
vn -0.8342272 0 0.551421
vn -0.01607047 0.4700808 0.8824772
vn 0.8181663 0.4700965 0.331079
vn 0.8181663 0.4700965 0.331079
vn 0.8342272 0 -0.551421
vn 0.8493519 0 -0.5278273
vn 0.07059183 -0.5478055 -0.8336223
vn 0.07059183 -0.5478055 -0.8336223
vn -0.7787001 -0.5478205 -0.305809
vn -0.7787001 -0.5478205 -0.305809
vn -0.8493519 0 0.5278273
vn -0.8493519 0 0.5278273
vn -0.07059183 0.5478055 0.8336223
vn -0.01607047 0.4700808 0.8824772
vn 0.8181663 0.4700965 0.331079
vn -0.07059183 0.5478055 0.8336223
vn 0.7787001 0.5478205 0.305809
vn 0.7787001 0.5478205 0.305809
vn 0.8493519 0 -0.5278273
vn 0.8780335 0 -0.4785995
vn 0.1557039 -0.6321018 -0.7590809
vn 0.1557039 -0.6321018 -0.7590809
vn -0.7223327 -0.6320893 -0.2805329
vn -0.7223327 -0.6320893 -0.2805329
vn -0.8780335 0 0.4785995
vn -0.8780335 0 0.4785995
vn -0.1557039 0.6321018 0.7590809
vn -0.1557039 0.6321018 0.7590809
vn 0.7223327 0.6320893 0.2805329
vn 0.7223327 0.6320893 0.2805329
vn 0.8780335 0 -0.4785995
vn 0.9144786 0 -0.4046347
vn 0.2615998 -0.7185283 -0.6444243
vn 0.2615998 -0.7185283 -0.6444243
vn -0.6528585 -0.7185045 -0.239848
vn -0.6528585 -0.7185045 -0.239848
vn -0.9144786 0 0.4046347
vn -0.9144786 0 0.4046347
vn -0.2615998 0.7185283 0.6444243
vn -0.2615998 0.7185283 0.6444243
vn 0.6528585 0.7185045 0.239848
vn 0.6528585 0.7185045 0.239848
vn 0.9144786 0 -0.4046347
vn 0.951538 0 -0.3075315
vn 0.3708502 -0.7960057 -0.4783776
vn 0.3708502 -0.7960057 -0.4783776
vn -0.5806916 -0.7959968 -0.1708408
vn -0.5806916 -0.7959968 -0.1708408
vn -0.951538 0 0.3075315
vn -0.951538 0 0.3075315
vn -0.3708502 0.7960057 0.4783776
vn -0.3708502 0.7960057 0.4783776
vn 0.5806916 0.7959968 0.1708408
vn 0.5806916 0.7959968 0.1708408
vn 0.951538 0 -0.3075315
vn 0.981531 0 -0.1913042
vn 0.4576125 -0.8485334 -0.2656727
vn 0.4576125 -0.8485334 -0.2656727
vn -0.5238961 -0.8485292 -0.0743719
vn -0.5238961 -0.8485292 -0.0743719
vn -0.981531 0 0.1913042
vn -0.3708502 0.7960057 0.4783776
vn -0.4576125 0.8485334 0.2656727
vn -0.4576125 0.8485334 0.2656727
vn 0.5238961 0.8485292 0.0743719
vn 0.5238961 0.8485292 0.0743719
vn 0.981531 0 -0.1913042
vn 0.981531 0 -0.1913042
vn 0.4576125 -0.8485334 -0.2656727
vn 0.9975585 0 -0.06983721
vn 0.495804 -0.8649986 -0.07717425
vn 0.495804 -0.8649986 -0.07717425
vn -0.5017529 -0.8649805 -0.007268369
vn -0.5017529 -0.8649805 -0.007268369
vn -0.9975585 0 0.06983721
vn -0.495804 0.8649986 0.07717425
vn -0.495804 0.8649986 0.07717425
vn 0.5017529 0.8649805 0.007268369
vn 0.5017529 0.8649805 0.007268369
vn 0.9975585 0 -0.06983721
vn 0.9985914 0 0.05306011
vn 0.4992656 -0.8660429 0.02652887
vn 0.4992656 -0.8660429 0.02652887
vn -0.4992656 -0.8660429 -0.02652887
vn -0.4992656 -0.8660429 -0.02652887
vn -0.9985914 0 -0.05306011
vn -0.4992656 0.8660429 -0.02652887
vn -0.4992656 0.8660429 -0.02652887
vn 0.4992656 0.8660429 0.02652887
vn 0.4992656 0.8660429 0.02652887
vn 0.9985914 0 0.05306011
vn 0.981239 0 0.1927963
vn 0.49061 -0.866031 0.09639633
vn 0.49061 -0.866031 0.09639633
vn -0.49061 -0.866031 -0.09639633
vn -0.49061 -0.866031 -0.09639633
vn -0.981239 0 -0.1927963
vn -0.49061 0.866031 -0.09639633
vn -0.49061 0.866031 -0.09639633
vn 0.49061 0.866031 0.09639633
vn 0.49061 0.866031 0.09639633
vn 0.981239 0 0.1927963
vn 0.9348189 0 0.355125
vn 0.4673935 -0.86604 0.1775334
vn 0.4673935 -0.86604 0.1775334
vn -0.4673935 -0.86604 -0.1775334
vn -0.4673935 -0.86604 -0.1775334
vn -0.9348189 0 -0.355125
vn -0.4673935 0.86604 -0.1775334
vn -0.4673935 0.86604 -0.1775334
vn 0.4673935 0.86604 0.1775334
vn 0.4673935 0.86604 0.1775334
vn 0.9348189 0 0.355125
vn 0.8495301 0 0.5275403
vn 0.4247419 -0.8660458 0.2637406
vn 0.4247419 -0.8660458 0.2637406
vn -0.4247419 -0.8660458 -0.2637406
vn -0.4247419 -0.8660458 -0.2637406
vn -0.8495301 0 -0.5275403
vn -0.4247419 0.8660458 -0.2637406
vn -0.4247419 0.8660458 -0.2637406
vn 0.4247419 0.8660458 0.2637406
vn 0.4247419 0.8660458 0.2637406
vn 0.8495301 0 0.5275403
vn 0.7250749 0 0.6886702
vn 0.362531 -0.8660165 0.3443643
vn 0.362531 -0.8660165 0.3443643
vn -0.362531 -0.8660165 -0.3443643
vn -0.362531 -0.8660165 -0.3443643
vn -0.7250749 0 -0.6886702
vn -0.362531 0.8660165 -0.3443643
vn -0.362531 0.8660165 -0.3443643
vn 0.362531 0.8660165 0.3443643
vn 0.362531 0.8660165 0.3443643
vn 0.7250749 0 0.6886702
vn 0.5749937 0 0.818158
vn 0.2874915 -0.8660308 0.4090714
vn 0.2874915 -0.8660308 0.4090714
vn -0.2874915 -0.8660308 -0.4090714
vn -0.362531 -0.8660165 -0.3443643
vn -0.7250749 0 -0.6886702
vn -0.2874915 -0.8660308 -0.4090714
vn -0.5749937 0 -0.818158
vn -0.7250749 0 -0.6886702
vn -0.362531 0.8660165 -0.3443643
vn -0.5749937 0 -0.818158
vn -0.2874915 0.8660308 -0.4090714
vn -0.2874915 0.8660308 -0.4090714
vn 0.2874915 0.8660308 0.4090714
vn 0.2874915 0.8660308 0.4090714
vn 0.5749937 0 0.818158
vn 0.4206186 0 0.9072378
vn 0.2103322 -0.8660123 0.4536333
vn 0.2103322 -0.8660123 0.4536333
vn -0.2103322 -0.8660123 -0.4536333
vn -0.2103322 -0.8660123 -0.4536333
vn -0.4206186 0 -0.9072378
vn -0.4206186 0 -0.9072378
vn -0.2103322 0.8660123 -0.4536333
vn -0.2103322 0.8660123 -0.4536333
vn 0.2103322 0.8660123 0.4536333
vn 0.2874915 0.8660308 0.4090714
vn 0.5749937 0 0.818158
vn 0.2103322 0.8660123 0.4536333
vn 0.4206186 0 0.9072378
vn 0.4206186 0 0.9072378
vn 0.2103322 -0.8660123 0.4536333
vn 0.2792951 0 0.9602054
vn 0.1396511 -0.8660395 0.4800762
vn 0.1396511 -0.8660395 0.4800762
vn -0.1396511 -0.8660395 -0.4800762
vn -0.1396511 -0.8660395 -0.4800762
vn -0.2792951 0 -0.9602054
vn -0.2792951 0 -0.9602054
vn -0.1396511 0.8660395 -0.4800762
vn -0.1396511 0.8660395 -0.4800762
vn 0.1396511 0.8660395 0.4800762
vn 0.1396511 0.8660395 0.4800762
vn 0.2792951 0 0.9602054
vn 0.1590863 0 0.9872648
vn 0.07950971 -0.8660274 0.4936343
vn 0.07950971 -0.8660274 0.4936343
vn -0.07950971 -0.8660274 -0.4936343
vn -0.07950971 -0.8660274 -0.4936343
vn -0.1590863 0 -0.9872648
vn -0.1590863 0 -0.9872648
vn -0.07950971 0.8660274 -0.4936343
vn -0.07950971 0.8660274 -0.4936343
vn 0.07950971 0.8660274 0.4936343
vn 0.07950971 0.8660274 0.4936343
vn 0.1590863 0 0.9872648
vn 0.05261235 0 0.9986151
vn 0.01612578 -0.8659656 0.4998435
vn 0.01612578 -0.8659656 0.4998435
vn -0.03648635 -0.8659676 -0.4987674
vn -0.03648635 -0.8659676 -0.4987674
vn -0.05261235 0 -0.9986151
vn -0.05261235 0 -0.9986151
vn -0.01612578 0.8659656 -0.4998435
vn -0.01612578 0.8659656 -0.4998435
vn 0.03648635 0.8659676 0.4987674
vn 0.03648635 0.8659676 0.4987674
vn 0.05261235 0 0.9986151
vn -0.05612156 0 0.9984241
vn -0.06564119 -0.8652017 0.4971089
vn -0.06564119 -0.8652017 0.4971089
vn -0.009519339 -0.8651999 -0.5013369
vn -0.009519339 -0.8651999 -0.5013369
vn 0.05612156 0 -0.9984241
vn 0.05612156 0 -0.9984241
vn 0.06564119 0.8652017 -0.4971089
vn 0.06564119 0.8652017 -0.4971089
vn 0.009519339 0.8651999 0.5013369
vn 0.009519339 0.8651999 0.5013369
vn -0.05612156 0 0.9984241
vn -0.1689769 0 0.9856201
vn -0.1514462 -0.8633491 0.4813443
vn -0.1514462 -0.8633491 0.4813443
vn 0.01752962 -0.8633644 -0.5042763
vn 0.01752962 -0.8633644 -0.5042763
vn 0.1689769 0 -0.9856201
vn 0.1689769 0 -0.9856201
vn 0.1514462 0.8633491 -0.4813443
vn 0.1514462 0.8633491 -0.4813443
vn -0.01752962 0.8633644 0.5042763
vn -0.01752962 0.8633644 0.5042763
vn -0.1689769 0 0.9856201
vn -0.2829729 0 0.959128
vn -0.228053 -0.8613133 0.4540168
vn -0.228053 -0.8613133 0.4540168
vn 0.0549247 -0.8612985 -0.505122
vn 0.0549247 -0.8612985 -0.505122
vn 0.2829729 0 -0.959128
vn 0.2829729 0 -0.959128
vn 0.228053 0.8613133 -0.4540168
vn 0.228053 0.8613133 -0.4540168
vn -0.0549247 0.8612985 0.505122
vn -0.0549247 0.8612985 0.505122
vn -0.2829729 0 0.959128
vn -0.4009245 0 0.9161112
vn -0.2965877 -0.859652 0.4159736
vn -0.2965877 -0.859652 0.4159736
vn 0.1042866 -0.8596535 -0.5001201
vn 0.1042866 -0.8596535 -0.5001201
vn 0.4009245 0 -0.9161112
vn 0.4009245 0 -0.9161112
vn 0.2965877 0.859652 -0.4159736
vn 0.2965877 0.859652 -0.4159736
vn -0.1042866 0.8596535 0.5001201
vn -0.1042866 0.8596535 0.5001201
vn -0.4009245 0 0.9161112
vn -0.524299 0 0.8515344
vn -0.3573164 -0.8588008 0.3671324
vn -0.3573164 -0.8588008 0.3671324
vn 0.1669761 -0.8587728 -0.4843844
vn 0.1669761 -0.8587728 -0.4843844
vn 0.524299 0 -0.8515344
vn 0.524299 0 -0.8515344
vn 0.3573164 0.8588008 -0.3671324
vn 0.3573164 0.8588008 -0.3671324
vn -0.1669761 0.8587728 0.4843844
vn -0.1669761 0.8587728 0.4843844
vn -0.524299 0 0.8515344
vn -0.6517372 0 0.7584451
vn -0.4091526 -0.8590291 0.3076737
vn -0.4091526 -0.8590291 0.3076737
vn 0.2425822 -0.8590452 -0.4507718
vn 0.2425822 -0.8590452 -0.4507718
vn 0.6517372 0 -0.7584451
vn 0.6517372 0 -0.7584451
vn 0.4091526 0.8590291 -0.3076737
vn 0.4091526 0.8590291 -0.3076737
vn -0.2425822 0.8590452 0.4507718
vn -0.2425822 0.8590452 0.4507718
vn -0.6517372 0 0.7584451
vn -0.6517372 0 0.7584451
vn -0.4091526 -0.8590291 0.3076737
vn -0.7767018 0 0.6298686
vn -0.4497775 -0.8605145 0.239197
vn -0.4497775 -0.8605145 0.239197
vn 0.3269125 -0.8605288 -0.390664
vn 0.3269125 -0.8605288 -0.390664
vn 0.7767018 0 -0.6298686
vn 0.7767018 0 -0.6298686
vn 0.4497775 0.8605145 -0.239197
vn 0.4497775 0.8605145 -0.239197
vn -0.3269125 0.8605288 0.390664
vn -0.3269125 0.8605288 0.390664
vn -0.7767018 0 0.6298686
vn -0.8864423 0 0.4628394
vn -0.4774607 -0.8628682 0.1658005
vn -0.4774607 -0.8628682 0.1658005
vn 0.4089773 -0.8628488 -0.2970347
vn 0.3269125 -0.8605288 -0.390664
vn 0.7767018 0 -0.6298686
vn 0.4089773 -0.8628488 -0.2970347
vn 0.8864423 0 -0.4628394
vn 0.8864423 0 -0.4628394
vn 0.4774607 0.8628682 -0.1658005
vn 0.4774607 0.8628682 -0.1658005
vn -0.4089773 0.8628488 0.2970347
vn -0.7767018 0 0.6298686
vn -0.8864423 0 0.4628394
vn -0.964433 0 0.2643279
vn -0.4927932 -0.8651059 0.09352428
vn -0.4927932 -0.8651059 0.09352428
vn 0.47161 -0.8651045 -0.1708168
vn 0.47161 -0.8651045 -0.1708168
vn 0.964433 0 -0.2643279
vn 0.8864423 0 -0.4628394
vn 0.4774607 0.8628682 -0.1658005
vn 0.964433 0 -0.2643279
vn 0.4927932 0.8651059 -0.09352428
vn 0.4927932 0.8651059 -0.09352428
vn -0.47161 0.8651045 0.1708168
vn -0.964433 0 0.2643279
vn -0.998859 0 0.0477587
vn -0.4994582 -0.8660154 0.02363998
vn -0.4994582 -0.8660154 0.02363998
vn 0.4994147 -0.8660291 -0.02405149
vn 0.4994147 -0.8660291 -0.02405149
vn 0.998859 0 -0.0477587
vn 0.998859 0 -0.0477587
vn 0.4994582 0.8660154 -0.02363998
vn 0.4994582 0.8660154 -0.02363998
vn -0.4994147 0.8660291 0.02405149
vn -0.998859 0 0.0477587
vn -0.9848565 0 -0.173372
vn -0.4990279 -0.8651947 -0.04908577
vn -0.4990279 -0.8651947 -0.04908577
vn 0.4857955 -0.8651907 0.1242895
vn 0.4857955 -0.8651907 0.1242895
vn 0.9848565 0 0.173372
vn 0.9848565 0 0.173372
vn 0.4990279 0.8651947 0.04908577
vn 0.4990279 0.8651947 0.04908577
vn -0.4857955 0.8651907 -0.1242895
vn -0.4994147 0.8660291 0.02405149
vn -0.998859 0 0.0477587
vn -0.4857955 0.8651907 -0.1242895
vn -0.998859 0 0.0477587
vn -0.9848565 0 -0.173372
vn -0.4857955 0.8651907 -0.1242895
vn -0.9267824 0 -0.3755991
vn -0.4890737 -0.8633322 -0.124357
vn -0.4890737 -0.8633322 -0.124357
vn 0.437726 -0.8633108 0.2511782
vn 0.437726 -0.8633108 0.2511782
vn 0.9267824 0 0.3755991
vn 0.9267824 0 0.3755991
vn 0.4890737 0.8633322 0.124357
vn 0.4990279 0.8651947 0.04908577
vn -0.4857955 0.8651907 -0.1242895
vn 0.4890737 0.8633322 0.124357
vn -0.437726 0.8633108 -0.2511782
vn -0.437726 0.8633108 -0.2511782
vn -0.9267824 0 -0.3755991
vn -0.8410847 0 -0.5409037
vn -0.4681935 -0.8615425 -0.1963142
vn -0.4681935 -0.8615425 -0.1963142
vn 0.3728268 -0.8615443 0.3445893
vn 0.437726 -0.8633108 0.2511782
vn 0.9267824 0 0.3755991
vn 0.3728268 -0.8615443 0.3445893
vn 0.8410847 0 0.5409037
vn 0.8410847 0 0.5409037
vn 0.4681935 0.8615425 0.1963142
vn 0.4890737 0.8633322 0.124357
vn 0.4681935 0.8615425 0.1963142
vn -0.3728268 0.8615443 -0.3445893
vn -0.8410847 0 -0.5409037
vn -0.7423431 0 -0.6700201
vn -0.4369389 -0.8604512 -0.2621228
vn -0.4369389 -0.8604512 -0.2621228
vn 0.3054106 -0.8604624 0.4078342
vn 0.3054106 -0.8604624 0.4078342
vn 0.7423431 0 0.6700201
vn 0.7423431 0 0.6700201
vn 0.4369389 0.8604512 0.2621228
vn 0.4369389 0.8604512 0.2621228
vn -0.3054106 0.8604624 -0.4078342
vn -0.7423431 0 -0.6700201
vn -0.7423431 0 -0.6700201
vn -0.4369389 -0.8604512 -0.2621228
vn -0.6388205 0 -0.769356
vn -0.396162 -0.860265 -0.3209361
vn -0.396162 -0.860265 -0.3209361
vn 0.2425999 -0.8602657 0.4484287
vn 0.2425999 -0.8602657 0.4484287
vn 0.6388205 0 0.769356
vn 0.6388205 0 0.769356
vn 0.396162 0.860265 0.3209361
vn 0.396162 0.860265 0.3209361
vn -0.2425999 0.8602657 -0.4484287
vn -0.6388205 0 -0.769356
vn -0.533017 0 -0.8461047
vn -0.3462399 -0.8608873 -0.3728152
vn -0.3462399 -0.8608873 -0.3728152
vn 0.186765 -0.860891 0.473271
vn 0.186765 -0.860891 0.473271
vn 0.533017 0 0.8461047
vn 0.533017 0 0.8461047
vn 0.3462399 0.8608873 0.3728152
vn 0.3462399 0.8608873 0.3728152
vn -0.186765 0.860891 -0.473271
vn -0.533017 0 -0.8461047
vn -0.4240983 0 -0.9056163
vn -0.2861708 -0.8621538 -0.4180876
vn -0.2861708 -0.8621538 -0.4180876
vn 0.1379163 -0.8621585 0.4875057
vn 0.1379163 -0.8621585 0.4875057
vn 0.4240983 0 0.9056163
vn 0.4240983 0 0.9056163
vn 0.2861708 0.8621538 0.4180876
vn 0.2861708 0.8621538 0.4180876
vn -0.1379163 0.8621585 -0.4875057
vn -0.4240983 0 -0.9056163
vn -0.3091925 0 -0.9509996
vn -0.2139173 -0.8637931 -0.4561807
vn -0.2139173 -0.8637931 -0.4561807
vn 0.09520844 -0.8637676 0.4948141
vn 0.09520844 -0.8637676 0.4948141
vn 0.3091925 0 0.9509996
vn 0.3091925 0 0.9509996
vn 0.2139173 0.8637931 0.4561807
vn 0.2139173 0.8637931 0.4561807
vn -0.09520844 0.8637676 -0.4948141
vn -0.3091925 0 -0.9509996
vn -0.1839519 0 -0.9829353
vn -0.1263559 -0.8653108 -0.4850479
vn -0.1263559 -0.8653108 -0.4850479
vn 0.05758647 -0.8653097 0.4979187
vn 0.05758647 -0.8653097 0.4979187
vn 0.1839519 0 0.9829353
vn 0.1839519 0 0.9829353
vn 0.1263559 0.8653108 0.4850479
vn 0.1263559 0.8653108 0.4850479
vn -0.05758647 0.8653097 -0.4979187
vn -0.1839519 0 -0.9829353
vn -0.03942838 0 -0.9992225
vn -0.02930939 -0.8659746 -0.4992283
vn -0.02930939 -0.8659746 -0.4992283
vn 0.01011959 -0.8659629 0.5000058
vn 0.01011959 -0.8659629 0.5000058
vn 0.03942838 0 0.9992225
vn 0.03942838 0 0.9992225
vn 0.02930939 0.8659746 0.4992283
vn 0.02930939 0.8659746 0.4992283
vn -0.01011959 0.8659629 -0.5000058
vn -0.03942838 0 -0.9992225
vn 0.1232318 0 -0.9923781
vn 0.06158167 -0.8660279 -0.4961889
vn 0.06158167 -0.8660279 -0.4961889
vn -0.06158167 -0.8660279 0.4961889
vn -0.06158167 -0.8660279 0.4961889
vn -0.1232318 0 0.9923781
vn 0.03942838 0 0.9992225
vn -0.1232318 0 0.9923781
vn -0.06158167 0.8660279 0.4961889
vn 0.06158167 0.8660279 -0.4961889
vn 0.1232318 0 -0.9923781
vn 0.2844622 0 -0.9586874
vn 0.1422273 -0.8660331 -0.4793309
vn 0.1422273 -0.8660331 -0.4793309
vn -0.1422273 -0.8660331 0.4793309
vn -0.1422273 -0.8660331 0.4793309
vn -0.2844622 0 0.9586874
vn -0.2844622 0 0.9586874
vn -0.1422273 0.8660331 0.4793309
vn 0.1422273 0.8660331 -0.4793309
vn 0.2844622 0 -0.9586874
vn 0.4319746 0 -0.9018859
vn 0.2159907 -0.8660209 -0.45095
vn 0.2159907 -0.8660209 -0.45095
vn -0.2159907 -0.8660209 0.45095
vn -0.2159907 -0.8660209 0.45095
vn -0.4319746 0 0.9018859
vn -0.4319746 0 0.9018859
vn -0.2159907 0.8660209 0.45095
vn 0.2159907 0.8660209 -0.45095
vn 0.4319746 0 -0.9018859
vn 0.4319746 0 -0.9018859
vn 0.2159907 -0.8660209 -0.45095
vn 0.5642136 0 -0.8256291
vn 0.2821313 -0.8660247 -0.4127992
vn 0.2821313 -0.8660247 -0.4127992
vn -0.2821313 -0.8660247 0.4127992
vn -0.2821313 -0.8660247 0.4127992
vn -0.5642136 0 0.8256291
vn -0.5642136 0 0.8256291
vn -0.2821313 0.8660247 0.4127992
vn 0.2821313 0.8660247 -0.4127992
vn 0.2159907 0.8660209 -0.45095
vn 0.4319746 0 -0.9018859
vn 0.2821313 0.8660247 -0.4127992
vn 0.5642136 0 -0.8256291
vn 0.6809978 0 -0.7322856
vn 0.3404911 -0.8660183 -0.3661669
vn 0.3404911 -0.8660183 -0.3661669
vn -0.3404911 -0.8660183 0.3661669
vn -0.2821313 -0.8660247 0.4127992
vn -0.5642136 0 0.8256291
vn -0.3404911 -0.8660183 0.3661669
vn -0.6809978 0 0.7322856
vn -0.6809978 0 0.7322856
vn -0.3404911 0.8660183 0.3661669
vn 0.3404911 0.8660183 -0.3661669
vn 0.3404911 0.8660183 -0.3661669
vn 0.6809978 0 -0.7322856
vn 0.7821457 0 -0.6230957
vn 0.3910955 -0.8660189 -0.3115374
vn 0.3910955 -0.8660189 -0.3115374
vn -0.3910955 -0.8660189 0.3115374
vn -0.3910955 -0.8660189 0.3115374
vn -0.7821457 0 0.6230957
vn -0.7821457 0 0.6230957
vn -0.3910955 0.8660189 0.3115374
vn 0.3910955 0.8660189 -0.3115374
vn 0.3910955 0.8660189 -0.3115374
vn 0.7821457 0 -0.6230957
vn 0.8670539 0 -0.4982144
vn 0.4335392 -0.8660138 -0.2491266
vn 0.4335392 -0.8660138 -0.2491266
vn -0.4335392 -0.8660138 0.2491266
vn -0.4335392 -0.8660138 0.2491266
vn -0.8670539 0 0.4982144
vn -0.8670539 0 0.4982144
vn -0.3910955 0.8660189 0.3115374
vn -0.4335392 0.8660138 0.2491266
vn -0.8670539 0 0.4982144
vn -0.4335392 0.8660138 0.2491266
vn 0.4335392 0.8660138 -0.2491266
vn 0.4335392 0.8660138 -0.2491266
vn 0.8670539 0 -0.4982144
vn 0.9337086 0 -0.3580341
vn 0.4668212 -0.8660359 -0.1790523
vn 0.4668212 -0.8660359 -0.1790523
vn -0.4668212 -0.8660359 0.1790523
vn -0.4668212 -0.8660359 0.1790523
vn -0.9337086 0 0.3580341
vn -0.9337086 0 0.3580341
vn -0.4668212 0.8660359 0.1790523
vn 0.4668212 0.8660359 -0.1790523
vn 0.4668212 0.8660359 -0.1790523
vn 0.9337086 0 -0.3580341
vn 0.9789673 0 -0.2040182
vn 0.4895009 -0.8660122 -0.102038
vn 0.4895009 -0.8660122 -0.102038
vn -0.4895009 -0.8660122 0.102038
vn -0.4895009 -0.8660122 0.102038
vn -0.9789673 0 0.2040182
vn -0.9789673 0 0.2040182
vn -0.4895009 0.8660122 0.102038
vn 0.4895009 0.8660122 -0.102038
vn 0.4895009 0.8660122 -0.102038
vn 0.9789673 0 -0.2040182
vn 0.9993514 0 -0.03601408
vn 0.4996504 -0.8660407 -0.01797473
vn 0.4996504 -0.8660407 -0.01797473
vn -0.4996504 -0.8660407 0.01797473
vn -0.4996504 -0.8660407 0.01797473
vn -0.9993514 0 0.03601408
vn -0.9993514 0 0.03601408
vn -0.4996504 0.8660407 0.01797473
vn 0.4996504 0.8660407 -0.01797473
vn 0.4996504 0.8660407 -0.01797473
vn 0.9993514 0 -0.03601408
vn 0.9897969 0 0.142486
vn 0.4949068 -0.8660234 0.07120997
vn 0.4949068 -0.8660234 0.07120997
vn -0.4949068 -0.8660234 -0.07120997
vn -0.4949068 -0.8660234 -0.07120997
vn -0.9897969 0 -0.142486
vn -0.9897969 0 -0.142486
vn -0.4949068 0.8660234 -0.07120997
vn 0.4949068 0.8660234 0.07120997
vn 0.4949068 0.8660234 0.07120997
vn 0.9897969 0 0.142486
vn 0.9487953 0 0.315892
vn 0.474388 -0.866025 0.1579773
vn 0.474388 -0.866025 0.1579773
vn -0.474388 -0.866025 -0.1579773
vn -0.474388 -0.866025 -0.1579773
vn -0.9487953 0 -0.315892
vn -0.9487953 0 -0.315892
vn -0.474388 0.866025 -0.1579773
vn 0.474388 0.866025 0.1579773
vn 0.474388 0.866025 0.1579773
vn 0.9487953 0 0.315892
vn 0.9487953 0 0.315892
vn 0.474388 -0.866025 0.1579773
vn 0.881917 0 0.471405
vn 0.4409475 -0.8660325 0.2356967
vn 0.4409475 -0.8660325 0.2356967
vn -0.4409475 -0.8660325 -0.2356967
vn -0.4409475 -0.8660325 -0.2356967
vn -0.881917 0 -0.471405
vn -0.881917 0 -0.471405
vn -0.4409475 0.8660325 -0.2356967
vn 0.4409475 0.8660325 0.2356967
vn 0.4409475 0.8660325 0.2356967
vn 0.881917 0 0.471405
vn 0.7955648 0 0.6058686
vn 0.397773 -0.8660322 0.3029271
vn 0.397773 -0.8660322 0.3029271
vn -0.397773 -0.8660322 -0.3029271
vn -0.397773 -0.8660322 -0.3029271
vn -0.7955648 0 -0.6058686
vn -0.7955648 0 -0.6058686
vn -0.397773 0.8660322 -0.3029271
vn 0.397773 0.8660322 0.3029271
vn 0.397773 0.8660322 0.3029271
vn 0.7955648 0 0.6058686
vn 0.6946539 0 0.7193443
vn 0.3473165 -0.8660193 0.3596968
vn 0.3473165 -0.8660193 0.3596968
vn -0.3473165 -0.8660193 -0.3596968
vn -0.397773 -0.8660322 -0.3029271
vn -0.7955648 0 -0.6058686
vn -0.3473165 -0.8660193 -0.3596968
vn -0.6946539 0 -0.7193443
vn -0.6946539 0 -0.7193443
vn -0.3473165 0.8660193 -0.3596968
vn 0.3473165 0.8660193 0.3596968
vn 0.397773 0.8660322 0.3029271
vn 0.7955648 0 0.6058686
vn 0.3473165 0.8660193 0.3596968
vn 0.6946539 0 0.7193443
vn 0.5822055 0 0.8130417
vn 0.2910785 -0.8660446 0.4064972
vn 0.2910785 -0.8660446 0.4064972
vn -0.2910785 -0.8660446 -0.4064972
vn -0.2910785 -0.8660446 -0.4064972
vn -0.5822055 0 -0.8130417
vn -0.5822055 0 -0.8130417
vn -0.2910785 0.8660446 -0.4064972
vn 0.2910785 0.8660446 0.4064972
vn 0.2910785 0.8660446 0.4064972
vn 0.5822055 0 0.8130417
vn 0.4595107 0 0.8881723
vn 0.2297492 -0.8660331 0.4440744
vn 0.2297492 -0.8660331 0.4440744
vn -0.2297492 -0.8660331 -0.4440744
vn -0.2297492 -0.8660331 -0.4440744
vn -0.4595107 0 -0.8881723
vn -0.4595107 0 -0.8881723
vn -0.2297492 0.8660331 -0.4440744
vn 0.2297492 0.8660331 0.4440744
vn 0.2297492 0.8660331 0.4440744
vn 0.4595107 0 0.8881723
vn 0.3268956 0 0.9450605
vn 0.1634777 -0.8660254 0.4725198
vn 0.1634777 -0.8660254 0.4725198
vn -0.1634777 -0.8660254 -0.4725198
vn -0.1634777 -0.8660254 -0.4725198
vn -0.3268956 0 -0.9450605
vn -0.3268956 0 -0.9450605
vn -0.1634777 0.8660254 -0.4725198
vn 0.1634777 0.8660254 0.4725198
vn 0.1634777 0.8660254 0.4725198
vn 0.3268956 0 0.9450605
vn 0.1846345 0 0.9828074
vn 0.09235265 -0.8660402 0.4913709
vn 0.09235265 -0.8660402 0.4913709
vn -0.09235265 -0.8660402 -0.4913709
vn -0.09235265 -0.8660402 -0.4913709
vn -0.1846345 0 -0.9828074
vn -0.1846345 0 -0.9828074
vn -0.09235265 0.8660402 -0.4913709
vn 0.09235265 0.8660402 0.4913709
vn 0.09235265 0.8660402 0.4913709
vn 0.1846345 0 0.9828074
vn 0.03089669 0 0.9995227
vn 0.01544792 -0.8660334 0.4997475
vn 0.01544792 -0.8660334 0.4997475
vn -0.01544792 -0.8660334 -0.4997475
vn -0.01544792 -0.8660334 -0.4997475
vn -0.03089669 0 -0.9995227
vn -0.03089669 0 -0.9995227
vn -0.01544792 0.8660334 -0.4997475
vn 0.01544792 0.8660334 0.4997475
vn 0.01544792 0.8660334 0.4997475
vn 0.03089669 0 0.9995227
vn -0.1329325 0 0.9911252
vn -0.06646477 -0.8660184 0.495575
vn -0.06646477 -0.8660184 0.495575
vn 0.06646477 -0.8660184 -0.495575
vn 0.06646477 -0.8660184 -0.495575
vn 0.1329325 0 -0.9911252
vn 0.1329325 0 -0.9911252
vn 0.06646477 0.8660184 -0.495575
vn -0.06646477 0.8660184 0.495575
vn -0.06646477 0.8660184 0.495575
vn -0.1329325 0 0.9911252
vn -0.295088 0 0.9554702
vn -0.1475465 -0.8660206 0.4777431
vn -0.1475465 -0.8660206 0.4777431
vn 0.1475465 -0.8660206 -0.4777431
vn 0.1475465 -0.8660206 -0.4777431
vn 0.295088 0 -0.9554702
vn 0.295088 0 -0.9554702
vn 0.1475465 0.8660206 -0.4777431
vn -0.1475465 0.8660206 0.4777431
vn -0.1475465 0.8660206 0.4777431
vn -0.295088 0 0.9554702
vn -0.295088 0 0.9554702
vn -0.1475465 -0.8660206 0.4777431
vn -0.4454306 0 0.8953166
vn -0.2227405 -0.8660128 0.4476703
vn -0.2227405 -0.8660128 0.4476703
vn 0.2227405 -0.8660128 -0.4476703
vn 0.2227405 -0.8660128 -0.4476703
vn 0.4454306 0 -0.8953166
vn 0.4454306 0 -0.8953166
vn 0.2227405 0.8660128 -0.4476703
vn -0.2227405 0.8660128 0.4476703
vn -0.2227405 0.8660128 0.4476703
vn -0.4454306 0 0.8953166
vn -0.5806376 0 0.8141623
vn -0.2903492 -0.8660183 0.4070747
vn -0.2903492 -0.8660183 0.4070747
vn 0.2903492 -0.8660183 -0.4070747
vn 0.2227405 -0.8660128 -0.4476703
vn 0.4454306 0 -0.8953166
vn 0.2903492 -0.8660183 -0.4070747
vn 0.5806376 0 -0.8141623
vn 0.4454306 0 -0.8953166
vn 0.2227405 0.8660128 -0.4476703
vn 0.5806376 0 -0.8141623
vn 0.2903492 0.8660183 -0.4070747
vn 0.2903492 0.8660183 -0.4070747
vn -0.2903492 0.8660183 0.4070747
vn -0.4454306 0 0.8953166
vn -0.5806376 0 0.8141623
vn -0.6989564 0 0.7151645
vn -0.3494852 -0.8660331 0.3575568
vn -0.3494852 -0.8660331 0.3575568
vn 0.3494852 -0.8660331 -0.3575568
vn 0.3494852 -0.8660331 -0.3575568
vn 0.6989564 0 -0.7151645
vn 0.6989564 0 -0.7151645
vn 0.3494852 0.8660331 -0.3575568
vn 0.3494852 0.8660331 -0.3575568
vn -0.3494852 0.8660331 0.3575568
vn -0.6989564 0 0.7151645
vn -0.7993982 0 0.6008017
vn -0.3997076 -0.8660172 0.3004133
vn -0.3997076 -0.8660172 0.3004133
vn 0.3997076 -0.8660172 -0.3004133
vn 0.3997076 -0.8660172 -0.3004133
vn 0.7993982 0 -0.6008017
vn 0.7993982 0 -0.6008017
vn 0.3997076 0.8660172 -0.3004133
vn 0.3997076 0.8660172 -0.3004133
vn -0.3997076 0.8660172 0.3004133
vn -0.7993982 0 0.6008017
vn -0.8811291 0 0.472876
vn -0.4405886 -0.866015 0.2364312
vn -0.4405886 -0.866015 0.2364312
vn 0.4405886 -0.866015 -0.2364312
vn 0.4405886 -0.866015 -0.2364312
vn 0.8811291 0 -0.472876
vn 0.8811291 0 -0.472876
vn 0.4405886 0.866015 -0.2364312
vn 0.4405886 0.866015 -0.2364312
vn -0.4405886 0.866015 0.2364312
vn -0.8811291 0 0.472876
vn -0.942911 0 0.3330452
vn -0.4714255 -0.8660412 0.1665255
vn -0.4714255 -0.8660412 0.1665255
vn 0.4714255 -0.8660412 -0.1665255
vn 0.4714255 -0.8660412 -0.1665255
vn 0.942911 0 -0.3330452
vn 0.942911 0 -0.3330452
vn 0.4714255 0.8660412 -0.1665255
vn 0.4714255 0.8660412 -0.1665255
vn -0.4714255 0.8660412 0.1665255
vn -0.942911 0 0.3330452
vn -0.9829626 0 0.1838064
vn -0.4914802 -0.8660225 0.09193677
vn -0.4914802 -0.8660225 0.09193677
vn 0.4914802 -0.8660225 -0.09193677
vn 0.4914802 -0.8660225 -0.09193677
vn 0.9829626 0 -0.1838064
vn 0.9829626 0 -0.1838064
vn 0.4914802 0.8660225 -0.09193677
vn 0.4914802 0.8660225 -0.09193677
vn -0.4914802 0.8660225 0.09193677
vn -0.9829626 0 0.1838064
vn -0.9996354 0 0.02700591
vn -0.4998035 -0.8660342 0.01346862
vn -0.4998035 -0.8660342 0.01346862
vn 0.4998035 -0.8660342 -0.01346862
vn 0.4998035 -0.8660342 -0.01346862
vn 0.9996354 0 -0.02700591
vn 0.9996354 0 -0.02700591
vn 0.4998035 0.8660342 -0.01346862
vn 0.4998035 0.8660342 -0.01346862
vn -0.4998035 0.8660342 0.01346862
vn -0.9996354 0 0.02700591
vn -0.9913961 0 -0.1308968
vn -0.4956911 -0.8660294 -0.06544745
vn -0.4956911 -0.8660294 -0.06544745
vn 0.4956911 -0.8660294 0.06544745
vn 0.4956911 -0.8660294 0.06544745
vn 0.9913961 0 0.1308968
vn 0.9913961 0 0.1308968
vn 0.4956911 0.8660294 0.06544745
vn 0.4956911 0.8660294 0.06544745
vn -0.4956911 0.8660294 -0.06544745
vn -0.9913961 0 -0.1308968
vn -0.9603117 0 -0.2789297
vn -0.4801293 -0.86604 -0.1394656
vn -0.4801293 -0.86604 -0.1394656
vn 0.4801293 -0.86604 0.1394656
vn 0.4801293 -0.86604 0.1394656
vn 0.9603117 0 0.2789297
vn 0.9603117 0 0.2789297
vn 0.4801293 0.86604 0.1394656
vn 0.4801293 0.86604 0.1394656
vn -0.4801293 0.86604 -0.1394656
vn -0.9603117 0 -0.2789297
vn -0.9104965 0 -0.4135171
vn -0.4552224 -0.8660384 -0.2067609
vn -0.9104965 0 -0.4135171
vn 0.4552224 -0.8660384 0.2067609
vn 0.4801293 -0.86604 0.1394656
vn 0.9603117 0 0.2789297
vn 0.4552224 -0.8660384 0.2067609
vn 0.9104965 0 0.4135171
vn 0.9104965 0 0.4135171
vn 0.4552224 0.8660384 0.2067609
vn 0.4552224 0.8660384 0.2067609
vn -0.4552224 0.8660384 -0.2067609
vn -0.9104965 0 -0.4135171
vn -0.8438977 0 -0.5365043
vn -0.4219545 -0.8660216 -0.2682557
vn 0.4219545 -0.8660216 0.2682557
vn 0.4219545 -0.8660216 0.2682557
vn 0.8438977 0 0.5365043
vn 0.8438977 0 0.5365043
vn 0.4219545 0.8660216 0.2682557
vn 0.4219545 0.8660216 0.2682557
vn -0.4219545 0.8660216 -0.2682557
vn -0.8438977 0 -0.5365043
vn -0.7602724 0 -0.6496046
vn -0.380104 -0.8660263 -0.3248377
vn 0.380104 -0.8660263 0.3248377
vn 0.380104 -0.8660263 0.3248377
vn 0.7602724 0 0.6496046
vn 0.7602724 0 0.6496046
vn 0.380104 0.8660263 0.3248377
vn 0.380104 0.8660263 0.3248377
vn -0.380104 0.8660263 -0.3248377
vn -0.7602724 0 -0.6496046
vn -0.6576129 0 -0.7533562
vn -0.32877 -0.8660411 -0.3766739
vn 0.32877 -0.8660411 0.3766739
vn 0.32877 -0.8660411 0.3766739
vn 0.6576129 0 0.7533562
vn 0.6576129 0 0.7533562
vn 0.32877 0.8660411 0.3766739
vn 0.32877 0.8660411 0.3766739
vn -0.32877 0.8660411 -0.3766739
vn -0.6576129 0 -0.7533562
vn -0.5330645 0 -0.8460747
vn -0.2665391 -0.8660356 -0.423012
vn 0.2665391 -0.8660356 0.423012
vn 0.2665391 -0.8660356 0.423012
vn 0.5330645 0 0.8460747
vn 0.6576129 0 0.7533562
vn 0.32877 0.8660411 0.3766739
vn 0.5330645 0 0.8460747
vn 0.2665391 0.8660356 0.423012
vn 0.2665391 0.8660356 0.423012
vn -0.2665391 0.8660356 -0.423012
vn -0.5330645 0 -0.8460747
vn -0.3843081 0 -0.923205
vn -0.1921544 -0.8660448 -0.461566
vn 0.1921544 -0.8660448 0.461566
vn 0.1921544 -0.8660448 0.461566
vn 0.3843081 0 0.923205
vn 0.3843081 0 0.923205
vn 0.1921544 0.8660448 0.461566
vn 0.1921544 0.8660448 0.461566
vn -0.1921544 0.8660448 -0.461566
vn -0.3843081 0 -0.923205
vn -0.2119204 0 -0.9772871
vn -0.1059606 -0.8660243 -0.4886453
vn 0.1059606 -0.8660243 0.4886453
vn 0.1059606 -0.8660243 0.4886453
vn 0.2119204 0 0.9772871
vn 0.2119204 0 0.9772871
vn 0.1059606 0.8660243 0.4886453
vn 0.1059606 0.8660243 0.4886453
vn -0.1059606 0.8660243 -0.4886453
vn -0.2119204 0 -0.9772871
vn -0.02038318 0 -0.9997923
vn -0.005278852 -0.8660008 -0.5000147
vn 0.015173 -0.8660039 0.4998071
vn 0.015173 -0.8660039 0.4998071
vn 0.02038318 0 0.9997923
vn 0.02038318 0 0.9997923
vn 0.005278852 0.8660008 0.5000147
vn 0.005278852 0.8660008 0.5000147
vn -0.015173 0.8660039 -0.4998071
vn -0.02038318 0 -0.9997923
vn 0.185692 0 -0.9826082
vn 0.1118238 -0.8658006 -0.4877346
vn -0.07386968 -0.8658141 0.4948831
vn -0.07386968 -0.8658141 0.4948831
vn -0.185692 0 0.9826082
vn -0.185692 0 0.9826082
vn -0.1118238 0.8658006 0.4877346
vn -0.1118238 0.8658006 0.4877346
vn 0.07386968 0.8658141 -0.4948831
vn 0.185692 0 -0.9826082
vn 0.3912832 0 -0.9202704
vn 0.2288143 -0.8652888 -0.4460039
vn -0.1624029 -0.8652695 0.474272
vn -0.07386968 -0.8658141 0.4948831
vn -0.185692 0 0.9826082
vn -0.1624029 -0.8652695 0.474272
vn -0.3912832 0 0.9202704
vn -0.3912832 0 0.9202704
vn -0.2288143 0.8652888 0.4460039
vn -0.2288143 0.8652888 0.4460039
vn 0.1624029 0.8652695 -0.474272
vn 0.07386968 0.8658141 -0.4948831
vn 0.185692 0 -0.9826082
vn 0.1624029 0.8652695 -0.474272
vn 0.3912832 0 -0.9202704
vn 0.5727028 0 -0.8197631
vn 0.3256824 -0.8647019 -0.3823893
vn -0.2470034 -0.8647048 0.4373499
vn -0.2470034 -0.8647048 0.4373499
vn -0.5727028 0 0.8197631
vn -0.5727028 0 0.8197631
vn -0.3256824 0.8647019 0.3823893
vn -0.3256824 0.8647019 0.3823893
vn 0.2470034 0.8647048 -0.4373499
vn 0.2470034 0.8647048 -0.4373499
vn 0.5727028 0 -0.8197631
vn 0.5727028 0 -0.8197631
vn 0.3256824 -0.8647019 -0.3823893
vn 0.7167956 0 -0.6972835
vn 0.3961462 -0.8643317 -0.3098372
vn 0.3961462 -0.8643317 -0.3098372
vn -0.320704 -0.8643191 0.3874293
vn -0.320704 -0.8643191 0.3874293
vn -0.7167956 0 0.6972835
vn -0.7167956 0 0.6972835
vn -0.3961462 0.8643317 0.3098372
vn -0.3961462 0.8643317 0.3098372
vn 0.2470034 0.8647048 -0.4373499
vn 0.320704 0.8643191 -0.3874293
vn -0.3961462 0.8643317 0.3098372
vn 0.320704 0.8643191 -0.3874293
vn 0.7167956 0 -0.6972835
vn 0.8224669 0 -0.5688133
vn 0.4424132 -0.8642794 -0.2393568
vn 0.4424132 -0.8642794 -0.2393568
vn -0.3801026 -0.8642862 0.329441
vn -0.3801026 -0.8642862 0.329441
vn -0.8224669 0 0.5688133
vn -0.7167956 0 0.6972835
vn -0.3961462 0.8643317 0.3098372
vn -0.8224669 0 0.5688133
vn -0.4424132 0.8642794 0.2393568
vn 0.320704 0.8643191 -0.3874293
vn 0.3801026 0.8642862 -0.329441
vn 0.3801026 0.8642862 -0.329441
vn 0.8224669 0 -0.5688133
vn 0.8958632 0 -0.4443302
vn 0.4704786 -0.8645478 -0.1766555
vn 0.4704786 -0.8645478 -0.1766555
vn -0.4253728 -0.86453 0.2676676
vn -0.4253728 -0.86453 0.2676676
vn -0.8958632 0 0.4443302
vn -0.8958632 0 0.4443302
vn -0.4704786 0.8645478 0.1766555
vn 0.4253728 0.86453 -0.2676676
vn 0.4253728 0.86453 -0.2676676
vn 0.8958632 0 -0.4443302
vn 0.94475 0 -0.327792
vn 0.4864413 -0.8649687 -0.1233046
vn 0.4864413 -0.8649687 -0.1233046
vn -0.4583154 -0.8649459 0.2044885
vn -0.4583154 -0.8649459 0.2044885
vn -0.94475 0 0.327792
vn -0.94475 0 0.327792
vn -0.4864413 0.8649687 0.1233046
vn 0.4583154 0.8649459 -0.2044885
vn 0.4583154 0.8649459 -0.2044885
vn 0.94475 0 -0.327792
vn 0.9756771 0 -0.2192131
vn 0.4948165 -0.8654318 -0.07864141
vn 0.4948165 -0.8654318 -0.07864141
vn -0.4808608 -0.865455 0.1405725
vn -0.4808608 -0.865455 0.1405725
vn -0.9756771 0 0.2192131
vn -0.9756771 0 0.2192131
vn -0.4948165 0.8654318 0.07864141
vn 0.4808608 0.865455 -0.1405725
vn 0.4808608 0.865455 -0.1405725
vn 0.9756771 0 -0.2192131
vn 0.9931737 0 -0.1166458
vn 0.4986088 -0.8658478 -0.04119575
vn 0.4986088 -0.8658478 -0.04119575
vn -0.4945613 -0.8658558 0.07551748
vn -0.4945613 -0.8658558 0.07551748
vn -0.9931737 0 0.1166458
vn -0.9931737 0 0.1166458
vn -0.4986088 0.8658478 0.04119575
vn 0.4945613 0.8658558 -0.07551748
vn 0.4945613 0.8658558 -0.07551748
vn 0.9931737 0 -0.1166458
vn 0.999856 0 -0.01697183
vn 0.4999302 -0.8660254 -0.008349895
vn 0.4999302 -0.8660254 -0.008349895
vn -0.4999374 -0.8660186 0.00862205
vn -0.4999374 -0.8660186 0.00862205
vn -0.999856 0 0.01697183
vn -0.999856 0 0.01697183
vn -0.4999302 0.8660254 0.008349895
vn 0.4999374 0.8660186 -0.00862205
vn 0.4999374 0.8660186 -0.00862205
vn 0.999856 0 -0.01697183
vn 0.9967744 0 0.08025539
vn 0.4997034 -0.8658633 0.02402416
vn 0.4997034 -0.8658633 0.02402416
vn -0.4970969 -0.865871 -0.05623344
vn -0.4970969 -0.865871 -0.05623344
vn -0.9967744 0 -0.08025539
vn -0.9967744 0 -0.08025539
vn -0.4997034 0.8658633 -0.02402416
vn 0.4970969 0.865871 0.05623344
vn 0.4970969 0.865871 0.05623344
vn 0.9967744 0 0.08025539
vn 0.9846286 0 0.1746621
vn 0.4973188 -0.8655568 0.05903745
vn 0.4973188 -0.8655568 0.05903745
vn -0.4872982 -0.8655472 -0.1156222
vn -0.4872982 -0.8655472 -0.1156222
vn -0.9846286 0 -0.1746621
vn -0.9846286 0 -0.1746621
vn -0.4973188 0.8655568 -0.05903745
vn 0.4872982 0.8655472 0.1156222
vn 0.4872982 0.8655472 0.1156222
vn 0.9846286 0 0.1746621
vn 0.9627753 0 0.2703034
vn 0.4916081 -0.8651909 0.09882432
vn 0.4916081 -0.8651909 0.09882432
vn -0.4711842 -0.8651909 -0.1715527
vn -0.4711842 -0.8651909 -0.1715527
vn -0.9627753 0 -0.2703034
vn -0.9627753 0 -0.2703034
vn -0.4916081 0.8651909 -0.09882432
vn 0.4711842 0.8651909 0.1715527
vn 0.4711842 0.8651909 0.1715527
vn 0.9627753 0 0.2703034
vn 0.9280797 0 0.3723822
vn 0.4803637 -0.8649206 0.1454754
vn 0.4803637 -0.8649206 0.1454754
vn -0.4477147 -0.8649078 -0.2269055
vn -0.4477147 -0.8649078 -0.2269055
vn -0.9280797 0 -0.3723822
vn -0.9280797 0 -0.3723822
vn -0.4803637 0.8649206 -0.1454754
vn 0.4477147 0.8649078 0.2269055
vn 0.4477147 0.8649078 0.2269055
vn 0.9280797 0 0.3723822
vn 0.874516 0 0.4849969
vn 0.4600777 -0.8647424 0.2013683
vn 0.4600777 -0.8647424 0.2013683
vn -0.4144492 -0.8647445 -0.2836348
vn -0.4144492 -0.8647445 -0.2836348
vn -0.874516 0 -0.4849969
vn -0.874516 0 -0.4849969
vn -0.4600777 0.8647424 -0.2013683
vn 0.4477147 0.8649078 0.2269055
vn 0.4144492 0.8647445 0.2836348
vn -0.4600777 0.8647424 -0.2013683
vn 0.4144492 0.8647445 0.2836348
vn 0.874516 0 0.4849969
vn 0.7924404 0 0.6099495
vn 0.4248417 -0.8647402 0.267832
vn 0.4248417 -0.8647402 0.267832
vn -0.3676147 -0.8647577 -0.3421311
vn -0.3676147 -0.8647577 -0.3421311
vn -0.7924404 0 -0.6099495
vn -0.7924404 0 -0.6099495
vn -0.4248417 0.8647402 -0.267832
vn -0.4248417 0.8647402 -0.267832
vn 0.4144492 0.8647445 0.2836348
vn 0.3676147 0.8647577 0.3421311
vn -0.4248417 0.8647402 -0.267832
vn 0.3676147 0.8647577 0.3421311
vn 0.7924404 0 0.6099495
vn 0.6687906 0 0.743451
vn 0.3659949 -0.8649861 0.3432883
vn 0.3659949 -0.8649861 0.3432883
vn -0.302789 -0.8649826 -0.4001551
vn -0.302789 -0.8649826 -0.4001551
vn -0.6687906 0 -0.743451
vn -0.6687906 0 -0.743451
vn -0.3659949 0.8649861 -0.3432883
vn -0.4248417 0.8647402 -0.267832
vn 0.3676147 0.8647577 0.3421311
vn -0.3659949 0.8649861 -0.3432883
vn 0.3676147 0.8647577 0.3421311
vn 0.302789 0.8649826 0.4001551
vn 0.302789 0.8649826 0.4001551
vn 0.6687906 0 0.743451
vn 0.4920726 0 0.8705543
vn 0.2746744 -0.8653873 0.4191168
vn 0.2746744 -0.8653873 0.4191168
vn -0.217382 -0.8653951 -0.4514824
vn -0.217382 -0.8653951 -0.4514824
vn -0.4920726 0 -0.8705543
vn -0.4920726 0 -0.8705543
vn -0.2746744 0.8653873 -0.4191168
vn 0.217382 0.8653951 0.4514824
vn 0.217382 0.8653951 0.4514824
vn 0.4920726 0 0.8705543
vn 0.4920726 0 0.8705543
vn 0.2746744 -0.8653873 0.4191168
vn 0.264473 0 0.9643933
vn 0.1496461 -0.8658392 0.4774187
vn 0.1496461 -0.8658392 0.4774187
vn -0.1148262 -0.865837 -0.4869716
vn -0.1148262 -0.865837 -0.4869716
vn -0.264473 0 -0.9643933
vn -0.4920726 0 -0.8705543
vn -0.2746744 0.8653873 -0.4191168
vn -0.264473 0 -0.9643933
vn -0.1496461 0.8658392 -0.4774187
vn -0.1496461 0.8658392 -0.4774187
vn 0.1148262 0.865837 0.4869716
vn 0.1148262 0.865837 0.4869716
vn 0.264473 0 0.9643933
vn 0.01444803 0 0.9998957
vn 0.01189775 -0.8660116 0.4998823
vn 0.01189775 -0.8660116 0.4998823
vn -0.002482679 -0.8660007 -0.5000368
vn -0.1148262 -0.865837 -0.4869716
vn -0.264473 0 -0.9643933
vn -0.002482679 -0.8660007 -0.5000368
vn -0.01444803 0 -0.9998957
vn -0.01444803 0 -0.9998957
vn -0.01189775 0.8660116 -0.4998823
vn -0.01189775 0.8660116 -0.4998823
vn 0.002482679 0.8660007 0.5000368
vn 0.264473 0 0.9643933
vn 0.01444803 0 0.9998957
vn -0.2198292 0 0.9755386
vn -0.1099153 -0.8660392 0.4877445
vn -0.1099153 -0.8660392 0.4877445
vn 0.1099153 -0.8660392 -0.4877445
vn 0.1099153 -0.8660392 -0.4877445
vn 0.2198292 0 -0.9755386
vn 0.2198292 0 -0.9755386
vn 0.1099153 0.8660392 -0.4877445
vn 0.1099153 0.8660392 -0.4877445
vn -0.1099153 0.8660392 0.4877445
vn -0.2198292 0 0.9755386
vn -0.2198292 0 0.9755386
vn -0.4154052 0 0.9096366
vn -0.2076952 -0.8660194 0.4548331
vn 0.2076952 -0.8660194 -0.4548331
vn 0.2076952 -0.8660194 -0.4548331
vn 0.4154052 0 -0.9096366
vn 0.4154052 0 -0.9096366
vn 0.2076952 0.8660194 -0.4548331
vn 0.2076952 0.8660194 -0.4548331
vn -0.2076952 0.8660194 0.4548331
vn -0.4154052 0 0.9096366
vn -0.5678446 0 0.8231359
vn -0.283922 -0.8660256 0.4115676
vn 0.283922 -0.8660256 -0.4115676
vn 0.283922 -0.8660256 -0.4115676
vn 0.5678446 0 -0.8231359
vn 0.5678446 0 -0.8231359
vn 0.283922 0.8660256 -0.4115676
vn 0.283922 0.8660256 -0.4115676
vn -0.283922 0.8660256 0.4115676
vn -0.5678446 0 0.8231359
vn -0.6846685 0 0.7288548
vn -0.3423353 -0.8660383 0.3643959
vn 0.3423353 -0.8660383 -0.3643959
vn 0.3423353 -0.8660383 -0.3643959
vn 0.6846685 0 -0.7288548
vn 0.6846685 0 -0.7288548
vn 0.3423353 0.8660383 -0.3643959
vn 0.3423353 0.8660383 -0.3643959
vn -0.3423353 0.8660383 0.3643959
vn -0.6846685 0 0.7288548
vn -0.7753924 0 0.6314799
vn -0.3876599 -0.8660298 0.3157724
vn 0.3876599 -0.8660298 -0.3157724
vn 0.3876599 -0.8660298 -0.3157724
vn 0.7753924 0 -0.6314799
vn 0.7753924 0 -0.6314799
vn 0.3876599 0.8660298 -0.3157724
vn 0.3876599 0.8660298 -0.3157724
vn -0.3876599 0.8660298 0.3157724
vn -0.7753924 0 0.6314799
vn -0.8475321 0 0.5307443
vn -0.4237776 -0.8660277 0.2653463
vn 0.4237776 -0.8660277 -0.2653463
vn 0.4237776 -0.8660277 -0.2653463
vn 0.8475321 0 -0.5307443
vn 0.7753924 0 -0.6314799
vn 0.3876599 0.8660298 -0.3157724
vn 0.8475321 0 -0.5307443
vn 0.4237776 0.8660277 -0.2653463
vn 0.4237776 0.8660277 -0.2653463
vn -0.4237776 0.8660277 0.2653463
vn -0.8475321 0 0.5307443
vn -0.9060035 0 0.4232705
vn -0.4530082 -0.8660173 0.2116544
vn 0.4530082 -0.8660173 -0.2116544
vn 0.4530082 -0.8660173 -0.2116544
vn 0.9060035 0 -0.4232705
vn 0.9060035 0 -0.4232705
vn 0.4530082 0.8660173 -0.2116544
vn 0.4530082 0.8660173 -0.2116544
vn -0.4530082 0.8660173 0.2116544
vn -0.9060035 0 0.4232705
vn -0.9527298 0 0.303819
vn -0.4763463 -0.8660308 0.1519372
vn 0.4763463 -0.8660308 -0.1519372
vn 0.4763463 -0.8660308 -0.1519372
vn 0.9527298 0 -0.303819
vn 0.9527298 0 -0.303819
vn 0.4763463 0.8660308 -0.1519372
vn 0.4763463 0.8660308 -0.1519372
vn -0.4763463 0.8660308 0.1519372
vn -0.9527298 0 0.303819
vn -0.9861912 0 0.1656117
vn -0.4930883 -0.8660296 0.08280468
vn 0.4930883 -0.8660296 -0.08280468
vn 0.4763463 -0.8660308 -0.1519372
vn 0.9527298 0 -0.303819
vn 0.4930883 -0.8660296 -0.08280468
vn 0.9861912 0 -0.1656117
vn 0.9861912 0 -0.1656117
vn 0.4930883 0.8660296 -0.08280468
vn 0.4930883 0.8660296 -0.08280468
vn -0.4930883 0.8660296 0.08280468
vn -0.9861912 0 0.1656117
vn -0.9999943 0 0.003399849
vn -0.499954 -0.8660084 0.008690417
vn 0.5000001 -0.8660097 0.005219579
vn 0.5000001 -0.8660097 0.005219579
vn 0.9999943 0 -0.003399849
vn 0.9999943 0 -0.003399849
vn 0.499954 0.8660084 -0.008690417
vn 0.499954 0.8660084 -0.008690417
vn -0.5000001 0.8660097 -0.005219579
vn -0.9999943 0 0.003399849
vn -0.9874381 0 -0.1580073
vn -0.4972609 -0.8657228 -0.0570578
vn 0.4902233 -0.8657311 0.100949
vn 0.4902233 -0.8657311 0.100949
vn 0.9874381 0 0.1580073
vn 0.9874381 0 0.1580073
vn 0.4972609 0.8657228 0.0570578
vn 0.4972609 0.8657228 0.0570578
vn -0.4902233 0.8657311 -0.100949
vn -0.9874381 0 -0.1580073
vn -0.9565219 0 -0.2916608
vn -0.487839 -0.8654023 -0.1144199
vn 0.4686925 -0.8653831 0.1773119
vn 0.4686925 -0.8653831 0.1773119
vn 0.9565219 0 0.2916608
vn 0.9565219 0 0.2916608
vn 0.487839 0.8654023 0.1144199
vn 0.487839 0.8654023 0.1144199
vn -0.4686925 0.8653831 -0.1773119
vn -0.9565219 0 -0.2916608
vn -0.9151654 0 -0.4030787
vn -0.4708449 -0.8653919 -0.1714701
vn 0.4443292 -0.8654057 0.2316129
vn 0.4443292 -0.8654057 0.2316129
vn 0.9151654 0 0.4030787
vn 0.9151654 0 0.4030787
vn 0.4708449 0.8653919 0.1714701
vn 0.4708449 0.8653919 0.1714701
vn -0.4443292 0.8654057 -0.2316129
vn -0.9151654 0 -0.4030787
vn -0.8646795 0 -0.5023243
vn -0.4445135 -0.8656923 -0.2301838
vn 0.4201607 -0.8656826 0.2721371
vn 0.4201607 -0.8656826 0.2721371
vn 0.8646795 0 0.5023243
vn 0.8646795 0 0.5023243
vn 0.4445135 0.8656923 0.2301838
vn 0.4445135 0.8656923 0.2301838
vn -0.4201607 0.8656826 -0.2721371
vn -0.8646795 0 -0.5023243
vn -0.8033625 0 -0.5954905
vn -0.4062118 -0.8659985 -0.2916138
vn 0.3971137 -0.8659872 0.3039192
vn 0.3971137 -0.8659872 0.3039192
vn 0.8033625 0 0.5954905
vn 0.8033625 0 0.5954905
vn 0.4062118 0.8659985 0.2916138
vn 0.4062118 0.8659985 0.2916138
vn -0.3971137 0.8659872 -0.3039192
vn -0.8033625 0 -0.5954905
vn -0.8033625 0 -0.5954905
vn -0.4062118 -0.8659985 -0.2916138
vn -0.7275988 0 -0.686003
vn -0.3521403 -0.8658719 -0.3553352
vn -0.3521403 -0.8658719 -0.3553352
vn 0.3754381 -0.8658624 0.3306489
vn 0.3754381 -0.8658624 0.3306489
vn 0.7275988 0 0.686003
vn 0.7275988 0 0.686003
vn 0.3521403 0.8658719 0.3553352
vn 0.3521403 0.8658719 0.3553352
vn -0.3754381 0.8658624 -0.3306489
vn -0.7275988 0 -0.686003
vn -0.6324137 0 -0.774631
vn -0.2774865 -0.8645937 -0.4189021
vn -0.2774865 -0.8645937 -0.4189021
vn 0.3549197 -0.8645775 0.3557214
vn 0.3549197 -0.8645775 0.3557214
vn 0.6324137 0 0.774631
vn 0.6324137 0 0.774631
vn 0.2774865 0.8645937 0.4189021
vn 0.2774865 0.8645937 0.4189021
vn -0.3549197 0.8645775 -0.3557214
vn -0.6324137 0 -0.774631
vn -0.5124337 0 -0.858727
vn -0.1777167 -0.8612038 -0.4761773
vn -0.1777167 -0.8612038 -0.4761773
vn 0.33467 -0.8612106 0.382508
vn 0.33467 -0.8612106 0.382508
vn 0.5124337 0 0.858727
vn 0.5124337 0 0.858727
vn 0.1777167 0.8612038 0.4761773
vn 0.1777167 0.8612038 0.4761773
vn -0.33467 0.8612106 -0.382508
vn -0.5124337 0 -0.858727
vn -0.3635237 0 -0.9315851
vn -0.05150538 -0.8546589 -0.5166289
vn -0.05150538 -0.8546589 -0.5166289
vn 0.312 -0.8546605 0.4149838
vn 0.312 -0.8546605 0.4149838
vn 0.3635237 0 0.9315851
vn 0.5124337 0 0.858727
vn 0.1777167 0.8612038 0.4761773
vn 0.3635237 0 0.9315851
vn 0.05150538 0.8546589 0.5166289
vn 0.05150538 0.8546589 0.5166289
vn -0.312 0.8546605 -0.4149838
vn -0.3635237 0 -0.9315851
vn -0.2491233 0.06263769 -0.9664441
vn 0.01128488 -0.8192101 -0.5733826
vn 0.01128488 -0.8192101 -0.5733826
vn 0.2603927 -0.8818563 0.3930969
vn 0.2603927 -0.8818563 0.3930969
vn 0.2491233 -0.06263769 0.9664441
vn 0.2491233 -0.06263769 0.9664441
vn -0.01128488 0.8192101 0.5733826
vn -0.01128488 0.8192101 0.5733826
vn -0.2603927 0.8818563 -0.3930969
vn -0.2491233 0.06263769 -0.9664441
vn -0.2192821 0.187738 -0.9574289
vn -0.03448393 -0.7493438 -0.6612828
vn -0.03448393 -0.7493438 -0.6612828
vn 0.1847992 -0.9370962 0.2961418
vn 0.2491233 -0.06263769 0.9664441
vn 0.2192821 -0.187738 0.9574289
vn 0.2192821 -0.187738 0.9574289
vn 0.03448393 0.7493438 0.6612828
vn 0.03448393 0.7493438 0.6612828
vn -0.1847992 0.9370962 -0.2961418
vn -0.2192821 0.187738 -0.9574289
vn -0.2093312 0.3098499 -0.9274555
vn -0.09012859 -0.6653513 -0.7410699
vn -0.09012859 -0.6653513 -0.7410699
vn 0.119191 -0.9752136 0.1864184
vn 0.2093312 -0.3098499 0.9274555
vn 0.2093312 -0.3098499 0.9274555
vn 0.09012859 0.6653513 0.7410699
vn 0.09012859 0.6653513 0.7410699
vn -0.119191 0.9752136 -0.1864184
vn -0.2093312 0.3098499 -0.9274555
vn -0.190045 0.4275909 -0.8837699
vn -0.09986709 -0.5662172 -0.8181839
vn -0.09986709 -0.5662172 -0.8181839
vn 0.09017737 -0.9937637 0.06558762
vn 0.190045 -0.4275909 0.8837699
vn 0.190045 -0.4275909 0.8837699
vn 0.09986709 0.5662172 0.8181839
vn 0.09986709 0.5662172 0.8181839
vn -0.09017737 0.9937637 -0.06558762
vn -0.190045 0.4275909 -0.8837699
vn -0.176257 0.5383229 -0.8241008
vn -0.07953373 -0.4549963 -0.8869346
vn -0.07953373 -0.4549963 -0.8869346
vn 0.09671739 -0.993329 -0.06279481
vn 0.176257 -0.5383229 0.8241008
vn 0.176257 -0.5383229 0.8241008
vn 0.09986709 0.5662172 0.8181839
vn 0.07953373 0.4549963 0.8869346
vn 0.07953373 0.4549963 0.8869346
vn -0.09671739 0.993329 0.06279481
vn -0.176257 0.5383229 -0.8241008
vn -0.1786164 0.6393354 -0.7478948
vn -0.043051 -0.3321787 -0.9422337
vn -0.043051 -0.3321787 -0.9422337
vn 0.1355644 -0.9715186 -0.1943553
vn 0.1786164 -0.6393354 0.7478948
vn 0.043051 0.3321787 0.9422337
vn 0.07953373 0.4549963 0.8869346
vn -0.09671739 0.993329 0.06279481
vn 0.043051 0.3321787 0.9422337
vn -0.1355644 0.9715186 0.1943553
vn -0.1355644 0.9715186 0.1943553
vn -0.1786164 0.6393354 -0.7478948
vn -0.2048409 0.7273148 -0.6550218
vn -0.004336938 -0.1967681 -0.9804406
vn -0.004336938 -0.1967681 -0.9804406
vn 0.1355644 -0.9715186 -0.1943553
vn 0.2005096 -0.9240704 -0.3254073
vn -0.004336938 -0.1967681 -0.9804406
vn 0.2005096 -0.9240704 -0.3254073
vn 0.2048409 -0.7273148 0.6550218
vn 0.004336938 0.1967681 0.9804406
vn 0.004336938 0.1967681 0.9804406
vn -0.2005096 0.9240704 0.3254073
vn -0.2005096 0.9240704 0.3254073
vn -0.2048409 0.7273148 -0.6550218
vn -0.2589508 0.7970546 -0.5455716
vn 0.02237916 -0.04894388 -0.9985509
vn 0.02237916 -0.04894388 -0.9985509
vn 0.2813196 -0.8459669 -0.4529894
vn 0.2813196 -0.8459669 -0.4529894
vn 0.2589508 -0.7970546 0.5455716
vn -0.02237916 0.04894388 0.9985509
vn -0.02237916 0.04894388 0.9985509
vn -0.2813196 0.8459669 0.4529894
vn -0.2813196 0.8459669 0.4529894
vn -0.2589508 0.7970546 -0.5455716
vn -0.3401173 0.8409292 -0.420902
vn 0.02362545 0.1066092 -0.9940204
vn 0.02362545 0.1066092 -0.9940204
vn 0.363816 -0.7343007 -0.5730973
vn 0.363816 -0.7343007 -0.5730973
vn 0.3401173 -0.8409292 0.420902
vn -0.02362545 -0.1066092 0.9940204
vn -0.02362545 -0.1066092 0.9940204
vn -0.363816 0.7343007 0.5730973
vn -0.363816 0.7343007 0.5730973
vn -0.3401173 0.8409292 -0.420902
vn -0.4412859 0.8506081 -0.2858894
vn -0.009018496 0.2584858 -0.9659731
vn -0.009018496 0.2584858 -0.9659731
vn 0.4322778 -0.5921426 -0.6800759
vn 0.4322778 -0.5921426 -0.6800759
vn 0.3401173 -0.8409292 0.420902
vn 0.4412859 -0.8506081 0.2858894
vn 0.4412859 -0.8506081 0.2858894
vn 0.009018496 -0.2584858 0.9659731
vn 0.009018496 -0.2584858 0.9659731
vn -0.4322778 0.5921426 0.6800759
vn -0.4322778 0.5921426 0.6800759
vn -0.4412859 0.8506081 -0.2858894
vn -0.5534593 0.8092083 -0.1971415
vn -0.05700487 0.3513008 -0.9345257
vn -0.05700487 0.3513008 -0.9345257
vn 0.4965066 -0.4579255 -0.7374182
vn 0.5534593 -0.8092083 0.1971415
vn 0.5534593 -0.8092083 0.1971415
vn 0.05700487 -0.3513008 0.9345257
vn 0.05700487 -0.3513008 0.9345257
vn -0.4965066 0.4579255 0.7374182
vn -0.4965066 0.4579255 0.7374182
vn -0.5534593 0.8092083 -0.1971415
vn -0.6749032 0.7207497 -0.1581949
vn -0.1161123 0.3839436 -0.916027
vn -0.1161123 0.3839436 -0.916027
vn 0.5587737 -0.3367811 -0.7578593
vn 0.6749032 -0.7207497 0.1581949
vn 0.6749032 -0.7207497 0.1581949
vn 0.1161123 -0.3839436 0.916027
vn 0.1161123 -0.3839436 0.916027
vn -0.5587737 0.3367811 0.7578593
vn -0.5534593 0.8092083 -0.1971415
vn -0.6749032 0.7207497 -0.1581949
vn -0.7797678 0.6128771 -0.1278435
vn -0.1857822 0.39148 -0.9012372
vn 0.5587737 -0.3367811 -0.7578593
vn 0.5940308 -0.2213832 -0.7733802
vn 0.5940308 -0.2213832 -0.7733802
vn 0.7797678 -0.6128771 0.1278435
vn 0.7797678 -0.6128771 0.1278435
vn 0.1857822 -0.39148 0.9012372
vn 0.1857822 -0.39148 0.9012372
vn -0.5940308 0.2213832 0.7733802
vn -0.7797678 0.6128771 -0.1278435
vn -0.8436927 0.524666 -0.1136155
vn -0.2333595 0.3842663 -0.893243
vn 0.6103179 -0.1403937 -0.7796165
vn 0.6103179 -0.1403937 -0.7796165
vn 0.8436927 -0.524666 0.1136155
vn 0.8436927 -0.524666 0.1136155
vn 0.2333595 -0.3842663 0.893243
vn 0.2333595 -0.3842663 0.893243
vn -0.6103179 0.1403937 0.7796165
vn -0.8436927 0.524666 -0.1136155
vn -0.8712864 0.4773857 -0.1138556
vn -0.2509368 0.376729 -0.8916873
vn 0.6203397 -0.1006468 -0.7778491
vn 0.6203397 -0.1006468 -0.7778491
vn 0.8712864 -0.4773857 0.1138556
vn 0.8712864 -0.4773857 0.1138556
vn 0.2509368 -0.376729 0.8916873
vn 0.2509368 -0.376729 0.8916873
vn -0.6203397 0.1006468 0.7778491
vn -0.8712864 0.4773857 -0.1138556
vn -0.8650768 0.4861335 -0.1237593
vn -0.236921 0.3791893 -0.8944743
vn 0.6281546 -0.1069468 -0.7707037
vn 0.6281546 -0.1069468 -0.7707037
vn 0.8650768 -0.4861335 0.1237593
vn 0.8650768 -0.4861335 0.1237593
vn 0.236921 -0.3791893 0.8944743
vn 0.236921 -0.3791893 0.8944743
vn -0.6281546 0.1069468 0.7707037
vn -0.8650768 0.4861335 -0.1237593
vn -0.8149862 0.5633364 -0.1358301
vn -0.190933 0.3945572 -0.8988155
vn 0.6240214 -0.168765 -0.7629653
vn 0.6240214 -0.168765 -0.7629653
vn 0.8149862 -0.5633364 0.1358301
vn 0.8149862 -0.5633364 0.1358301
vn 0.190933 -0.3945572 0.8988155
vn 0.190933 -0.3945572 0.8988155
vn -0.6240214 0.168765 0.7629653
vn -0.8149862 0.5633364 -0.1358301
vn -0.6910502 0.7097765 -0.1366277
vn -0.1167848 0.417223 -0.9012694
vn 0.5742464 -0.2924994 -0.7646472
vn 0.5742464 -0.2924994 -0.7646472
vn 0.6910502 -0.7097765 0.1366277
vn 0.6910502 -0.7097765 0.1366277
vn 0.1167848 -0.417223 0.9012694
vn 0.1167848 -0.417223 0.9012694
vn -0.5742464 0.2924994 0.7646472
vn -0.6910502 0.7097765 -0.1366277
vn -0.4617579 0.8805269 -0.1070143
vn -0.03318845 0.4414861 -0.8966541
vn 0.4285761 -0.4390444 -0.7896599
vn 0.4285761 -0.4390444 -0.7896599
vn 0.4617579 -0.8805269 0.1070143
vn 0.4617579 -0.8805269 0.1070143
vn 0.03318845 -0.4414861 0.8966541
vn 0.03318845 -0.4414861 0.8966541
vn -0.4285761 0.4390444 0.7896599
vn -0.4617579 0.8805269 -0.1070143
vn -0.1610073 0.9861123 -0.04073332
vn 0.04272621 0.4777547 -0.8774539
vn 0.2037288 -0.5083356 -0.8367136
vn 0.2037288 -0.5083356 -0.8367136
vn 0.1610073 -0.9861123 0.04073332
vn 0.1610073 -0.9861123 0.04073332
vn -0.04272621 -0.4777547 0.8774539
vn -0.04272621 -0.4777547 0.8774539
vn -0.2037288 0.5083356 0.8367136
vn -0.1610073 0.9861123 -0.04073332
vn -0.003843518 0.9999899 0.002297345
vn 0.08389726 0.5022987 -0.8606147
vn 0.08774124 -0.4976698 -0.8629174
vn 0.08774124 -0.4976698 -0.8629174
vn 0.003843518 -0.9999899 -0.002297345
vn 0.003843518 -0.9999899 -0.002297345
vn -0.08389726 -0.5022987 0.8606147
vn -0.08389726 -0.5022987 0.8606147
vn -0.08767349 0.4976716 0.8629233
vn -0.003843518 0.9999899 0.002297345

vt 1 0
vt 0.8333333 0
vt 1 0.00625
vt 0.8333333 0.00625
vt 0.6666666 0
vt 0.6666666 0.00625
vt 0.6666666 0
vt 0.5 0
vt 0.6666666 0.00625
vt 0.5 0.00625
vt 0.3333333 0
vt 0.3333333 0.00625
vt 0.3333333 0
vt 0.1666667 0
vt 0.3333333 0.00625
vt 0.1666667 0.00625
vt 0.1666667 0
vt 0 0
vt 0.1666667 0.00625
vt 0 0.00625
vt 1 0.0125
vt 0.8333333 0.0125
vt 0.6666666 0.0125
vt 0.6666666 0.0125
vt 0.5 0.0125
vt 0.3333333 0.0125
vt 0.3333333 0.0125
vt 0.1666667 0.0125
vt 0.1666667 0.0125
vt 0 0.0125
vt 1 0.01875
vt 0.8333333 0.01875
vt 0.6666666 0.01875
vt 0.6666666 0.01875
vt 0.5 0.01875
vt 0.3333333 0.01875
vt 0.3333333 0.01875
vt 0.1666667 0.01875
vt 0.1666667 0.01875
vt 0 0.01875
vt 1 0.025
vt 0.8333333 0.025
vt 0.6666666 0.025
vt 0.6666666 0.025
vt 0.5 0.025
vt 0.3333333 0.025
vt 0.3333333 0.025
vt 0.1666667 0.025
vt 0.1666667 0.025
vt 0 0.025
vt 1 0.03125
vt 0.8333333 0.03125
vt 0.6666666 0.03125
vt 0.6666666 0.03125
vt 0.5 0.03125
vt 0.3333333 0.03125
vt 0.3333333 0.03125
vt 0.1666667 0.03125
vt 0.1666667 0.03125
vt 0 0.03125
vt 1 0.0375
vt 0.8333333 0.0375
vt 0.6666666 0.0375
vt 0.6666666 0.0375
vt 0.5 0.0375
vt 0.3333333 0.0375
vt 0.3333333 0.0375
vt 0.1666667 0.0375
vt 0.1666667 0.0375
vt 0 0.0375
vt 1 0.04375
vt 0.8333333 0.04375
vt 0.6666666 0.04375
vt 0.6666666 0.04375
vt 0.5 0.04375
vt 0.3333333 0.04375
vt 0.3333333 0.04375
vt 0.1666667 0.04375
vt 0.1666667 0.04375
vt 0 0.04375
vt 1 0.05
vt 0.8333333 0.05
vt 0.6666666 0.05
vt 0.6666666 0.05
vt 0.5 0.05
vt 0.3333333 0.05
vt 0.3333333 0.05
vt 0.1666667 0.05
vt 0.1666667 0.05
vt 0 0.05
vt 1 0.05625
vt 0.8333333 0.05625
vt 0.6666666 0.05625
vt 0.6666666 0.05625
vt 0.5 0.05625
vt 0.3333333 0.05625
vt 0.3333333 0.05625
vt 0.1666667 0.05625
vt 0.1666667 0.05625
vt 0 0.05625
vt 1 0.0625
vt 0.8333333 0.0625
vt 0.8333333 0.05625
vt 0.6666666 0.05625
vt 0.8333333 0.0625
vt 0.6666666 0.0625
vt 0.6666666 0.0625
vt 0.5 0.0625
vt 0.3333333 0.0625
vt 0.3333333 0.0625
vt 0.1666667 0.0625
vt 0.1666667 0.0625
vt 0 0.0625
vt 1 0.0625
vt 0.8333333 0.0625
vt 1 0.06875
vt 0.8333333 0.06875
vt 0.8333333 0.06875
vt 0.6666666 0.06875
vt 0.6666666 0.06875
vt 0.5 0.06875
vt 0.3333333 0.06875
vt 0.3333333 0.06875
vt 0.1666667 0.06875
vt 0.1666667 0.06875
vt 0 0.06875
vt 1 0.075
vt 0.8333333 0.075
vt 1 0.075
vt 0.6666666 0.075
vt 0.6666666 0.075
vt 0.5 0.075
vt 0.3333333 0.075
vt 0.3333333 0.075
vt 0.1666667 0.075
vt 0.3333333 0.075
vt 0 0.075
vt 1 0.08125
vt 0.8333333 0.08125
vt 0.6666666 0.08125
vt 0.6666666 0.08125
vt 0.5 0.08125
vt 0.3333333 0.075
vt 0.3333333 0.08125
vt 0.5 0.08125
vt 0.3333333 0.08125
vt 0.1666667 0.08125
vt 0 0.08125
vt 1 0.0875
vt 0.8333333 0.0875
vt 0.6666666 0.0875
vt 0.8333333 0.0875
vt 0.5 0.0875
vt 0.5 0.0875
vt 0.3333333 0.0875
vt 0.1666667 0.08125
vt 0.1666667 0.0875
vt 0.3333333 0.0875
vt 0 0.0875
vt 1 0.09375
vt 0.8333333 0.09375
vt 0.8333333 0.09375
vt 0.6666666 0.09375
vt 0.5 0.09375
vt 0.5 0.09375
vt 0.3333333 0.09375
vt 0.3333333 0.09375
vt 0.1666667 0.09375
vt 0 0.09375
vt 1 0.1
vt 0.8333333 0.1
vt 0.8333333 0.1
vt 0.6666666 0.1
vt 0.5 0.1
vt 0.5 0.1
vt 0.3333333 0.1
vt 0.3333333 0.1
vt 0.1666667 0.1
vt 0 0.1
vt 1 0.10625
vt 0.8333333 0.10625
vt 0.8333333 0.10625
vt 0.6666666 0.10625
vt 0.5 0.10625
vt 0.5 0.10625
vt 0.3333333 0.10625
vt 0.3333333 0.10625
vt 0.1666667 0.10625
vt 0 0.10625
vt 1 0.1125
vt 0.8333333 0.1125
vt 0.8333333 0.1125
vt 0.6666666 0.1125
vt 0.6666666 0.10625
vt 0.6666666 0.1125
vt 0.5 0.1125
vt 0.3333333 0.1125
vt 0.3333333 0.1125
vt 0.1666667 0.1125
vt 0 0.10625
vt 0 0.1125
vt 0.1666667 0.1125
vt 1 0.11875
vt 0.8333333 0.11875
vt 0.8333333 0.11875
vt 0.6666666 0.11875
vt 0.6666666 0.11875
vt 0.5 0.11875
vt 0.3333333 0.11875
vt 0.3333333 0.11875
vt 0.1666667 0.11875
vt 0.1666667 0.11875
vt 0 0.11875
vt 1 0.125
vt 0.8333333 0.125
vt 1 0.125
vt 0.6666666 0.125
vt 0.6666666 0.125
vt 0.5 0.125
vt 0.3333333 0.125
vt 0.5 0.125
vt 0.1666667 0.125
vt 0.1666667 0.125
vt 0 0.125
vt 1 0.13125
vt 0.8333333 0.13125
vt 0.6666666 0.13125
vt 0.6666666 0.13125
vt 0.5 0.13125
vt 0.5 0.13125
vt 0.3333333 0.13125
vt 0.1666667 0.13125
vt 0.1666667 0.13125
vt 0 0.13125
vt 1 0.1375
vt 0.8333333 0.1375
vt 0.6666666 0.1375
vt 0.6666666 0.1375
vt 0.5 0.1375
vt 0.5 0.1375
vt 0.3333333 0.1375
vt 0.1666667 0.1375
vt 0.1666667 0.1375
vt 0 0.1375
vt 1 0.14375
vt 0.8333333 0.14375
vt 0.6666666 0.14375
vt 0.6666666 0.14375
vt 0.5 0.14375
vt 0.5 0.14375
vt 0.3333333 0.14375
vt 0.1666667 0.14375
vt 0.1666667 0.14375
vt 0 0.14375
vt 1 0.15
vt 0.8333333 0.15
vt 0.8333333 0.14375
vt 0.6666666 0.14375
vt 0.8333333 0.15
vt 0.6666666 0.15
vt 0.6666666 0.15
vt 0.5 0.15
vt 0.5 0.15
vt 0.3333333 0.15
vt 0.1666667 0.15
vt 0.1666667 0.15
vt 0 0.15
vt 1 0.15625
vt 0.8333333 0.15625
vt 0.8333333 0.15625
vt 0.6666666 0.15625
vt 0.6666666 0.15625
vt 0.5 0.15625
vt 0.5 0.15625
vt 0.3333333 0.15625
vt 0.3333333 0.15
vt 0.1666667 0.15
vt 0.3333333 0.15625
vt 0.1666667 0.15625
vt 0.1666667 0.15625
vt 0 0.15625
vt 1 0.1625
vt 0.8333333 0.1625
vt 0.8333333 0.1625
vt 0.6666666 0.1625
vt 0.6666666 0.1625
vt 0.5 0.1625
vt 0.5 0.1625
vt 0.3333333 0.1625
vt 0.3333333 0.1625
vt 0.1666667 0.1625
vt 0.1666667 0.1625
vt 0 0.1625
vt 1 0.16875
vt 0.8333333 0.16875
vt 0.8333333 0.16875
vt 0.6666666 0.16875
vt 0.6666666 0.16875
vt 0.5 0.16875
vt 0.5 0.16875
vt 0.3333333 0.16875
vt 0.3333333 0.16875
vt 0.1666667 0.16875
vt 0.1666667 0.16875
vt 0 0.16875
vt 1 0.175
vt 0.8333333 0.175
vt 0.8333333 0.175
vt 0.6666666 0.175
vt 0.6666666 0.175
vt 0.5 0.175
vt 0.5 0.175
vt 0.3333333 0.175
vt 0.3333333 0.175
vt 0.1666667 0.175
vt 0.1666667 0.175
vt 0 0.175
vt 1 0.18125
vt 0.8333333 0.18125
vt 0.8333333 0.18125
vt 0.6666666 0.18125
vt 0.6666666 0.18125
vt 0.5 0.18125
vt 0.3333333 0.175
vt 0.3333333 0.18125
vt 0.3333333 0.18125
vt 0.1666667 0.18125
vt 0.1666667 0.18125
vt 0 0.18125
vt 1 0.18125
vt 0.8333333 0.18125
vt 1 0.1875
vt 0.8333333 0.1875
vt 0.8333333 0.1875
vt 0.6666666 0.1875
vt 0.6666666 0.1875
vt 0.5 0.1875
vt 0.3333333 0.1875
vt 0.3333333 0.1875
vt 0.1666667 0.1875
vt 0.1666667 0.1875
vt 0 0.1875
vt 1 0.19375
vt 0.8333333 0.19375
vt 0.8333333 0.19375
vt 0.6666666 0.19375
vt 0.6666666 0.19375
vt 0.5 0.19375
vt 0.3333333 0.19375
vt 0.3333333 0.19375
vt 0.1666667 0.19375
vt 0.1666667 0.19375
vt 0 0.19375
vt 1 0.2
vt 0.8333333 0.2
vt 0.8333333 0.2
vt 0.6666666 0.2
vt 0.6666666 0.2
vt 0.5 0.2
vt 0.3333333 0.2
vt 0.3333333 0.2
vt 0.1666667 0.2
vt 0.1666667 0.2
vt 0 0.2
vt 1 0.20625
vt 0.8333333 0.20625
vt 0.8333333 0.20625
vt 0.6666666 0.20625
vt 0.6666666 0.20625
vt 0.5 0.20625
vt 0.3333333 0.20625
vt 0.3333333 0.20625
vt 0.1666667 0.20625
vt 0.1666667 0.20625
vt 0 0.20625
vt 1 0.2125
vt 0.8333333 0.2125
vt 0.8333333 0.2125
vt 0.6666666 0.2125
vt 0.6666666 0.2125
vt 0.5 0.2125
vt 0.3333333 0.2125
vt 0.3333333 0.2125
vt 0.1666667 0.2125
vt 0.1666667 0.2125
vt 0 0.2125
vt 1 0.21875
vt 0.8333333 0.21875
vt 0.8333333 0.21875
vt 0.6666666 0.21875
vt 0.6666666 0.21875
vt 0.5 0.21875
vt 0.3333333 0.21875
vt 0.3333333 0.21875
vt 0.1666667 0.21875
vt 0.1666667 0.21875
vt 0 0.21875
vt 1 0.225
vt 0.8333333 0.225
vt 0.8333333 0.225
vt 0.6666666 0.225
vt 0.6666666 0.21875
vt 0.5 0.21875
vt 0.6666666 0.225
vt 0.5 0.225
vt 0.5 0.21875
vt 0.3333333 0.21875
vt 0.5 0.225
vt 0.3333333 0.225
vt 0.3333333 0.225
vt 0.1666667 0.225
vt 0.1666667 0.225
vt 0 0.225
vt 1 0.23125
vt 0.8333333 0.23125
vt 0.8333333 0.23125
vt 0.6666666 0.23125
vt 0.6666666 0.23125
vt 0.5 0.23125
vt 0.5 0.23125
vt 0.3333333 0.23125
vt 0.3333333 0.23125
vt 0.1666667 0.23125
vt 0.1666667 0.225
vt 0 0.225
vt 0.1666667 0.23125
vt 0 0.23125
vt 1 0.23125
vt 0.8333333 0.23125
vt 1 0.2375
vt 0.8333333 0.2375
vt 0.8333333 0.2375
vt 0.6666666 0.2375
vt 0.6666666 0.2375
vt 0.5 0.2375
vt 0.5 0.2375
vt 0.3333333 0.2375
vt 0.3333333 0.2375
vt 0.1666667 0.2375
vt 0.1666667 0.2375
vt 0 0.2375
vt 1 0.24375
vt 0.8333333 0.24375
vt 0.8333333 0.24375
vt 0.6666666 0.24375
vt 0.6666666 0.24375
vt 0.5 0.24375
vt 0.5 0.24375
vt 0.3333333 0.24375
vt 0.3333333 0.24375
vt 0.1666667 0.24375
vt 0.1666667 0.24375
vt 0 0.24375
vt 1 0.25
vt 0.8333333 0.25
vt 0.8333333 0.25
vt 0.6666666 0.25
vt 0.6666666 0.25
vt 0.5 0.25
vt 0.5 0.25
vt 0.3333333 0.25
vt 0.3333333 0.25
vt 0.1666667 0.25
vt 0.1666667 0.25
vt 0 0.25
vt 1 0.25625
vt 0.8333333 0.25625
vt 0.8333333 0.25625
vt 0.6666666 0.25625
vt 0.6666666 0.25625
vt 0.5 0.25625
vt 0.5 0.25625
vt 0.3333333 0.25625
vt 0.3333333 0.25625
vt 0.1666667 0.25625
vt 0.1666667 0.25625
vt 0 0.25625
vt 1 0.2625
vt 0.8333333 0.2625
vt 0.8333333 0.2625
vt 0.6666666 0.2625
vt 0.6666666 0.2625
vt 0.5 0.2625
vt 0.5 0.2625
vt 0.3333333 0.2625
vt 0.3333333 0.2625
vt 0.1666667 0.2625
vt 0.1666667 0.2625
vt 0 0.2625
vt 1 0.26875
vt 0.8333333 0.26875
vt 0.8333333 0.26875
vt 0.6666666 0.26875
vt 0.6666666 0.26875
vt 0.5 0.26875
vt 0.5 0.26875
vt 0.3333333 0.26875
vt 0.3333333 0.26875
vt 0.1666667 0.26875
vt 0.1666667 0.26875
vt 0 0.26875
vt 1 0.275
vt 0.8333333 0.275
vt 0.8333333 0.275
vt 0.6666666 0.275
vt 0.6666666 0.275
vt 0.5 0.275
vt 0.5 0.275
vt 0.3333333 0.275
vt 0.3333333 0.275
vt 0.1666667 0.275
vt 0.1666667 0.275
vt 0 0.275
vt 1 0.28125
vt 0.8333333 0.28125
vt 0.8333333 0.28125
vt 0.6666666 0.28125
vt 0.6666666 0.28125
vt 0.5 0.28125
vt 0.5 0.28125
vt 0.3333333 0.28125
vt 0.3333333 0.28125
vt 0.1666667 0.28125
vt 0.1666667 0.28125
vt 0 0.28125
vt 1 0.2875
vt 0.8333333 0.2875
vt 0.8333333 0.2875
vt 0.6666666 0.2875
vt 0.6666666 0.2875
vt 0.5 0.2875
vt 0.5 0.2875
vt 0.3333333 0.2875
vt 0.3333333 0.2875
vt 0.1666667 0.2875
vt 0.1666667 0.2875
vt 0 0.2875
vt 1 0.2875
vt 0.8333333 0.2875
vt 1 0.29375
vt 0.8333333 0.29375
vt 0.8333333 0.29375
vt 0.6666666 0.29375
vt 0.6666666 0.29375
vt 0.5 0.29375
vt 0.5 0.29375
vt 0.3333333 0.29375
vt 0.3333333 0.29375
vt 0.1666667 0.29375
vt 0.1666667 0.29375
vt 0 0.29375
vt 1 0.3
vt 0.8333333 0.3
vt 0.8333333 0.3
vt 0.6666666 0.3
vt 0.6666666 0.29375
vt 0.5 0.29375
vt 0.6666666 0.3
vt 0.5 0.3
vt 0.5 0.3
vt 0.3333333 0.3
vt 0.3333333 0.3
vt 0.1666667 0.3
vt 0 0.29375
vt 0 0.3
vt 1 0.30625
vt 0.8333333 0.30625
vt 0.8333333 0.30625
vt 0.6666666 0.30625
vt 0.6666666 0.30625
vt 0.5 0.30625
vt 0.5 0.3
vt 0.3333333 0.3
vt 0.5 0.30625
vt 0.3333333 0.30625
vt 0.3333333 0.30625
vt 0.1666667 0.30625
vt 0 0.30625
vt 1 0.3125
vt 0.8333333 0.3125
vt 0.8333333 0.3125
vt 0.6666666 0.3125
vt 0.6666666 0.3125
vt 0.5 0.3125
vt 0.5 0.3125
vt 0.3333333 0.3125
vt 0.3333333 0.3125
vt 0.1666667 0.3125
vt 0 0.3125
vt 1 0.31875
vt 0.8333333 0.31875
vt 0.8333333 0.31875
vt 0.6666666 0.31875
vt 0.6666666 0.31875
vt 0.5 0.31875
vt 0.5 0.31875
vt 0.3333333 0.31875
vt 0.3333333 0.31875
vt 0.1666667 0.31875
vt 0.1666667 0.3125
vt 0 0.3125
vt 0.1666667 0.31875
vt 0 0.3125
vt 0 0.31875
vt 0.1666667 0.31875
vt 1 0.325
vt 0.8333333 0.325
vt 0.8333333 0.325
vt 0.6666666 0.325
vt 0.6666666 0.325
vt 0.5 0.325
vt 0.5 0.325
vt 0.3333333 0.325
vt 0.3333333 0.31875
vt 0.1666667 0.31875
vt 0.3333333 0.325
vt 0.1666667 0.325
vt 0.1666667 0.325
vt 0 0.325
vt 1 0.33125
vt 0.8333333 0.33125
vt 0.8333333 0.33125
vt 0.6666666 0.33125
vt 0.6666666 0.325
vt 0.5 0.325
vt 0.6666666 0.33125
vt 0.5 0.33125
vt 0.5 0.33125
vt 0.3333333 0.33125
vt 0.3333333 0.325
vt 0.3333333 0.33125
vt 0.1666667 0.33125
vt 0 0.33125
vt 1 0.3375
vt 0.8333333 0.3375
vt 0.8333333 0.3375
vt 0.6666666 0.3375
vt 0.6666666 0.3375
vt 0.5 0.3375
vt 0.5 0.3375
vt 0.3333333 0.3375
vt 0.3333333 0.3375
vt 0.1666667 0.3375
vt 0 0.3375
vt 1 0.3375
vt 0.8333333 0.3375
vt 1 0.34375
vt 0.8333333 0.34375
vt 0.8333333 0.34375
vt 0.6666666 0.34375
vt 0.6666666 0.34375
vt 0.5 0.34375
vt 0.5 0.34375
vt 0.3333333 0.34375
vt 0.3333333 0.34375
vt 0.1666667 0.34375
vt 0 0.34375
vt 1 0.35
vt 0.8333333 0.35
vt 0.8333333 0.35
vt 0.6666666 0.35
vt 0.6666666 0.35
vt 0.5 0.35
vt 0.5 0.35
vt 0.3333333 0.35
vt 0.3333333 0.35
vt 0.1666667 0.35
vt 0 0.35
vt 1 0.35625
vt 0.8333333 0.35625
vt 0.8333333 0.35625
vt 0.6666666 0.35625
vt 0.6666666 0.35625
vt 0.5 0.35625
vt 0.5 0.35625
vt 0.3333333 0.35625
vt 0.3333333 0.35625
vt 0.1666667 0.35625
vt 0 0.35625
vt 1 0.3625
vt 0.8333333 0.3625
vt 0.8333333 0.3625
vt 0.6666666 0.3625
vt 0.6666666 0.3625
vt 0.5 0.3625
vt 0.5 0.3625
vt 0.3333333 0.3625
vt 0.3333333 0.3625
vt 0.1666667 0.3625
vt 0 0.3625
vt 1 0.36875
vt 0.8333333 0.36875
vt 0.8333333 0.36875
vt 0.6666666 0.36875
vt 0.6666666 0.36875
vt 0.5 0.36875
vt 0.5 0.36875
vt 0.3333333 0.36875
vt 0.3333333 0.36875
vt 0.1666667 0.36875
vt 0 0.36875
vt 1 0.375
vt 0.8333333 0.375
vt 0.8333333 0.375
vt 0.6666666 0.375
vt 0.6666666 0.375
vt 0.5 0.375
vt 0.5 0.375
vt 0.3333333 0.375
vt 0.3333333 0.375
vt 0.1666667 0.375
vt 0 0.375
vt 1 0.38125
vt 0.8333333 0.38125
vt 0.8333333 0.38125
vt 0.6666666 0.38125
vt 0.6666666 0.38125
vt 0.5 0.38125
vt 0.5 0.375
vt 0.5 0.38125
vt 0.3333333 0.38125
vt 0.1666667 0.38125
vt 0 0.38125
vt 1 0.3875
vt 0.8333333 0.3875
vt 0.8333333 0.3875
vt 0.6666666 0.3875
vt 0.6666666 0.3875
vt 0.5 0.3875
vt 0.5 0.3875
vt 0.3333333 0.3875
vt 0.1666667 0.3875
vt 0 0.3875
vt 1 0.39375
vt 0.8333333 0.39375
vt 0.8333333 0.39375
vt 0.6666666 0.39375
vt 0.6666666 0.39375
vt 0.5 0.39375
vt 0.5 0.39375
vt 0.3333333 0.39375
vt 0.1666667 0.39375
vt 0 0.39375
vt 1 0.39375
vt 0.8333333 0.39375
vt 1 0.4
vt 0.8333333 0.4
vt 0.8333333 0.4
vt 0.6666666 0.4
vt 0.6666666 0.4
vt 0.5 0.4
vt 0.5 0.4
vt 0.3333333 0.4
vt 0.1666667 0.4
vt 0.1666667 0.39375
vt 0 0.39375
vt 0.1666667 0.4
vt 0 0.4
vt 1 0.40625
vt 0.8333333 0.40625
vt 0.8333333 0.40625
vt 0.6666666 0.40625
vt 0.6666666 0.4
vt 0.5 0.4
vt 0.6666666 0.40625
vt 0.5 0.40625
vt 0.5 0.40625
vt 0.3333333 0.40625
vt 0.1666667 0.40625
vt 0.1666667 0.40625
vt 0 0.40625
vt 1 0.4125
vt 0.8333333 0.4125
vt 0.8333333 0.4125
vt 0.6666666 0.4125
vt 0.6666666 0.4125
vt 0.5 0.4125
vt 0.5 0.4125
vt 0.3333333 0.4125
vt 0.1666667 0.4125
vt 0.1666667 0.4125
vt 0 0.4125
vt 1 0.41875
vt 0.8333333 0.41875
vt 0.8333333 0.41875
vt 0.6666666 0.41875
vt 0.6666666 0.41875
vt 0.5 0.41875
vt 0.5 0.41875
vt 0.3333333 0.4125
vt 0.3333333 0.41875
vt 0.5 0.41875
vt 0.3333333 0.41875
vt 0.1666667 0.41875
vt 0.1666667 0.41875
vt 0 0.41875
vt 1 0.425
vt 0.8333333 0.425
vt 0.8333333 0.425
vt 0.6666666 0.425
vt 0.6666666 0.425
vt 0.5 0.425
vt 0.5 0.425
vt 0.3333333 0.425
vt 0.1666667 0.425
vt 0.1666667 0.425
vt 0 0.425
vt 1 0.43125
vt 0.8333333 0.43125
vt 0.8333333 0.43125
vt 0.6666666 0.43125
vt 0.6666666 0.43125
vt 0.5 0.43125
vt 0.5 0.43125
vt 0.3333333 0.43125
vt 0.1666667 0.43125
vt 0.1666667 0.43125
vt 0 0.43125
vt 1 0.4375
vt 0.8333333 0.4375
vt 0.8333333 0.4375
vt 0.6666666 0.4375
vt 0.6666666 0.4375
vt 0.5 0.4375
vt 0.5 0.4375
vt 0.3333333 0.4375
vt 0.1666667 0.4375
vt 0.1666667 0.4375
vt 0 0.4375
vt 1 0.44375
vt 0.8333333 0.44375
vt 0.8333333 0.44375
vt 0.6666666 0.44375
vt 0.6666666 0.44375
vt 0.5 0.44375
vt 0.5 0.44375
vt 0.3333333 0.44375
vt 0.1666667 0.44375
vt 0.1666667 0.44375
vt 0 0.44375
vt 1 0.45
vt 0.8333333 0.45
vt 0.8333333 0.45
vt 0.6666666 0.45
vt 0.6666666 0.45
vt 0.5 0.45
vt 0.5 0.45
vt 0.3333333 0.45
vt 0.1666667 0.45
vt 0.1666667 0.45
vt 0 0.45
vt 1 0.45
vt 0.8333333 0.45
vt 1 0.45625
vt 0.8333333 0.45625
vt 0.8333333 0.45625
vt 0.6666666 0.45625
vt 0.6666666 0.45625
vt 0.5 0.45625
vt 0.5 0.45625
vt 0.3333333 0.45625
vt 0.1666667 0.45625
vt 0.1666667 0.45625
vt 0 0.45625
vt 1 0.4625
vt 0.8333333 0.4625
vt 0.8333333 0.4625
vt 0.6666666 0.4625
vt 0.6666666 0.4625
vt 0.5 0.4625
vt 0.5 0.4625
vt 0.3333333 0.4625
vt 0.1666667 0.4625
vt 0.1666667 0.4625
vt 0 0.4625
vt 1 0.46875
vt 0.8333333 0.46875
vt 0.8333333 0.46875
vt 0.6666666 0.46875
vt 0.6666666 0.4625
vt 0.5 0.4625
vt 0.6666666 0.46875
vt 0.5 0.46875
vt 0.5 0.46875
vt 0.3333333 0.46875
vt 0.1666667 0.46875
vt 0.1666667 0.4625
vt 0 0.4625
vt 0.1666667 0.46875
vt 0 0.46875
vt 1 0.475
vt 0.8333333 0.475
vt 0.8333333 0.475
vt 0.6666666 0.475
vt 0.6666666 0.475
vt 0.5 0.475
vt 0.5 0.475
vt 0.3333333 0.475
vt 0.1666667 0.475
vt 0.1666667 0.475
vt 0 0.475
vt 1 0.48125
vt 0.8333333 0.48125
vt 0.8333333 0.48125
vt 0.6666666 0.48125
vt 0.6666666 0.48125
vt 0.5 0.48125
vt 0.5 0.48125
vt 0.3333333 0.48125
vt 0.1666667 0.48125
vt 0.1666667 0.48125
vt 0 0.48125
vt 1 0.4875
vt 0.8333333 0.4875
vt 0.8333333 0.4875
vt 0.6666666 0.4875
vt 0.6666666 0.4875
vt 0.5 0.4875
vt 0.5 0.4875
vt 0.3333333 0.4875
vt 0.1666667 0.4875
vt 0.1666667 0.4875
vt 0 0.4875
vt 1 0.49375
vt 0.8333333 0.49375
vt 0.8333333 0.49375
vt 0.6666666 0.49375
vt 0.6666666 0.49375
vt 0.5 0.49375
vt 0.5 0.49375
vt 0.3333333 0.49375
vt 0.1666667 0.49375
vt 0.1666667 0.49375
vt 0 0.49375
vt 1 0.5
vt 0.8333333 0.5
vt 0.8333333 0.5
vt 0.6666666 0.5
vt 0.6666666 0.5
vt 0.5 0.5
vt 0.5 0.5
vt 0.3333333 0.5
vt 0.1666667 0.5
vt 0.1666667 0.5
vt 0 0.5
vt 1 0.50625
vt 0.8333333 0.50625
vt 0.8333333 0.50625
vt 0.6666666 0.50625
vt 0.6666666 0.50625
vt 0.5 0.50625
vt 0.5 0.50625
vt 0.3333333 0.50625
vt 0.1666667 0.50625
vt 0.1666667 0.50625
vt 0 0.50625
vt 1 0.5125
vt 0.8333333 0.5125
vt 0.8333333 0.5125
vt 0.6666666 0.5125
vt 0.6666666 0.5125
vt 0.5 0.5125
vt 0.5 0.5125
vt 0.3333333 0.5125
vt 0.1666667 0.5125
vt 0.1666667 0.5125
vt 0 0.5125
vt 1 0.5125
vt 0.8333333 0.5125
vt 1 0.51875
vt 0.8333333 0.51875
vt 0.8333333 0.51875
vt 0.6666666 0.51875
vt 0.6666666 0.51875
vt 0.5 0.51875
vt 0.5 0.51875
vt 0.3333333 0.51875
vt 0.1666667 0.51875
vt 0.1666667 0.51875
vt 0 0.51875
vt 1 0.525
vt 0.8333333 0.525
vt 0.8333333 0.525
vt 0.6666666 0.525
vt 0.6666666 0.51875
vt 0.5 0.51875
vt 0.6666666 0.525
vt 0.5 0.525
vt 0.5 0.51875
vt 0.3333333 0.51875
vt 0.5 0.525
vt 0.3333333 0.525
vt 0.3333333 0.525
vt 0.1666667 0.525
vt 0 0.51875
vt 0 0.525
vt 1 0.53125
vt 0.8333333 0.53125
vt 0.8333333 0.53125
vt 0.6666666 0.53125
vt 0.6666666 0.53125
vt 0.5 0.53125
vt 0.5 0.53125
vt 0.3333333 0.53125
vt 0.3333333 0.53125
vt 0.1666667 0.53125
vt 0 0.53125
vt 1 0.5375
vt 0.8333333 0.5375
vt 0.8333333 0.5375
vt 0.6666666 0.5375
vt 0.6666666 0.5375
vt 0.5 0.5375
vt 0.5 0.5375
vt 0.3333333 0.5375
vt 0.3333333 0.5375
vt 0.1666667 0.5375
vt 0 0.5375
vt 1 0.54375
vt 0.8333333 0.54375
vt 0.8333333 0.54375
vt 0.6666666 0.54375
vt 0.6666666 0.54375
vt 0.5 0.54375
vt 0.5 0.54375
vt 0.3333333 0.54375
vt 0.3333333 0.54375
vt 0.1666667 0.54375
vt 0 0.54375
vt 1 0.55
vt 0.8333333 0.55
vt 0.8333333 0.55
vt 0.6666666 0.55
vt 0.6666666 0.55
vt 0.5 0.55
vt 0.5 0.55
vt 0.3333333 0.55
vt 0.3333333 0.55
vt 0.1666667 0.55
vt 0 0.55
vt 1 0.55625
vt 0.8333333 0.55625
vt 0.8333333 0.55625
vt 0.6666666 0.55625
vt 0.6666666 0.55625
vt 0.5 0.55625
vt 0.5 0.55625
vt 0.3333333 0.55625
vt 0.3333333 0.55625
vt 0.1666667 0.55625
vt 0 0.55625
vt 1 0.5625
vt 0.8333333 0.5625
vt 0.8333333 0.5625
vt 0.6666666 0.5625
vt 0.6666666 0.5625
vt 0.5 0.5625
vt 0.5 0.5625
vt 0.3333333 0.5625
vt 0.3333333 0.5625
vt 0.1666667 0.5625
vt 0 0.5625
vt 1 0.56875
vt 0.8333333 0.56875
vt 0.8333333 0.56875
vt 0.6666666 0.56875
vt 0.6666666 0.56875
vt 0.5 0.56875
vt 0.5 0.56875
vt 0.3333333 0.56875
vt 0.3333333 0.56875
vt 0.1666667 0.56875
vt 0 0.56875
vt 1 0.575
vt 0.8333333 0.575
vt 0.8333333 0.575
vt 0.6666666 0.575
vt 0.6666666 0.575
vt 0.5 0.575
vt 0.5 0.575
vt 0.3333333 0.575
vt 0.3333333 0.575
vt 0.1666667 0.575
vt 0 0.575
vt 1 0.58125
vt 0.8333333 0.58125
vt 1 0.58125
vt 0.6666666 0.58125
vt 0.6666666 0.575
vt 0.5 0.575
vt 0.6666666 0.58125
vt 0.5 0.58125
vt 0.5 0.58125
vt 0.3333333 0.58125
vt 0.3333333 0.58125
vt 0.1666667 0.58125
vt 0 0.58125
vt 1 0.5875
vt 0.8333333 0.5875
vt 0.6666666 0.5875
vt 0.6666666 0.5875
vt 0.5 0.5875
vt 0.5 0.5875
vt 0.3333333 0.5875
vt 0.3333333 0.5875
vt 0.1666667 0.5875
vt 0 0.5875
vt 1 0.59375
vt 0.8333333 0.59375
vt 0.6666666 0.59375
vt 0.6666666 0.59375
vt 0.5 0.59375
vt 0.5 0.59375
vt 0.3333333 0.59375
vt 0.3333333 0.59375
vt 0.1666667 0.59375
vt 0 0.59375
vt 1 0.6
vt 0.8333333 0.6
vt 0.6666666 0.6
vt 0.6666666 0.6
vt 0.5 0.6
vt 0.5 0.6
vt 0.3333333 0.6
vt 0.3333333 0.6
vt 0.1666667 0.6
vt 0 0.6
vt 1 0.60625
vt 0.8333333 0.60625
vt 0.6666666 0.60625
vt 0.6666666 0.60625
vt 0.5 0.60625
vt 0.5 0.6
vt 0.3333333 0.6
vt 0.5 0.60625
vt 0.3333333 0.60625
vt 0.3333333 0.60625
vt 0.1666667 0.60625
vt 0 0.60625
vt 1 0.6125
vt 0.8333333 0.6125
vt 0.6666666 0.6125
vt 0.6666666 0.6125
vt 0.5 0.6125
vt 0.5 0.6125
vt 0.3333333 0.6125
vt 0.3333333 0.6125
vt 0.1666667 0.6125
vt 0 0.6125
vt 1 0.61875
vt 0.8333333 0.61875
vt 0.6666666 0.61875
vt 0.6666666 0.61875
vt 0.5 0.61875
vt 0.5 0.61875
vt 0.3333333 0.61875
vt 0.3333333 0.61875
vt 0.1666667 0.61875
vt 0 0.61875
vt 1 0.625
vt 0.8333333 0.625
vt 0.6666666 0.625
vt 0.6666666 0.625
vt 0.5 0.625
vt 0.5 0.625
vt 0.3333333 0.625
vt 0.3333333 0.625
vt 0.1666667 0.625
vt 0 0.625
vt 1 0.63125
vt 0.8333333 0.63125
vt 0.6666666 0.63125
vt 0.6666666 0.63125
vt 0.5 0.63125
vt 0.5 0.63125
vt 0.3333333 0.63125
vt 0.3333333 0.63125
vt 0.1666667 0.63125
vt 0 0.63125
vt 1 0.6375
vt 0.8333333 0.6375
vt 0.6666666 0.6375
vt 0.6666666 0.63125
vt 0.5 0.63125
vt 0.6666666 0.6375
vt 0.5 0.6375
vt 0.5 0.6375
vt 0.3333333 0.6375
vt 0.3333333 0.6375
vt 0.1666667 0.6375
vt 0.1666667 0.63125
vt 0 0.63125
vt 0.1666667 0.6375
vt 0 0.6375
vt 1 0.64375
vt 0.8333333 0.64375
vt 0.6666666 0.64375
vt 0.6666666 0.64375
vt 0.5 0.64375
vt 0.5 0.64375
vt 0.3333333 0.64375
vt 0.3333333 0.64375
vt 0.1666667 0.64375
vt 0.1666667 0.64375
vt 0 0.64375
vt 1 0.64375
vt 0.8333333 0.64375
vt 1 0.65
vt 0.8333333 0.65
vt 0.8333333 0.65
vt 0.6666666 0.65
vt 0.6666666 0.65
vt 0.5 0.65
vt 0.5 0.65
vt 0.3333333 0.65
vt 0.3333333 0.65
vt 0.1666667 0.64375
vt 0.1666667 0.65
vt 0.3333333 0.65
vt 0.1666667 0.65
vt 0 0.65
vt 1 0.65625
vt 0.8333333 0.65625
vt 0.8333333 0.65625
vt 0.6666666 0.65625
vt 0.6666666 0.65625
vt 0.5 0.65625
vt 0.5 0.65
vt 0.3333333 0.65
vt 0.5 0.65625
vt 0.3333333 0.65625
vt 0.1666667 0.65
vt 0.1666667 0.65625
vt 0.1666667 0.65625
vt 0 0.65625
vt 1 0.6625
vt 0.8333333 0.6625
vt 0.8333333 0.6625
vt 0.6666666 0.6625
vt 0.6666666 0.6625
vt 0.5 0.6625
vt 0.5 0.6625
vt 0.3333333 0.6625
vt 0.1666667 0.6625
vt 0.1666667 0.6625
vt 0 0.6625
vt 1 0.66875
vt 0.8333333 0.66875
vt 0.8333333 0.66875
vt 0.6666666 0.66875
vt 0.6666666 0.66875
vt 0.5 0.66875
vt 0.5 0.66875
vt 0.3333333 0.66875
vt 0.1666667 0.66875
vt 0.1666667 0.66875
vt 0 0.66875
vt 1 0.675
vt 0.8333333 0.675
vt 0.8333333 0.675
vt 0.6666666 0.675
vt 0.6666666 0.675
vt 0.5 0.675
vt 0.5 0.675
vt 0.3333333 0.675
vt 0.1666667 0.675
vt 0.1666667 0.675
vt 0 0.675
vt 1 0.68125
vt 0.8333333 0.68125
vt 0.8333333 0.68125
vt 0.6666666 0.68125
vt 0.6666666 0.68125
vt 0.5 0.68125
vt 0.5 0.68125
vt 0.3333333 0.68125
vt 0.1666667 0.68125
vt 0.1666667 0.68125
vt 0 0.68125
vt 1 0.6875
vt 0.8333333 0.6875
vt 0.8333333 0.6875
vt 0.6666666 0.6875
vt 0.6666666 0.6875
vt 0.5 0.6875
vt 0.5 0.6875
vt 0.3333333 0.6875
vt 0.1666667 0.6875
vt 0.1666667 0.6875
vt 0 0.6875
vt 1 0.69375
vt 0.8333333 0.69375
vt 0.8333333 0.69375
vt 0.6666666 0.69375
vt 0.6666666 0.69375
vt 0.5 0.69375
vt 0.5 0.69375
vt 0.3333333 0.69375
vt 0.1666667 0.69375
vt 0.1666667 0.69375
vt 0 0.69375
vt 1 0.7
vt 0.8333333 0.7
vt 0.8333333 0.7
vt 0.6666666 0.7
vt 0.6666666 0.7
vt 0.5 0.7
vt 0.5 0.7
vt 0.3333333 0.7
vt 0.1666667 0.7
vt 0.1666667 0.7
vt 0 0.7
vt 1 0.70625
vt 0.8333333 0.70625
vt 0.8333333 0.70625
vt 0.6666666 0.70625
vt 0.6666666 0.70625
vt 0.5 0.70625
vt 0.5 0.70625
vt 0.3333333 0.70625
vt 0.1666667 0.70625
vt 0.1666667 0.70625
vt 0 0.70625
vt 1 0.7125
vt 0.8333333 0.7125
vt 0.8333333 0.7125
vt 0.6666666 0.7125
vt 0.6666666 0.7125
vt 0.5 0.7125
vt 0.5 0.7125
vt 0.3333333 0.7125
vt 0.1666667 0.7125
vt 0.1666667 0.7125
vt 0 0.7125
vt 1 0.71875
vt 0.8333333 0.71875
vt 0.8333333 0.71875
vt 0.6666666 0.71875
vt 0.6666666 0.71875
vt 0.5 0.71875
vt 0.5 0.71875
vt 0.3333333 0.71875
vt 0.1666667 0.7125
vt 0.1666667 0.71875
vt 0.3333333 0.71875
vt 0.1666667 0.71875
vt 0 0.71875
vt 1 0.725
vt 0.8333333 0.725
vt 0.8333333 0.725
vt 0.6666666 0.725
vt 0.6666666 0.725
vt 0.5 0.725
vt 0.5 0.725
vt 0.3333333 0.725
vt 0.3333333 0.725
vt 0.1666667 0.71875
vt 0.1666667 0.725
vt 0.3333333 0.725
vt 0.1666667 0.725
vt 0 0.725
vt 1 0.73125
vt 0.8333333 0.73125
vt 0.8333333 0.73125
vt 0.6666666 0.73125
vt 0.6666666 0.73125
vt 0.5 0.73125
vt 0.5 0.73125
vt 0.3333333 0.73125
vt 0.3333333 0.725
vt 0.1666667 0.725
vt 0.3333333 0.73125
vt 0.1666667 0.725
vt 0.1666667 0.73125
vt 0.1666667 0.73125
vt 0 0.73125
vt 1 0.7375
vt 0.8333333 0.7375
vt 0.8333333 0.7375
vt 0.6666666 0.7375
vt 0.6666666 0.7375
vt 0.5 0.7375
vt 0.5 0.7375
vt 0.3333333 0.7375
vt 0.1666667 0.7375
vt 0.1666667 0.7375
vt 0 0.7375
vt 1 0.7375
vt 0.8333333 0.7375
vt 1 0.74375
vt 0.8333333 0.74375
vt 0.8333333 0.74375
vt 0.6666666 0.74375
vt 0.6666666 0.74375
vt 0.5 0.74375
vt 0.5 0.7375
vt 0.3333333 0.7375
vt 0.5 0.74375
vt 0.3333333 0.74375
vt 0.3333333 0.74375
vt 0.1666667 0.74375
vt 0.1666667 0.74375
vt 0 0.74375
vt 1 0.75
vt 0.8333333 0.75
vt 0.8333333 0.75
vt 0.6666666 0.75
vt 0.6666666 0.74375
vt 0.5 0.74375
vt 0.6666666 0.75
vt 0.5 0.75
vt 0.5 0.75
vt 0.3333333 0.75
vt 0.3333333 0.75
vt 0.1666667 0.75
vt 0 0.74375
vt 0 0.75
vt 1 0.75625
vt 0.8333333 0.75625
vt 0.8333333 0.75625
vt 0.6666666 0.75625
vt 0.6666666 0.75625
vt 0.5 0.75625
vt 0.5 0.75625
vt 0.3333333 0.75625
vt 0.3333333 0.75625
vt 0.1666667 0.75625
vt 0 0.75625
vt 1 0.75625
vt 1 0.7625
vt 0.8333333 0.7625
vt 0.6666666 0.7625
vt 0.6666666 0.7625
vt 0.5 0.7625
vt 0.5 0.7625
vt 0.3333333 0.7625
vt 0.3333333 0.7625
vt 0.1666667 0.7625
vt 0 0.7625
vt 1 0.76875
vt 0.8333333 0.76875
vt 0.6666666 0.76875
vt 0.6666666 0.76875
vt 0.5 0.76875
vt 0.5 0.76875
vt 0.3333333 0.76875
vt 0.3333333 0.76875
vt 0.1666667 0.76875
vt 0 0.76875
vt 1 0.775
vt 0.8333333 0.775
vt 0.6666666 0.775
vt 0.6666666 0.775
vt 0.5 0.775
vt 0.5 0.775
vt 0.3333333 0.775
vt 0.3333333 0.775
vt 0.1666667 0.775
vt 0 0.775
vt 1 0.78125
vt 0.8333333 0.78125
vt 0.6666666 0.78125
vt 0.6666666 0.78125
vt 0.5 0.78125
vt 0.5 0.78125
vt 0.3333333 0.78125
vt 0.3333333 0.78125
vt 0.1666667 0.78125
vt 0 0.78125
vt 1 0.7875
vt 0.8333333 0.7875
vt 0.6666666 0.7875
vt 0.6666666 0.7875
vt 0.5 0.7875
vt 0.5 0.78125
vt 0.3333333 0.78125
vt 0.5 0.7875
vt 0.3333333 0.7875
vt 0.3333333 0.7875
vt 0.1666667 0.7875
vt 0 0.7875
vt 1 0.79375
vt 0.8333333 0.79375
vt 0.6666666 0.79375
vt 0.6666666 0.79375
vt 0.5 0.79375
vt 0.5 0.79375
vt 0.3333333 0.79375
vt 0.3333333 0.79375
vt 0.1666667 0.79375
vt 0 0.79375
vt 1 0.8
vt 0.8333333 0.8
vt 0.6666666 0.8
vt 0.6666666 0.8
vt 0.5 0.8
vt 0.5 0.8
vt 0.3333333 0.8
vt 0.3333333 0.8
vt 0.1666667 0.8
vt 0 0.8
vt 1 0.80625
vt 0.8333333 0.80625
vt 0.6666666 0.80625
vt 0.6666666 0.8
vt 0.5 0.8
vt 0.6666666 0.80625
vt 0.5 0.80625
vt 0.5 0.80625
vt 0.3333333 0.80625
vt 0.3333333 0.80625
vt 0.1666667 0.80625
vt 0 0.80625
vt 1 0.8125
vt 0.8333333 0.8125
vt 0.6666666 0.8125
vt 0.6666666 0.8125
vt 0.5 0.8125
vt 0.5 0.8125
vt 0.3333333 0.8125
vt 0.3333333 0.8125
vt 0.1666667 0.8125
vt 0 0.8125
vt 1 0.81875
vt 0.8333333 0.81875
vt 0.6666666 0.81875
vt 0.6666666 0.81875
vt 0.5 0.81875
vt 0.5 0.81875
vt 0.3333333 0.81875
vt 0.3333333 0.81875
vt 0.1666667 0.81875
vt 0 0.81875
vt 1 0.825
vt 0.8333333 0.825
vt 0.6666666 0.825
vt 0.6666666 0.825
vt 0.5 0.825
vt 0.5 0.825
vt 0.3333333 0.825
vt 0.3333333 0.825
vt 0.1666667 0.825
vt 0 0.825
vt 1 0.83125
vt 0.8333333 0.83125
vt 0.6666666 0.83125
vt 0.6666666 0.83125
vt 0.5 0.83125
vt 0.5 0.83125
vt 0.3333333 0.83125
vt 0.3333333 0.83125
vt 0.1666667 0.83125
vt 0 0.83125
vt 1 0.8375
vt 0.8333333 0.8375
vt 0.6666666 0.8375
vt 0.6666666 0.8375
vt 0.5 0.8375
vt 0.5 0.8375
vt 0.3333333 0.8375
vt 0.3333333 0.8375
vt 0.1666667 0.8375
vt 0 0.8375
vt 1 0.84375
vt 0.8333333 0.84375
vt 0.6666666 0.84375
vt 0.6666666 0.84375
vt 0.5 0.84375
vt 0.5 0.84375
vt 0.3333333 0.84375
vt 0.3333333 0.84375
vt 0.1666667 0.84375
vt 0 0.84375
vt 1 0.84375
vt 0.8333333 0.84375
vt 1 0.85
vt 0.8333333 0.85
vt 0.8333333 0.85
vt 0.6666666 0.85
vt 0.6666666 0.85
vt 0.5 0.85
vt 0.5 0.85
vt 0.3333333 0.85
vt 0.3333333 0.85
vt 0.1666667 0.85
vt 0 0.85
vt 1 0.85625
vt 0.8333333 0.85625
vt 0.8333333 0.85625
vt 0.6666666 0.85625
vt 0.6666666 0.85625
vt 0.5 0.85625
vt 0.5 0.85625
vt 0.3333333 0.85625
vt 0.3333333 0.85625
vt 0.1666667 0.85625
vt 0 0.85625
vt 1 0.8625
vt 0.8333333 0.8625
vt 0.8333333 0.8625
vt 0.6666666 0.8625
vt 0.6666666 0.8625
vt 0.5 0.8625
vt 0.5 0.8625
vt 0.3333333 0.8625
vt 0.3333333 0.8625
vt 0.1666667 0.8625
vt 0 0.8625
vt 1 0.86875
vt 0.8333333 0.86875
vt 0.8333333 0.86875
vt 0.6666666 0.86875
vt 0.6666666 0.86875
vt 0.5 0.86875
vt 0.5 0.8625
vt 0.3333333 0.8625
vt 0.5 0.86875
vt 0.3333333 0.86875
vt 0.3333333 0.86875
vt 0.1666667 0.86875
vt 0 0.86875
vt 1 0.875
vt 0.8333333 0.875
vt 0.8333333 0.875
vt 0.6666666 0.875
vt 0.6666666 0.875
vt 0.5 0.875
vt 0.5 0.875
vt 0.3333333 0.875
vt 0.3333333 0.875
vt 0.1666667 0.875
vt 0 0.875
vt 1 0.88125
vt 0.8333333 0.88125
vt 0.8333333 0.88125
vt 0.6666666 0.88125
vt 0.5 0.875
vt 0.5 0.88125
vt 0.5 0.88125
vt 0.3333333 0.88125
vt 0.3333333 0.88125
vt 0.1666667 0.88125
vt 0 0.88125
vt 1 0.8875
vt 0.8333333 0.8875
vt 0.8333333 0.8875
vt 0.6666666 0.8875
vt 0.5 0.8875
vt 0.5 0.8875
vt 0.3333333 0.8875
vt 0.3333333 0.8875
vt 0.1666667 0.8875
vt 0 0.8875
vt 1 0.89375
vt 0.8333333 0.89375
vt 0.8333333 0.89375
vt 0.6666666 0.89375
vt 0.5 0.89375
vt 0.5 0.89375
vt 0.3333333 0.89375
vt 0.3333333 0.89375
vt 0.1666667 0.89375
vt 0 0.89375
vt 1 0.9
vt 0.8333333 0.9
vt 0.8333333 0.9
vt 0.6666666 0.9
vt 0.5 0.9
vt 0.5 0.9
vt 0.3333333 0.89375
vt 0.3333333 0.9
vt 0.3333333 0.9
vt 0.1666667 0.9
vt 0 0.9
vt 1 0.90625
vt 0.8333333 0.90625
vt 0.8333333 0.90625
vt 0.6666666 0.90625
vt 0.5 0.90625
vt 0.3333333 0.90625
vt 0.3333333 0.9
vt 0.1666667 0.9
vt 0.3333333 0.90625
vt 0.1666667 0.90625
vt 0.1666667 0.90625
vt 0 0.90625
vt 1 0.9125
vt 0.8333333 0.9125
vt 0.8333333 0.9125
vt 0.6666666 0.90625
vt 0.6666666 0.9125
vt 0.8333333 0.9125
vt 0.6666666 0.9125
vt 0.5 0.9125
vt 0.3333333 0.9125
vt 0.3333333 0.9125
vt 0.1666667 0.9125
vt 0.1666667 0.9125
vt 0 0.9125
vt 1 0.91875
vt 0.8333333 0.91875
vt 0.8333333 0.91875
vt 0.6666666 0.91875
vt 0.6666666 0.91875
vt 0.5 0.91875
vt 0.3333333 0.91875
vt 0.3333333 0.91875
vt 0.1666667 0.91875
vt 0.1666667 0.91875
vt 0 0.91875
vt 1 0.925
vt 0.8333333 0.925
vt 0.8333333 0.925
vt 0.6666666 0.925
vt 0.6666666 0.925
vt 0.5 0.925
vt 0.3333333 0.925
vt 0.3333333 0.925
vt 0.1666667 0.925
vt 0.1666667 0.925
vt 0 0.925
vt 1 0.93125
vt 0.8333333 0.93125
vt 0.8333333 0.93125
vt 0.6666666 0.93125
vt 0.6666666 0.93125
vt 0.5 0.925
vt 0.5 0.93125
vt 0.5 0.93125
vt 0.3333333 0.93125
vt 0.3333333 0.93125
vt 0.1666667 0.93125
vt 0.1666667 0.93125
vt 0 0.93125
vt 1 0.9375
vt 0.8333333 0.9375
vt 0.8333333 0.9375
vt 0.6666666 0.9375
vt 0.5 0.9375
vt 0.5 0.9375
vt 0.3333333 0.9375
vt 0.3333333 0.9375
vt 0.1666667 0.9375
vt 0.1666667 0.9375
vt 0 0.9375
vt 1 0.94375
vt 0.8333333 0.94375
vt 0.8333333 0.94375
vt 0.6666666 0.94375
vt 0.5 0.94375
vt 0.5 0.94375
vt 0.3333333 0.94375
vt 0.3333333 0.94375
vt 0.1666667 0.94375
vt 0 0.9375
vt 0 0.94375
vt 1 0.95
vt 0.8333333 0.95
vt 0.6666666 0.94375
vt 0.6666666 0.95
vt 0.6666666 0.95
vt 0.5 0.95
vt 0.5 0.95
vt 0.3333333 0.95
vt 0.3333333 0.95
vt 0.1666667 0.95
vt 0 0.95
vt 1 0.95625
vt 0.8333333 0.95625
vt 0.6666666 0.95625
vt 0.6666666 0.95625
vt 0.5 0.95625
vt 0.5 0.95625
vt 0.3333333 0.95625
vt 0.3333333 0.95625
vt 0.1666667 0.95625
vt 0 0.95625
vt 1 0.9625
vt 0.8333333 0.9625
vt 0.6666666 0.9625
vt 0.6666666 0.9625
vt 0.5 0.9625
vt 0.5 0.9625
vt 0.3333333 0.9625
vt 0.3333333 0.9625
vt 0.1666667 0.9625
vt 0 0.9625
vt 1 0.96875
vt 0.8333333 0.96875
vt 0.6666666 0.96875
vt 0.6666666 0.96875
vt 0.5 0.96875
vt 0.5 0.96875
vt 0.3333333 0.96875
vt 0.3333333 0.96875
vt 0.1666667 0.96875
vt 0 0.96875
vt 1 0.975
vt 0.8333333 0.975
vt 0.6666666 0.975
vt 0.6666666 0.975
vt 0.5 0.975
vt 0.5 0.975
vt 0.3333333 0.975
vt 0.3333333 0.975
vt 0.1666667 0.975
vt 0 0.975
vt 1 0.98125
vt 0.8333333 0.98125
vt 0.6666666 0.98125
vt 0.6666666 0.98125
vt 0.5 0.98125
vt 0.5 0.98125
vt 0.3333333 0.98125
vt 0.3333333 0.98125
vt 0.1666667 0.98125
vt 0 0.98125
vt 1 0.9875
vt 0.8333333 0.9875
vt 0.6666666 0.9875
vt 0.6666666 0.9875
vt 0.5 0.9875
vt 0.5 0.9875
vt 0.3333333 0.9875
vt 0.3333333 0.9875
vt 0.1666667 0.9875
vt 0 0.9875
vt 1 0.99375
vt 0.8333333 0.99375
vt 0.6666666 0.99375
vt 0.6666666 0.99375
vt 0.5 0.99375
vt 0.5 0.99375
vt 0.3333333 0.99375
vt 0.3333333 0.99375
vt 0.1666667 0.99375
vt 0 0.99375
vt 1 1
vt 0.8333333 1
vt 0.6666666 1
vt 0.6666666 1
vt 0.5 1
vt 0.5 1
vt 0.3333333 1
vt 0.3333333 1
vt 0.1666667 1
vt 0 1

vt2 0.8619919 0.009402251
vt2 0.8628016 0.006648935
vt2 0.8643659 0.01009815
vt2 0.8651291 0.007317644
vt2 0.8635776 0.00390625
vt2 0.8658832 0.004550093
vt2 0.5552784 0.3414183
vt2 0.5581574 0.3417823
vt2 0.5549755 0.3438373
vt2 0.5578491 0.3442528
vt2 0.5610344 0.3421424
vt2 0.560721 0.3446672
vt2 0.657872 0.008686304
vt2 0.6577282 0.005786167
vt2 0.6604167 0.008557957
vt2 0.6602792 0.005657427
vt2 0.00390625 0.4606439
vt2 0.006791465 0.4601947
vt2 0.004304453 0.4631814
vt2 0.007181176 0.4626813
vt2 0.8709492 0.01182304
vt2 0.8716335 0.009021466
vt2 0.8723186 0.006225298
vt2 0.5538941 0.3504734
vt2 0.5567473 0.351013
vt2 0.5595995 0.3515525
vt2 0.6673894 0.008237861
vt2 0.6672663 0.005336761
vt2 0.005636021 0.4700876
vt2 0.008489834 0.4694696
vt2 0.88094 0.01412069
vt2 0.8815306 0.01129406
vt2 0.882122 0.008472105
vt2 0.5517671 0.3603826
vt2 0.5545859 0.3610817
vt2 0.5574037 0.3617807
vt2 0.6778439 0.007818704
vt2 0.6777388 0.004916873
vt2 0.00811364 0.4803317
vt2 0.01093065 0.4795632
vt2 0.893572 0.01653539
vt2 0.8940436 0.01368074
vt2 0.8945158 0.01083174
vt2 0.5483333 0.3725904
vt2 0.5510959 0.3734882
vt2 0.5538574 0.3743854
vt2 0.6909289 0.007386668
vt2 0.6908466 0.004484123
vt2 0.01196551 0.4929447
vt2 0.01472445 0.4919887
vt2 0.9081414 0.01861833
vt2 0.9084592 0.0157352
vt2 0.9087784 0.01285882
vt2 0.5433307 0.3861375
vt2 0.5460017 0.3872818
vt2 0.5486712 0.3884252
vt2 0.7058848 0.007023781
vt2 0.7058306 0.004120545
vt2 0.01743585 0.506989
vt2 0.020103 0.5058005
vt2 0.924045 0.01992786
vt2 0.9241632 0.01702131
vt2 0.9242844 0.01412132
vt2 0.5364911 0.4000977
vt2 0.5390127 0.4015442
vt2 0.5415326 0.4029885
vt2 0.7220886 0.006809973
vt2 0.7220705 0.00390625
vt2 0.02479598 0.5215685
vt2 0.02731689 0.520095
vt2 0.9408344 0.02002094
vt2 0.9406968 0.01710741
vt2 0.9405643 0.01419616
vt2 0.5275265 0.4135999
vt2 0.5298105 0.4154011
vt2 0.5320925 0.4171991
vt2 0.7391265 0.006827487
vt2 0.7391543 0.003923901
vt2 0.03435961 0.5358396
vt2 0.0366523 0.5340315
vt2 0.9582867 0.01843028
vt2 0.9578422 0.01556393
vt2 0.9573999 0.01264987
vt2 0.5160944 0.4258585
vt2 0.5180211 0.4280404
vt2 0.5199462 0.4302173
vt2 0.7568936 0.007173973
vt2 0.7569804 0.004271555
vt2 0.04650751 0.5490258
vt2 0.04846296 0.5468573
vt2 0.9762407 0.0146336
vt2 0.9753457 0.01194455
vt2 0.9747152 0.009104909
vt2 0.5017351 0.436186
vt2 0.5031752 0.4387048
vt2 0.5046212 0.4412388
vt2 0.7757006 0.007990469
vt2 0.775862 0.005091291
vt2 0.06170787 0.5604336
vt2 0.06321646 0.5579336
vt2 0.9939789 0.006339472
vt2 0.9925258 0.00390625
vt2 0.005033564 0.6564493
vt2 0.00390625 0.6537878
vt2 0.02270671 0.6485853
vt2 0.02163689 0.6459
vt2 0.4839847 0.444052
vt2 0.484805 0.4467905
vt2 0.4856306 0.4495705
vt2 0.7964706 0.009373904
vt2 0.7965696 0.006471738
vt2 0.08058299 0.5693366
vt2 0.08145741 0.5665509
vt2 0.08145741 0.5665509
vt2 0.0822143 0.563782
vt2 0.107117 0.5703368
vt2 0.1073907 0.5674171
vt2 0.04626925 0.6396872
vt2 0.04545982 0.6369124
vt2 0.4592199 0.4487211
vt2 0.4595079 0.4515665
vt2 0.4597942 0.454424
vt2 0.8231481 0.00887645
vt2 0.8229699 0.005978153
vt2 0.1068459 0.573247
vt2 0.107117 0.5703368
vt2 0.1419692 0.5704787
vt2 0.0800607 0.6312478
vt2 0.08066764 0.6341256
vt2 0.07945563 0.6283832
vt2 0.4250906 0.4505338
vt2 0.4251078 0.4534226
vt2 0.4251257 0.4562884
vt2 0.8580856 0.00390625
vt2 0.1420236 0.5733584
vt2 0.1420785 0.5762638
vt2 0.1419692 0.5704787
vt2 0.1221483 0.6254637
vt2 0.1216374 0.6225945
vt2 0.1211236 0.6197065
vt2 0.3834014 0.4502703
vt2 0.3832694 0.4531836
vt2 0.4627284 0.8026639
vt2 0.4212134 0.7950985
vt2 0.4217672 0.7922503
vt2 0.1840402 0.5730429
vt2 0.183779 0.570155
vt2 0.1835255 0.5672726
vt2 0.1685399 0.6174579
vt2 0.1680911 0.6145929
vt2 0.3364163 0.4474256
vt2 0.336673 0.4445268
vt2 0.3361593 0.450327
vt2 0.3754939 0.7838519
vt2 0.374962 0.7867042
vt2 0.4205881 0.7979319
vt2 0.2302444 0.5644136
vt2 0.2306228 0.5672886
vt2 0.2298665 0.5615411
vt2 0.2171606 0.6097221
vt2 0.2167432 0.6068524
vt2 0.2874901 0.4396617
vt2 0.2871434 0.4425517
vt2 0.2867965 0.4454424
vt2 0.3267499 0.7753976
vt2 0.3262493 0.7782555
vt2 0.2794462 0.559603
vt2 0.2789787 0.556742
vt2 0.2785113 0.5538813
vt2 0.2658734 0.6026104
vt2 0.2654905 0.5997359
vt2 0.2384683 0.4334387
vt2 0.2380511 0.4363207
vt2 0.2376343 0.4392004
vt2 0.2779584 0.7674613
vt2 0.277492 0.7703251
vt2 0.328025 0.5506859
vt2 0.3274878 0.5478369
vt2 0.3269506 0.5449882
vt2 0.3121476 0.5964381
vt2 0.3118028 0.5935585
vt2 0.1920769 0.4264976
vt2 0.1915859 0.4293728
vt2 0.1911163 0.4322459
vt2 0.2316015 0.7605073
vt2 0.2311731 0.7633772
vt2 0.3738939 0.541207
vt2 0.3732945 0.5383716
vt2 0.3726947 0.5355335
vt2 0.3536714 0.591424
vt2 0.3533474 0.5885316
vt2 0.1508494 0.4191893
vt2 0.1502663 0.4220473
vt2 0.2319859 0.757647
vt2 0.1908309 0.7521464
vt2 0.1904286 0.7549962
vt2 0.1900237 0.7578585
vt2 0.4145223 0.5318145
vt2 0.4138436 0.5290025
vt2 0.3121476 0.5964381
vt2 0.3536714 0.591424
vt2 0.3539962 0.5943292
vt2 0.387692 0.5871582
vt2 0.3873847 0.5842476
vt2 0.1173811 0.412253
vt2 0.1166629 0.4150801
vt2 0.1572807 0.747946
vt2 0.156895 0.7508018
vt2 0.1565105 0.7536497
vt2 0.4472961 0.5227718
vt2 0.4464845 0.5199952
vt2 0.3879988 0.5900615
vt2 0.387692 0.5871582
vt2 0.4113613 0.5840806
vt2 0.09413105 0.406347
vt2 0.09504519 0.4035805
vt2 0.09321378 0.4091192
vt2 0.1334869 0.745566
vt2 0.1331137 0.7484494
vt2 0.4697457 0.5147276
vt2 0.4707518 0.5174432
vt2 0.4687412 0.512018
vt2 0.4116491 0.5869604
vt2 0.4113613 0.5840806
vt2 0.07885858 0.3980511
vt2 0.07775913 0.4007363
vt2 0.07665318 0.4034312
vt2 0.1160848 0.7438381
vt2 0.1157554 0.7467268
vt2 0.4865983 0.5102742
vt2 0.4854008 0.5076255
vt2 0.4842063 0.504986
vt2 0.4284695 0.5847589
vt2 0.4282252 0.5818752
vt2 0.06447008 0.3919332
vt2 0.06322359 0.3945557
vt2 0.06197899 0.3971741
vt2 0.1001577 0.7425022
vt2 0.09994345 0.7454017
vt2 0.5007657 0.5031177
vt2 0.4994206 0.5005355
vt2 0.4980779 0.4979595
vt2 0.4438931 0.5834519
vt2 0.4437638 0.5805607
vt2 0.05167168 0.3855501
vt2 0.05024438 0.3881062
vt2 0.04891796 0.3906936
vt2 0.08559093 0.7418947
vt2 0.0855483 0.7448019
vt2 0.5133496 0.4960297
vt2 0.511879 0.4935207
vt2 0.5104045 0.4910001
vt2 0.4579457 0.5830641
vt2 0.4579873 0.5801701
vt2 0.04049762 0.3787223
vt2 0.03886432 0.381152
vt2 0.1405167 0.2215272
vt2 0.13801 0.2231195
vt2 0.1333185 0.2100734
vt2 0.1308074 0.2116587
vt2 0.07234164 0.7421698
vt2 0.07253098 0.745071
vt2 0.5244034 0.4891877
vt2 0.5227921 0.4868031
vt2 0.5212817 0.4843209
vt2 0.4706448 0.5836708
vt2 0.4709171 0.5807895
vt2 0.03095279 0.3716303
vt2 0.02911207 0.3739071
vt2 0.1267558 0.1996432
vt2 0.1242711 0.2012692
vt2 0.06039226 0.7434415
vt2 0.06088313 0.7463072
vt2 0.5337605 0.48234
vt2 0.5319456 0.4801062
vt2 0.9439799 0.133965
vt2 0.9468691 0.1336631
vt2 0.9450805 0.1453599
vt2 0.9479741 0.1451053
vt2 0.4819779 0.5853191
vt2 0.4825492 0.582482
vt2 0.02293135 0.3643756
vt2 0.02088043 0.3664647
vt2 0.1205527 0.1902503
vt2 0.1181327 0.1919713
vt2 0.04974623 0.7458155
vt2 0.05061814 0.748589
vt2 0.5415992 0.4754907
vt2 0.5395781 0.4734419
vt2 0.9457403 0.1555659
vt2 0.9486416 0.1554234
vt2 0.4919125 0.588042
vt2 0.4928602 0.5853075
vt2 0.01630284 0.3569857
vt2 0.01404062 0.3588442
vt2 0.1144222 0.1818659
vt2 0.1121176 0.1837386
vt2 0.04043281 0.7494074
vt2 0.04176457 0.7519919
vt2 0.5480346 0.4686535
vt2 0.5458063 0.466832
vt2 0.9458348 0.1647322
vt2 0.9487393 0.164776
vt2 0.5004094 0.5918663
vt2 0.5018092 0.5893332
vt2 0.01090476 0.3493934
vt2 0.008441555 0.3509758
vt2 0.1080462 0.1744297
vt2 0.1059212 0.176504
vt2 0.03252311 0.7543471
vt2 0.03435995 0.7566007
vt2 0.5532122 0.4617442
vt2 0.5507869 0.4601947
vt2 0.9452653 0.1730886
vt2 0.9481539 0.1733961
vt2 0.507444 0.5968262
vt2 0.5093369 0.5946371
vt2 0.006539364 0.3414183
vt2 0.00390625 0.3426982
vt2 0.10107 0.1678731
vt2 0.09919618 0.1701767
vt2 0.0261406 0.760749
vt2 0.02843498 0.7625816
vt2 0.0362889 0.7587019
vt2 0.03071699 0.7644047
vt2 0.9439191 0.180986
vt2 0.9467535 0.1816217
vt2 0.5130155 0.602995
vt2 0.5153636 0.6013036
vt2 0.5153636 0.6013036
vt2 0.5178642 0.5997512
vt2 0.5197242 0.6093537
vt2 0.522325 0.6080952
vt2 0.09321953 0.1622135
vt2 0.09163978 0.1647278
vt2 0.02103646 0.7683689
vt2 0.0235504 0.7698711
vt2 0.02606362 0.7713785
vt2 0.9415503 0.1889917
vt2 0.9442864 0.1899675
vt2 0.5171602 0.61061
vt2 0.5197242 0.6093537
vt2 0.5232715 0.6174424
vt2 0.5259074 0.6163026
vt2 0.08512384 0.157769
vt2 0.08386473 0.160458
vt2 0.01684375 0.7760248
vt2 0.0194269 0.7774255
vt2 0.02200445 0.7788165
vt2 0.9382429 0.196748
vt2 0.9408383 0.1980522
vt2 0.5206476 0.6185843
vt2 0.5232715 0.6174424
vt2 0.526459 0.6247473
vt2 0.5290867 0.6236175
vt2 0.07746185 0.1547581
vt2 0.07659288 0.1575974
vt2 0.0131472 0.7827752
vt2 0.0157454 0.7841787
vt2 0.01833622 0.7855679
vt2 0.9343864 0.2033486
vt2 0.9367731 0.2050045
vt2 0.5238472 0.6258805
vt2 0.526459 0.6247473
vt2 0.5293719 0.631436
vt2 0.5319881 0.6303158
vt2 0.07009494 0.1531169
vt2 0.06971591 0.1560617
vt2 0.009816099 0.7888707
vt2 0.01242556 0.7902721
vt2 0.01503385 0.791665
vt2 0.930031 0.2086921
vt2 0.9321051 0.2107258
vt2 0.5267689 0.6325597
vt2 0.5293719 0.631436
vt2 0.5321007 0.637709
vt2 0.534704 0.6365938
vt2 0.06301567 0.1528599
vt2 0.0632075 0.1558226
vt2 0.006754937 0.7945005
vt2 0.00934761 0.7958807
vt2 0.01196989 0.7973078
vt2 0.9251738 0.2128163
vt2 0.9268201 0.2152093
vt2 0.529499 0.638826
vt2 0.5321007 0.637709
vt2 0.5347683 0.6438001
vt2 0.5373464 0.6426741
vt2 0.05623447 0.1539951
vt2 0.0570227 0.1568577
vt2 0.00390625 0.7998689
vt2 0.006457989 0.80109
vt2 0.008916408 0.8026639
vt2 0.9197936 0.2157653
vt2 0.920921 0.2184426
vt2 0.5321385 0.6449214
vt2 0.5347683 0.6438001
vt2 0.5375683 0.6501212
vt2 0.5401324 0.6488045
vt2 0.04977134 0.1565121
vt2 0.05110846 0.1591628
vt2 0.8315706 0.3064784
vt2 0.8329935 0.3039472
vt2 0.8371315 0.3092382
vt2 0.8382968 0.3065786
vt2 0.9379874 0.2604136
vt2 0.9392027 0.2630508
vt2 0.9324901 0.262611
vt2 0.9334382 0.2653556
vt2 0.9138523 0.2175745
vt2 0.9144295 0.2204214
vt2 0.534793 0.6511766
vt2 0.5375683 0.6501212
vt2 0.541208 0.6564493
vt2 0.5436446 0.6549095
vt2 0.043635 0.1603816
vt2 0.04542149 0.162753
vt2 0.8432759 0.3115865
vt2 0.8441998 0.3088337
vt2 0.9264252 0.2643853
vt2 0.9271252 0.2672033
vt2 0.9073074 0.2182584
vt2 0.9073702 0.2211629
vt2 0.9315474 0.2913915
vt2 0.9321114 0.2942615
vt2 0.9244768 0.2924341
vt2 0.924783 0.2953428
vt2 0.924783 0.2953428
vt2 0.9248255 0.298324
vt2 0.9169667 0.295803
vt2 0.9171161 0.2987082
vt2 0.03781548 0.1655715
vt2 0.0399382 0.1676468
vt2 0.8501797 0.3135894
vt2 0.8508934 0.3107747
vt2 0.9195974 0.2657829
vt2 0.9200829 0.2686459
vt2 0.9001295 0.2178172
vt2 0.8997545 0.2206976
vt2 0.91681 0.2929226
vt2 0.9169667 0.295803
vt2 0.9086172 0.2962726
vt2 0.9087709 0.2991707
vt2 0.0322875 0.1720565
vt2 0.03464959 0.1738547
vt2 0.8579742 0.3152844
vt2 0.8585134 0.3124312
vt2 0.911869 0.2668227
vt2 0.9121775 0.26971
vt2 0.8923053 0.2162479
vt2 0.8915786 0.2190605
vt2 0.9084671 0.2933694
vt2 0.9086172 0.2962726
vt2 0.8994146 0.2967749
vt2 0.899538 0.2996803
vt2 0.02700069 0.1798578
vt2 0.02954136 0.1813933
vt2 0.8667688 0.3166956
vt2 0.8671251 0.3138138
vt2 0.9031742 0.26751
vt2 0.9033571 0.2704079
vt2 0.8838693 0.2135675
vt2 0.8828463 0.2162862
vt2 0.8992908 0.2938706
vt2 0.8994146 0.2967749
vt2 0.8896657 0.2971165
vt2 0.8897086 0.3000227
vt2 0.02227503 0.1887037
vt2 0.02496748 0.1899544
vt2 0.8762277 0.3175108
vt2 0.8763474 0.3146096
vt2 0.8939282 0.2679532
vt2 0.894033 0.2708549
vt2 0.8753092 0.2098347
vt2 0.873997 0.2124265
vt2 0.8896206 0.2942141
vt2 0.8896657 0.2971165
vt2 0.8798252 0.2971354
vt2 0.8797804 0.300041
vt2 0.01855018 0.1981236
vt2 0.02136671 0.1990615
vt2 0.8858066 0.3174521
vt2 0.8856736 0.3145514
vt2 0.8846052 0.2682051
vt2 0.8846334 0.2711086
vt2 0.8671614 0.2051334
vt2 0.8655644 0.2075599
vt2 0.879868 0.2942328
vt2 0.8798252 0.2971354
vt2 0.8699991 0.2969064
vt2 0.8698887 0.2998089
vt2 0.01593642 0.2078774
vt2 0.01884302 0.2084814
vt2 0.8953065 0.3165934
vt2 0.8949404 0.3137129
vt2 0.8753006 0.2681807
vt2 0.8752246 0.2710834
vt2 0.8595893 0.1995422
vt2 0.8577209 0.2017665
vt2 0.8701067 0.2940085
vt2 0.8699991 0.2969064
vt2 0.8602816 0.2965084
vt2 0.8601279 0.2994048
vt2 0.01452957 0.2177558
vt2 0.01748857 0.2179933
vt2 0.9045699 0.3150099
vt2 0.9039828 0.3121661
vt2 0.8661352 0.2677886
vt2 0.865921 0.2706845
vt2 0.8528011 0.1931619
vt2 0.8506706 0.1951363
vt2 0.8604327 0.2936165
vt2 0.8602816 0.2965084
vt2 0.8507375 0.2960353
vt2 0.8505731 0.2989111
vt2 0.01442877 0.2275429
vt2 0.01739242 0.2273704
vt2 0.9134652 0.3127732
vt2 0.9126643 0.3099822
vt2 0.8572243 0.2669325
vt2 0.8568303 0.2698094
vt2 0.8470054 0.1860991
vt2 0.844623 0.187761
vt2 0.8509117 0.2931325
vt2 0.8507375 0.2960353
vt2 0.8411914 0.2955648
vt2 0.8411749 0.2984856
vt2 0.0157334 0.2370155
vt2 0.01863394 0.2363828
vt2 0.9219031 0.3099483
vt2 0.9208921 0.3072263
vt2 0.8486653 0.2655059
vt2 0.8480418 0.2683418
vt2 0.8424088 0.1784618
vt2 0.8397963 0.1797317
vt2 0.8414751 0.2925975
vt2 0.8411914 0.2955648
vt2 0.663351 0.3439345
vt2 0.6648001 0.3414183
vt2 0.6717695 0.3482251
vt2 0.6729563 0.3455751
vt2 0.0185374 0.2459453
vt2 0.02127995 0.2448086
vt2 0.9298587 0.306584
vt2 0.9286425 0.3039472
vt2 0.8405215 0.2633849
vt2 0.839614 0.2661431
vt2 0.8392139 0.1703552
vt2 0.8364177 0.171142
vt2 0.8320804 0.2913915
vt2 0.8315706 0.2943285
vt2 0.6805873 0.3515359
vt2 0.6814399 0.3487602
vt2 0.02292505 0.2541056
vt2 0.02538868 0.2524487
vt2 0.6577282 0.1000086
vt2 0.6582705 0.09715591
vt2 0.6661254 0.1012225
vt2 0.6664499 0.09833696
vt2 0.8328099 0.2604136
vt2 0.8315706 0.2630396
vt2 0.8376236 0.1618782
vt2 0.8347788 0.1621724
vt2 0.8335246 0.1717616
vt2 0.8318928 0.1624525
vt2 0.6899254 0.3536958
vt2 0.6903813 0.3508281
vt2 0.02897272 0.2612804
vt2 0.03103005 0.25914
vt2 0.6746638 0.1018244
vt2 0.6747783 0.09892293
vt2 0.9413661 0.1060774
vt2 0.9432609 0.1082778
vt2 0.9347124 0.1111206
vt2 0.9362806 0.1135644
vt2 0.8373174 0.1531788
vt2 0.8344364 0.153057
vt2 0.8315706 0.1529372
vt2 0.6999458 0.3545275
vt2 0.6999699 0.3516238
vt2 0.03677165 0.267277
vt2 0.03831311 0.2647394
vt2 0.6836485 0.1018504
vt2 0.6835599 0.09894791
vt2 0.9269998 0.1153199
vt2 0.928187 0.1179698
vt2 0.8383721 0.1439948
vt2 0.8354809 0.1433441
vt2 0.8326066 0.1429408
vt2 0.7101727 0.3538475
vt2 0.7097652 0.3509724
vt2 0.04586927 0.2715184
vt2 0.04681446 0.268704
vt2 0.6928036 0.1012635
vt2 0.6925046 0.09837513
vt2 0.9185612 0.1183407
vt2 0.9193416 0.1211377
vt2 0.8415114 0.1349341
vt2 0.8388344 0.1336631
vt2 0.8043345 0.1000475
vt2 0.8040684 0.09715591
vt2 0.8143576 0.0994896
vt2 0.6908729 0.1441308
vt2 0.7003497 0.1402658
vt2 0.7013461 0.1429888
vt2 0.7200765 0.3517324
vt2 0.7192849 0.3489386
vt2 0.05559051 0.2736562
vt2 0.05592749 0.2707064
vt2 0.7018427 0.1000137
vt2 0.7013286 0.09715591
vt2 0.9098222 0.1200664
vt2 0.9102181 0.1229431
vt2 0.8547437 0.07055006
vt2 0.855074 0.0734348
vt2 0.8454432 0.07054457
vt2 0.8451642 0.0734348
vt2 0.7107705 0.1399721
vt2 0.7099807 0.1371823
vt2 0.7297309 0.3483848
vt2 0.7286306 0.3456976
vt2 0.06570297 0.2738466
vt2 0.06548943 0.2708854
vt2 0.976283 0.0895674
vt2 0.9750032 0.09217382
vt2 0.9677576 0.08572038
vt2 0.9666709 0.08841314
vt2 0.9007027 0.1207036
vt2 0.900773 0.1236066
vt2 0.711731 0.1426655
vt2 0.7207912 0.1404619
vt2 0.7202901 0.1376761
vt2 0.7197936 0.1348652
vt2 0.7391856 0.3439945
vt2 0.7378457 0.3414183
vt2 0.07596893 0.2722538
vt2 0.07528161 0.2693655
vt2 0.9586613 0.08237705
vt2 0.9577675 0.08513985
vt2 0.8912212 0.1204085
vt2 0.8910276 0.1233058
vt2 0.7302989 0.1393972
vt2 0.730125 0.1365526
vt2 0.7299533 0.1337094
vt2 0.9262872 0.326908
vt2 0.925569 0.3297215
vt2 0.9158777 0.3246509
vt2 0.9153665 0.3275092
vt2 0.08615079 0.2690485
vt2 0.08505967 0.2662873
vt2 0.949032 0.07958606
vt2 0.9483323 0.08240423
vt2 0.8814583 0.1193159
vt2 0.8810542 0.1221914
vt2 0.7401687 0.1393688
vt2 0.7402942 0.1365148
vt2 0.7404211 0.1336631
vt2 0.9051629 0.3230555
vt2 0.9048223 0.3259391
vt2 0.09601194 0.2644038
vt2 0.09457232 0.2618072
vt2 0.9389791 0.07742043
vt2 0.9384797 0.0802809
vt2 0.8715353 0.1175507
vt2 0.8709611 0.1203971
vt2 0.7502193 0.1403531
vt2 0.7506276 0.137521
vt2 0.7510371 0.1346907
vt2 0.8942837 0.3220325
vt2 0.8940856 0.3249294
vt2 0.1053196 0.2584917
vt2 0.103571 0.2560924
vt2 0.9286557 0.0759646
vt2 0.9283696 0.07885418
vt2 0.8615916 0.1152328
vt2 0.8608778 0.1180474
vt2 0.7602386 0.1423279
vt2 0.760923 0.1395465
vt2 0.7616085 0.136766
vt2 0.8833803 0.3215072
vt2 0.8833042 0.32441
vt2 0.1138435 0.2514809
vt2 0.1118132 0.2493147
vt2 0.9182399 0.07530914
vt2 0.9181886 0.07821243
vt2 0.8517696 0.1124774
vt2 0.8509381 0.1152596
vt2 0.7699974 0.1452683
vt2 0.7709608 0.1425687
vt2 0.7719256 0.1398691
vt2 0.8725773 0.321417
vt2 0.872609 0.3243205
vt2 0.1213552 0.2435326
vt2 0.1190628 0.2416457
vt2 0.9079216 0.07554979
vt2 0.9081373 0.07844543
vt2 0.8422005 0.1093926
vt2 0.8412664 0.1121419
vt2 0.7792575 0.1491444
vt2 0.7805104 0.1465684
vt2 0.7817698 0.1439879
vt2 0.8619554 0.3217123
vt2 0.8621245 0.3246112
vt2 0.1276097 0.234821
vt2 0.125068 0.2332865
vt2 0.8979309 0.07678064
vt2 0.898429 0.07964128
vt2 0.8329979 0.1060774
vt2 0.8319346 0.1087794
vt2 0.7877947 0.1539239
vt2 0.7893434 0.1515369
vt2 0.7909108 0.1491287
vt2 0.8515718 0.3226295
vt2 0.8519487 0.3255087
vt2 0.1322892 0.2254826
vt2 0.1295322 0.2243807
vt2 0.8884254 0.07891808
vt2 0.8891816 0.08172164
vt2 0.786142 0.1562774
vt2 0.7936606 0.1618979
vt2 0.7955121 0.1596764
vt2 0.7973446 0.1574728
vt2 0.7991907 0.1552656
vt2 0.8414448 0.3243899
vt2 0.8420572 0.3272283
vt2 0.135284 0.2156633
vt2 0.1323835 0.2150292
vt2 0.8793067 0.08179367
vt2 0.8802909 0.0845255
vt2 0.8004267 0.1682095
vt2 0.8025035 0.166205
vt2 0.8045756 0.1641993
vt2 0.8066435 0.1622056
vt2 0.8315706 0.3269403
vt2 0.8324052 0.3297215
vt2 0.1366514 0.2055621
vt2 0.133687 0.205393
vt2 0.8704971 0.08537515
vt2 0.871694 0.08802078
vt2 0.8064591 0.1752056
vt2 0.8087582 0.1734366
vt2 0.8110605 0.1716536
vt2 0.8133067 0.169842
vt2 0.6564952 0.3957333
vt2 0.6554986 0.3984606
vt2 0.6468115 0.3926136
vt2 0.6460257 0.395409
vt2 0.1364423 0.1953876
vt2 0.1334867 0.195672
vt2 0.8619919 0.08962721
vt2 0.8633869 0.09217382
vt2 0.8116707 0.1828827
vt2 0.8141621 0.1813871
vt2 0.8166502 0.179889
vt2 0.8327889 0.2401399
vt2 0.8315706 0.2375041
vt2 0.8419777 0.2363172
vt2 0.840964 0.2335962
vt2 0.6369123 0.3902287
vt2 0.6363377 0.3930749
vt2 0.1347068 0.1853464
vt2 0.1318264 0.1860681
vt2 0.6592678 0.3809823
vt2 0.6581516 0.3836628
vt2 0.6503371 0.3776521
vt2 0.6494244 0.3804087
vt2 0.8159885 0.1911202
vt2 0.8186243 0.1899184
vt2 0.8212721 0.188713
vt2 0.8514402 0.2331918
vt2 0.8506326 0.2304027
vt2 0.626835 0.3885803
vt2 0.6264734 0.3914614
vt2 0.1314931 0.1756437
vt2 0.1287518 0.1767852
vt2 0.6411537 0.374985
vt2 0.6404483 0.3778017
vt2 0.819365 0.1997691
vt2 0.8220685 0.1988358
vt2 0.8248376 0.1980044
vt2 0.8611377 0.23077
vt2 0.8605397 0.2279286
vt2 0.6166129 0.387684
vt2 0.6164698 0.3905841
vt2 0.1268488 0.1664849
vt2 0.1243105 0.1680261
vt2 0.631757 0.3730018
vt2 0.6312663 0.3758637
vt2 0.8212182 0.2084615
vt2 0.8451642 0.07734105
vt2 0.8547679 0.07734105
vt2 0.854657 0.08024258
vt2 0.8241271 0.2081737
vt2 0.8269899 0.2077685
vt2 0.8710349 0.2290705
vt2 0.870653 0.226192
vt2 0.606271 0.3875691
vt2 0.6063533 0.3904717
vt2 0.1208193 0.1580775
vt2 0.1185501 0.1599927
vt2 0.6221741 0.3717327
vt2 0.6219069 0.3746242
vt2 0.8217926 0.2179486
vt2 0.8247402 0.2179344
vt2 0.8276643 0.2179114
vt2 0.8811076 0.2281238
vt2 0.8809502 0.2252243
vt2 0.5958182 0.3882786
vt2 0.596133 0.3911652
vt2 0.1134518 0.1506302
vt2 0.1115182 0.1528841
vt2 0.6124101 0.3712169
vt2 0.6123756 0.3741204
vt2 0.821269 0.2275787
vt2 0.824191 0.2279155
vt2 0.8271059 0.228246
vt2 0.8913503 0.2279718
vt2 0.8914258 0.2250691
vt2 0.585232 0.3898732
vt2 0.5857896 0.392723
vt2 0.1047904 0.1443525
vt2 0.103265 0.1469001
vt2 0.602446 0.3715048
vt2 0.6026568 0.3744009
vt2 0.8195346 0.2372511
vt2 0.8223914 0.2379576
vt2 0.8252416 0.2386563
vt2 0.901787 0.228671
vt2 0.9021075 0.225785
vt2 0.5748411 0.3923842
vt2 0.5756511 0.3951727
vt2 0.09519415 0.1396953
vt2 0.09414621 0.1424739
vt2 0.5926017 0.3726572
vt2 0.5930705 0.3755229
vt2 0.8165615 0.2465434
vt2 0.8192969 0.2476281
vt2 0.8220287 0.2487041
vt2 0.9120929 0.2302759
vt2 0.9126701 0.2274301
vt2 0.5649407 0.3957552
vt2 0.5659955 0.3984606
vt2 0.0851391 0.1369189
vt2 0.0846013 0.1398394
vt2 0.5831276 0.3746542
vt2 0.5838494 0.3774668
vt2 0.8124434 0.2551268
vt2 0.8150054 0.256567
vt2 0.8175663 0.2580008
vt2 0.9219869 0.2327561
vt2 0.9228148 0.2299729
vt2 0.8315706 0.2776999
vt2 0.8326761 0.2750148
vt2 0.8413109 0.2812227
vt2 0.8421853 0.2784538
vt2 0.0748446 0.1359377
vt2 0.07480689 0.1389069
vt2 0.573922 0.37745
vt2 0.5748793 0.3801914
vt2 0.8072649 0.2630467
vt2 0.8096195 0.2648004
vt2 0.8119742 0.2665486
vt2 0.9315443 0.2360588
vt2 0.9326047 0.2333556
vt2 0.8513058 0.2839333
vt2 0.8519564 0.2811034
vt2 0.0645164 0.1366568
vt2 0.06495211 0.139594
vt2 0.5649407 0.3810066
vt2 0.5661137 0.3836628
vt2 0.8011142 0.2702989
vt2 0.8032383 0.2723219
vt2 0.805363 0.27434
vt2 0.9408092 0.2401399
vt2 0.942082 0.2375301
vt2 0.8615372 0.2858706
vt2 0.8619713 0.2829996
vt2 0.05435563 0.1389822
vt2 0.05523122 0.1418196
vt2 0.5649407 0.4195772
vt2 0.5659019 0.4168372
vt2 0.5742611 0.4224453
vt2 0.5750118 0.4196403
vt2 0.794084 0.2768478
vt2 0.7959611 0.2790993
vt2 0.7978392 0.2813464
vt2 0.6583329 0.3565941
vt2 0.6592954 0.3593337
vt2 0.6485924 0.3595972
vt2 0.6493444 0.3624018
vt2 0.8719705 0.2870539
vt2 0.8721933 0.2841586
vt2 0.04456097 0.1428209
vt2 0.0458411 0.1454998
vt2 0.5838766 0.4246394
vt2 0.5844201 0.4217868
vt2 0.7862723 0.2826381
vt2 0.7878889 0.2850822
vt2 0.7895065 0.2875211
vt2 0.6385638 0.3618908
vt2 0.6391087 0.3647431
vt2 0.8825616 0.2874853
vt2 0.8825757 0.2845816
vt2 0.03532927 0.148082
vt2 0.03698058 0.1505496
vt2 0.5937347 0.4261509
vt2 0.5940717 0.4232668
vt2 0.7777796 0.2876011
vt2 0.7791215 0.2902056
vt2 0.7804648 0.2928047
vt2 0.6282936 0.3634709
vt2 0.6286319 0.3663548
vt2 0.8932649 0.2871535
vt2 0.8930696 0.2842563
vt2 0.02685799 0.1546767
vt2 0.02884714 0.1568811
vt2 0.6037822 0.4269611
vt2 0.6039102 0.4240602
vt2 0.7687037 0.2916613
vt2 0.7697545 0.2943963
vt2 0.7708076 0.2971254
vt2 0.6178291 0.3643198
vt2 0.6179585 0.3672206
vt2 0.9040402 0.2860329
vt2 0.9036322 0.2831579
vt2 0.01934634 0.162518
vt2 0.02163727 0.1644063
vt2 0.6139741 0.4270411
vt2 0.6138884 0.4241386
vt2 0.7591339 0.2947382
vt2 0.7598754 0.2975736
vt2 0.7606199 0.3004019
vt2 0.6072099 0.3644081
vt2 0.6071256 0.3673107
vt2 0.9148668 0.2840821
vt2 0.9142381 0.2812472
vt2 0.01299266 0.1715207
vt2 0.01554749 0.173033
vt2 0.6242785 0.4263523
vt2 0.623969 0.4234652
vt2 0.7491529 0.2967461
vt2 0.7495596 0.2996504
vt2 0.7499705 0.3025469
vt2 0.5964569 0.3636941
vt2 0.5961488 0.3665814
vt2 0.925437 0.2812889
vt2 0.924578 0.2785151
vt2 0.008194259 0.1813466
vt2 0.0109621 0.182421
vt2 0.634387 0.4248572
vt2 0.6338419 0.4220051
vt2 0.7391239 0.2975272
vt2 0.7391688 0.3004591
vt2 0.7392189 0.3033861
vt2 0.5858766 0.3621341
vt2 0.5853328 0.3649864
vt2 0.9354888 0.2777079
vt2 0.9344027 0.2750148
vt2 0.005183421 0.1915764
vt2 0.008090806 0.1921779
vt2 0.6440706 0.4225813
vt2 0.6432908 0.4197842
vt2 0.7293591 0.2970485
vt2 0.7290387 0.2999519
vt2 0.7287154 0.302868
vt2 0.5757224 0.3597531
vt2 0.574944 0.3625506
vt2 0.8619919 0.06018616
vt2 0.8631613 0.05752828
vt2 0.8717795 0.06402123
vt2 0.8727301 0.06127757
vt2 0.00390625 0.2020061
vt2 0.006872675 0.2021303
vt2 0.6534011 0.419562
vt2 0.6523976 0.4168372
vt2 0.7199163 0.2954133
vt2 0.7193046 0.2982273
vt2 0.7185621 0.3010459
vt2 0.5659428 0.3565941
vt2 0.5649407 0.3593194
vt2 0.8817751 0.06704297
vt2 0.8825066 0.06423291
vt2 0.004303748 0.212441
vt2 0.007252731 0.2120973
vt2 0.5649407 0.405089
vt2 0.5659512 0.4023668
vt2 0.5742147 0.4081159
vt2 0.5750077 0.4053226
vt2 0.9902425 0.02392719
vt2 0.9916627 0.02645986
vt2 0.9817534 0.02825065
vt2 0.9829697 0.03088736
vt2 0.7100651 0.2949847
vt2 0.7089421 0.2976485
vt2 0.717689 0.3038597
vt2 0.7078032 0.3003288
vt2 0.8919705 0.06927706
vt2 0.8924832 0.06641888
vt2 0.006316012 0.2226876
vt2 0.009176827 0.2218944
vt2 0.5837057 0.4104148
vt2 0.584281 0.4075686
vt2 0.9729402 0.03190659
vt2 0.9739497 0.03462929
vt2 0.7013043 0.2906691
vt2 0.6998752 0.2931911
vt2 0.6984398 0.2957157
vt2 0.9023523 0.07073231
vt2 0.9026461 0.06784358
vt2 0.009882965 0.232555
vt2 0.01259054 0.2313369
vt2 0.5933987 0.4119911
vt2 0.5937558 0.4091095
vt2 0.9638186 0.03489722
vt2 0.9646179 0.03768867
vt2 0.6930427 0.2853516
vt2 0.6913362 0.2876963
vt2 0.6896236 0.290042
vt2 0.9129058 0.07140289
vt2 0.9129798 0.06850013
vt2 0.0149461 0.2418525
vt2 0.01743808 0.2402384
vt2 0.6032761 0.4128367
vt2 0.6034138 0.4099363
vt2 0.9544054 0.03721062
vt2 0.9549909 0.0400547
vt2 0.6853612 0.2790753
vt2 0.6834001 0.2812122
vt2 0.6814328 0.2833496
vt2 0.9236212 0.07126795
vt2 0.9234732 0.06836794
vt2 0.02144708 0.2503887
vt2 0.02366379 0.2484139
vt2 0.6133262 0.412931
vt2 0.6132418 0.4100284
vt2 0.9447104 0.03882464
vt2 0.9450768 0.04170521
vt2 0.678344 0.2718711
vt2 0.6761525 0.2737707
vt2 0.6739541 0.2756704
vt2 0.9344974 0.07029291
vt2 0.9341258 0.06741305
vt2 0.02932653 0.2579715
vt2 0.0312129 0.2556787
vt2 0.6235496 0.4122403
vt2 0.6232414 0.409353
vt2 0.9347269 0.03970696
vt2 0.9348698 0.04260718
vt2 0.6720778 0.2637558
vt2 0.6696821 0.2653908
vt2 0.6672792 0.2670248
vt2 0.9455518 0.06842726
vt2 0.9449546 0.06558559
vt2 0.03852663 0.2644092
vt2 0.0400288 0.2618484
vt2 0.6339626 0.4107176
vt2 0.633428 0.4078635
vt2 0.9244325 0.03981405
vt2 0.9243467 0.04271651
vt2 0.6666518 0.2547336
vt2 0.6640806 0.2560754
vt2 0.6615028 0.2574159
vt2 0.9566071 0.06563801
vt2 0.9557873 0.06285241
vt2 0.04881035 0.2693833
vt2 0.04989039 0.2666177
vt2 0.6444052 0.4083251
vt2 0.6436468 0.4055221
vt2 0.9139744 0.03908452
vt2 0.9136595 0.04197111
vt2 0.6622629 0.2449545
vt2 0.6595497 0.2459851
vt2 0.6568316 0.2470133
vt2 0.9674479 0.06198261
vt2 0.9664199 0.05926687
vt2 0.05979079 0.2727107
vt2 0.06044137 0.2698139
vt2 0.6546947 0.4051045
vt2 0.6537265 0.4023668
vt2 0.9035274 0.03752936
vt2 0.9029952 0.04038396
vt2 0.6590189 0.23466
vt2 0.6562043 0.2353792
vt2 0.6533861 0.2360958
vt2 0.9780285 0.05752828
vt2 0.07103923 0.2743756
vt2 0.07075775 0.2772852
vt2 0.0713227 0.2714555
vt2 0.6594447 0.349947
vt2 0.6584858 0.3526879
vt2 0.6490745 0.3467399
vt2 0.6483145 0.3495426
vt2 0.8931399 0.03519573
vt2 0.8924043 0.03800482
vt2 0.6569 0.2239953
vt2 0.6540234 0.2244098
vt2 0.6511429 0.2248216
vt2 0.08234078 0.2777888
vt2 0.08232142 0.2748598
vt2 0.0822987 0.2719338
vt2 0.6384702 0.3442613
vt2 0.637908 0.3471101
vt2 0.8829031 0.03212667
vt2 0.881973 0.03487742
vt2 0.6559052 0.2131286
vt2 0.6530006 0.2132413
vt2 0.6500918 0.2133505
vt2 0.0938972 0.27709
vt2 0.09357148 0.2741801
vt2 0.09324231 0.2712737
vt2 0.6277377 0.3425286
vt2 0.627377 0.3454099
vt2 0.8729226 0.0283605
vt2 0.8718016 0.03103914
vt2 0.6560412 0.202235
vt2 0.6531416 0.2020425
vt2 0.650237 0.2018458
vt2 0.1052623 0.2751787
vt2 0.1046231 0.2723235
vt2 0.1039807 0.2694719
vt2 0.6169785 0.3415692
vt2 0.6168289 0.3444691
vt2 0.8633053 0.02392719
vt2 0.8619919 0.02651692
vt2 0.6573222 0.1914883
vt2 0.6544626 0.1909818
vt2 0.6515971 0.1904696
vt2 0.1162793 0.2720313
vt2 0.1153158 0.2692713
vt2 0.1143497 0.2665154
vt2 0.6062759 0.3414183
vt2 0.6063519 0.3443211
vt2 0.56589 0.4543208
vt2 0.5649407 0.4515766
vt2 0.5759135 0.451268
vt2 0.5751801 0.4484583
vt2 0.6597706 0.1810513
vt2 0.6569909 0.1802182
vt2 0.654205 0.1793771
vt2 0.1268016 0.2676048
vt2 0.1255038 0.2649886
vt2 0.1242035 0.2623778
vt2 0.5956803 0.3421222
vt2 0.595999 0.3450084
vt2 0.5860498 0.4490519
vt2 0.5855541 0.4461908
vt2 0.6634212 0.1710678
vt2 0.6607696 0.1698952
vt2 0.6581122 0.1687128
vt2 0.1366952 0.2618344
vt2 0.135061 0.2594186
vt2 0.1334236 0.2570081
vt2 0.5851924 0.3437448
vt2 0.5857702 0.3465905
vt2 0.5963154 0.44773
vt2 0.5960799 0.4448358
vt2 0.6683319 0.1616538
vt2 0.6658626 0.1601351
vt2 0.6633906 0.1586075
vt2 0.1458363 0.2546283
vt2 0.143884 0.2524711
vt2 0.1419291 0.2503187
vt2 0.5747389 0.3463827
vt2 0.5756019 0.3491552
vt2 0.6067959 0.4473687
vt2 0.606826 0.4444652
vt2 0.6745912 0.1529002
vt2 0.6723604 0.1510292
vt2 0.6701389 0.1491657
vt2 0.1536374 0.2464194
vt2 0.151395 0.2445718
vt2 0.1491546 0.2427358
vt2 0.5649407 0.3500359
vt2 0.5661233 0.3526879
vt2 0.6168965 0.4479183
vt2 0.6171849 0.445029
vt2 0.6819024 0.1454298
vt2 0.6800187 0.1431496
vt2 0.678054 0.1409894
vt2 0.1597384 0.2376709
vt2 0.1572292 0.2361746
vt2 0.1547443 0.23471
vt2 0.8457562 0.06435813
vt2 0.8439584 0.06663832
vt2 0.837706 0.0588181
vt2 0.8362044 0.06130343
vt2 0.6262137 0.4492506
vt2 0.6267628 0.4463992
vt2 0.6901211 0.1399913
vt2 0.6887674 0.1373616
vt2 0.6595238 0.03896963
vt2 0.6577282 0.03668771
vt2 0.6679928 0.03310963
vt2 0.6664936 0.03062285
vt2 0.1643625 0.2282893
vt2 0.1616367 0.2271003
vt2 0.1588909 0.2260943
vt2 0.829284 0.05443561
vt2 0.8280787 0.0570774
vt2 0.6351237 0.4513718
vt2 0.6359315 0.4485827
vt2 0.6990699 0.1365152
vt2 0.6982872 0.1336631
vt2 0.6768671 0.02844208
vt2 0.6756643 0.02579914
vt2 0.8184002 0.3284352
vt2 0.8168693 0.3309026
vt2 0.8093557 0.3234093
vt2 0.8080482 0.3260019
vt2 0.1641355 0.2172494
vt2 0.1612493 0.2167775
vt2 0.8203884 0.05098115
vt2 0.8194544 0.0537305
vt2 0.643892 0.4543208
vt2 0.6449423 0.4516138
vt2 0.7086132 0.1348726
vt2 0.8182638 0.09715591
vt2 0.8283191 0.09715591
vt2 0.8280526 0.1000475
vt2 0.686222 0.02475506
vt2 0.6852908 0.02200481
vt2 0.7997554 0.319101
vt2 0.7986655 0.3217924
vt2 0.1648674 0.2069184
vt2 0.1619429 0.2069305
vt2 0.8109646 0.04828574
vt2 0.8102639 0.05110362
vt2 0.7150505 0.6507292
vt2 0.7161146 0.6534469
vt2 0.7059705 0.6538701
vt2 0.70677 0.656699
vt2 0.7173001 0.6560811
vt2 0.7075709 0.6595086
vt2 0.6960926 0.02188387
vt2 0.6953946 0.01906532
vt2 0.7895845 0.3154662
vt2 0.7887022 0.3182327
vt2 0.1639796 0.1963
vt2 0.1610874 0.1967326
vt2 0.8010134 0.0462298
vt2 0.8005064 0.04908887
vt2 0.6961703 0.6560559
vt2 0.6966529 0.6589411
vt2 0.6971372 0.6618271
vt2 0.7064688 0.01970244
vt2 0.7059644 0.01684289
vt2 0.778879 0.312496
vt2 0.778195 0.315318
vt2 0.1616144 0.185576
vt2 0.1587997 0.1863694
vt2 0.7905838 0.04472478
vt2 0.7902356 0.04760746
vt2 0.685797 0.6572487
vt2 0.6859903 0.6601627
vt2 0.6861848 0.6630785
vt2 0.7173021 0.01811278
vt2 0.7169566 0.01522977
vt2 0.7677175 0.310206
vt2 0.7672258 0.3130678
vt2 0.1579067 0.1749252
vt2 0.1551991 0.1760306
vt2 0.7797619 0.04370176
vt2 0.7795442 0.04659739
vt2 0.6750055 0.6574612
vt2 0.6749333 0.6603774
vt2 0.674862 0.6632951
vt2 0.7285135 0.01703789
vt2 0.7282985 0.01414205
vt2 0.7562083 0.3086275
vt2 0.7559078 0.3115157
vt2 0.1529856 0.1645248
vt2 0.1504073 0.1659054
vt2 0.7686558 0.04310273
vt2 0.7685472 0.04600446
vt2 0.6639719 0.6567069
vt2 0.6636502 0.6596041
vt2 0.6633295 0.662502
vt2 0.7400043 0.01641312
vt2 0.7398984 0.01351129
vt2 0.7444804 0.307802
vt2 0.744374 0.3107038
vt2 0.1469759 0.1545498
vt2 0.1445483 0.156181
vt2 0.7573861 0.04287588
vt2 0.7573727 0.0457796
vt2 0.6528846 0.6550002
vt2 0.6523213 0.65786
vt2 0.6517594 0.6607189
vt2 0.7516638 0.01618388
vt2 0.7516531 0.01328015
vt2 0.7323915 0.3077659
vt2 0.7324736 0.3106684
vt2 0.1398077 0.1449432
vt2 0.1375501 0.1468025
vt2 0.7457688 0.04300252
vt2 0.7458494 0.04590513
vt2 0.6416415 0.6522844
vt2 0.6408476 0.65509
vt2 0.6400556 0.6578936
vt2 0.7636579 0.01633061
vt2 0.7637411 0.01342809
vt2 0.7199009 0.308502
vt2 0.7201574 0.3113945
vt2 0.131464 0.135734
vt2 0.1293933 0.1377995
vt2 0.733719 0.04353042
vt2 0.7339011 0.04642843
vt2 0.6302287 0.6485495
vt2 0.6292186 0.6512865
vt2 0.6282113 0.6540207
vt2 0.7760555 0.01689839
vt2 0.7762403 0.01400056
vt2 0.7072897 0.3099808
vt2 0.7077135 0.3128533
vt2 0.1221438 0.1272254
vt2 0.1202854 0.129484
vt2 0.7215143 0.04451394
vt2 0.721812 0.04740232
vt2 0.6189736 0.6438807
vt2 0.6177519 0.6465328
vt2 0.616534 0.6491815
vt2 0.7885938 0.01794026
vt2 0.7888942 0.01505217
vt2 0.6948185 0.3121803
vt2 0.6954136 0.3150224
vt2 0.112045 0.1197236
vt2 0.1104401 0.1221687
vt2 0.7094296 0.04601075
vt2 0.7098649 0.04888162
vt2 0.6082006 0.6383638
vt2 0.6067626 0.6409014
vt2 0.6053209 0.6434444
vt2 0.8010189 0.019518
vt2 0.801457 0.01664756
vt2 0.6827186 0.315091
vt2 0.6834983 0.3178881
vt2 0.1013632 0.1135368
vt2 0.1000746 0.1161625
vt2 0.6977183 0.04808502
vt2 0.6983225 0.05092516
vt2 0.5982531 0.6321158
vt2 0.5966316 0.6345096
vt2 0.7454717 0.09880929
vt2 0.7576332 0.09715591
vt2 0.7578337 0.1000527
vt2 0.813096 0.02170391
vt2 0.8137029 0.01886434
vt2 0.6711727 0.3187234
vt2 0.6721582 0.3214547
vt2 0.09029017 0.1089801
vt2 0.08940672 0.1117683
vt2 0.6865941 0.05081497
vt2 0.687409 0.05360198
vt2 0.5892227 0.6255096
vt2 0.5874278 0.6277761
vt2 0.7692867 0.1000527
vt2 0.7731929 0.09715591
vt2 0.7850795 0.09715591
vt2 0.7848471 0.1000503
vt2 0.8246269 0.02458977
vt2 0.8254444 0.02180355
vt2 0.6602916 0.3231245
vt2 0.6615092 0.3257605
vt2 0.07901634 0.1063796
vt2 0.07865201 0.1092816
vt2 0.6762061 0.05430624
vt2 0.6772827 0.05700299
vt2 0.5811685 0.6185624
vt2 0.5791845 0.6206656
vt2 0.7999188 0.09715591
vt2 0.8001621 0.1000495
vt2 0.7889857 0.09715591
vt2 0.5867002 0.6293639
vt2 0.5773154 0.6228714
vt2 0.8354706 0.0282993
vt2 0.8365497 0.02560357
vt2 0.6500918 0.3284
vt2 0.6515642 0.3309026
vt2 0.06774366 0.1060774
vt2 0.06801534 0.1089895
vt2 0.666607 0.05871759
vt2 0.6679946 0.06126823
vt2 0.5741137 0.6112279
vt2 0.5719315 0.6131243
vt2 0.5696295 0.6148739
vt2 0.8455664 0.03300757
vt2 0.8469563 0.03045824
vt2 0.7057489 0.100019
vt2 0.7062324 0.09715591
vt2 0.7171896 0.1013528
vt2 0.7173607 0.0984542
vt2 0.05670585 0.1084247
vt2 0.05768028 0.1111823
vt2 0.6577282 0.06430267
vt2 0.6594534 0.06663832
vt2 0.6443055 0.4309474
vt2 0.6453925 0.4336399
vt2 0.6347585 0.4342098
vt2 0.6355479 0.4370041
vt2 0.5666907 0.6041889
vt2 0.5640314 0.6053235
vt2 0.8549504 0.03896963
vt2 0.8566777 0.03663558
vt2 0.7292162 0.1014002
vt2 0.7290592 0.09850073
vt2 0.04618816 0.1137365
vt2 0.04782245 0.116162
vt2 0.8315706 0.246629
vt2 0.8328973 0.2440462
vt2 0.8416601 0.2509227
vt2 0.8426146 0.2481804
vt2 0.6244503 0.4365036
vt2 0.6249195 0.4393691
vt2 0.5637609 0.5937505
vt2 0.5609494 0.5942502
vt2 0.5612653 0.6063118
vt2 0.5581005 0.5947435
vt2 0.7415655 0.1000192
vt2 0.741082 0.09715591
vt2 0.03700352 0.1217434
vt2 0.03915948 0.1237192
vt2 0.8526663 0.2539466
vt2 0.8532785 0.2511081
vt2 0.6134524 0.4376586
vt2 0.6135949 0.4405589
vt2 0.5628678 0.5825156
vt2 0.5599968 0.5825052
vt2 0.5571184 0.5824875
vt2 0.03476578 0.1199215
vt2 0.02744428 0.1300108
vt2 0.02987151 0.1315369
vt2 0.03230671 0.133067
vt2 0.8641695 0.2557619
vt2 0.8644859 0.2528754
vt2 0.6021068 0.4375805
vt2 0.6019496 0.44048
vt2 0.5638707 0.5710142
vt2 0.5610251 0.5705624
vt2 0.5581794 0.570106
vt2 0.02145455 0.1412396
vt2 0.02407066 0.1424448
vt2 0.02667996 0.1436404
vt2 0.8762538 0.2565074
vt2 0.8763162 0.2536043
vt2 0.5903152 0.4363764
vt2 0.5899049 0.439251
vt2 0.5665892 0.5592992
vt2 0.5638205 0.5584791
vt2 0.5610525 0.5576562
vt2 0.01671343 0.1534725
vt2 0.01945062 0.1543767
vt2 0.02218156 0.155274
vt2 0.8888471 0.2562714
vt2 0.8886917 0.2533717
vt2 0.5781423 0.434135
vt2 0.5775175 0.4369708
vt2 0.5708562 0.5475172
vt2 0.5681926 0.546392
vt2 0.5655292 0.5452643
vt2 0.01318925 0.1664469
vt2 0.01600371 0.1670738
vt2 0.01881342 0.1676968
vt2 0.9017826 0.2551235
vt2 0.9014345 0.2522407
vt2 0.5657529 0.4309474
vt2 0.5649407 0.4337352
vt2 0.5764969 0.5358787
vt2 0.5739555 0.5344945
vt2 0.5714142 0.5331072
vt2 0.01087701 0.1798789
vt2 0.0137372 0.1802426
vt2 0.01659414 0.180603
vt2 0.9148376 0.2531266
vt2 0.9143118 0.2502708
vt2 0.8399624 0.07054457
vt2 0.841258 0.07314324
vt2 0.8281259 0.07598576
vt2 0.8292584 0.07865964
vt2 0.5833262 0.5246285
vt2 0.5809232 0.523015
vt2 0.578519 0.5213981
vt2 0.009790847 0.1934729
vt2 0.01267076 0.1935738
vt2 0.01554893 0.1936726
vt2 0.9277624 0.2503391
vt2 0.9270629 0.2475209
vt2 0.8159657 0.08070619
vt2 0.8169324 0.0834442
vt2 0.5911539 0.5140271
vt2 0.5889086 0.5122019
vt2 0.5866619 0.5103716
vt2 0.009959012 0.2069322
vt2 0.01283291 0.2067579
vt2 0.01570573 0.2065817
vt2 0.9403003 0.2468137
vt2 0.9394216 0.2440462
vt2 0.8037344 0.08460539
vt2 0.8045235 0.0873998
vt2 0.5997896 0.5043399
vt2 0.5977311 0.5023104
vt2 0.5956706 0.5002729
vt2 0.01142422 0.2199707
vt2 0.01426157 0.2194943
vt2 0.01709484 0.2190155
vt2 0.6500918 0.1086714
vt2 0.6513966 0.1060774
vt2 0.6615589 0.1139704
vt2 0.6626763 0.1112903
vt2 0.7916706 0.08758409
vt2 0.7922593 0.09042752
vt2 0.6090496 0.4958276
vt2 0.6072215 0.4935955
vt2 0.6053906 0.4913501
vt2 0.01424804 0.2323338
vt2 0.01700738 0.2315072
vt2 0.01975596 0.2306785
vt2 0.6728795 0.1181962
vt2 0.6737942 0.1154402
vt2 0.7799673 0.08954986
vt2 0.7803028 0.0924342
vt2 0.6187833 0.4887249
vt2 0.617236 0.4862986
vt2 0.6156881 0.4838601
vt2 0.01888566 0.2446315
vt2 0.02151916 0.2434554
vt2 0.02414414 0.242278
vt2 0.6848945 0.1217076
vt2 0.6856263 0.1188977
vt2 0.7676661 0.0903466
vt2 0.767723 0.09324966
vt2 0.6297353 0.4826622
vt2 0.6284686 0.4800669
vt2 0.6272043 0.4774725
vt2 0.02555904 0.257424
vt2 0.02804846 0.2559716
vt2 0.03053387 0.254518
vt2 0.6984673 0.1248362
vt2 0.6990354 0.1219887
vt2 0.7539104 0.08997358
vt2 0.7537375 0.09287212
vt2 0.6425437 0.4772152
vt2 0.6415295 0.4745002
vt2 0.6405175 0.4717897
vt2 0.03400187 0.2704113
vt2 0.03635113 0.2687451
vt2 0.03869799 0.267078
vt2 0.7133718 0.1273759
vt2 0.7137699 0.1244997
vt2 0.7390295 0.08857099
vt2 0.7386848 0.0914541
vt2 0.6568931 0.4725875
vt2 0.6561206 0.4697897
vt2 0.6553497 0.4669942
vt2 0.04397817 0.2833055
vt2 0.04619307 0.2814558
vt2 0.04839349 0.2796139
vt2 0.7292892 0.1290953
vt2 0.7295018 0.1261994
vt2 0.7233734 0.0862759
vt2 0.7228934 0.08913971
vt2 0.6724281 0.4690164
vt2 0.6719016 0.4661594
vt2 0.6713762 0.4633033
vt2 0.05532136 0.2958904
vt2 0.0574464 0.2938983
vt2 0.05947061 0.2918427
vt2 0.7458829 0.1297568
vt2 0.7458857 0.1268532
vt2 0.7072638 0.08321977
vt2 0.7066721 0.08606255
vt2 0.6887774 0.4667437
vt2 0.6885141 0.4638491
vt2 0.6882516 0.4609542
vt2 0.004432568 0.1021711
vt2 0.00390625 0.09930599
vt2 0.02152829 0.09870794
vt2 0.02090353 0.09586263
vt2 0.0703484 0.3052352
vt2 0.07211636 0.3029556
vt2 0.7628151 0.1291176
vt2 0.7625752 0.1262238
vt2 0.6909769 0.07952202
vt2 0.6902876 0.08234274
vt2 0.7055696 0.4660102
vt2 0.7055976 0.463103
vt2 0.705627 0.4601947
vt2 0.0386653 0.09463686
vt2 0.03794971 0.09181305
vt2 0.0846942 0.3149955
vt2 0.08615154 0.3125058
vt2 0.7797611 0.1269288
vt2 0.7792394 0.1240724
vt2 0.6747192 0.07527852
vt2 0.6739398 0.07807567
vt2 0.7224456 0.4670538
vt2 0.7228031 0.4641685
vt2 0.7231625 0.4612812
vt2 0.05575395 0.08998939
vt2 0.0549494 0.0871895
vt2 0.1003336 0.322728
vt2 0.1014126 0.3200528
vt2 0.7964253 0.1229333
vt2 0.7955806 0.120155
vt2 0.6585956 0.07054457
vt2 0.6577282 0.07331578
vt2 0.7390767 0.4701128
vt2 0.739805 0.4672991
vt2 0.7405361 0.4644821
vt2 0.07282745 0.08472691
vt2 0.07192946 0.08195576
vt2 0.1171301 0.327971
vt2 0.1177565 0.325155
vt2 0.8125548 0.1168631
vt2 0.8113549 0.114219
vt2 0.8624122 0.05362203
vt2 0.8619919 0.05074879
vt2 0.8791185 0.05139392
vt2 0.8787948 0.04850838
vt2 0.7551818 0.4754348
vt2 0.7563136 0.4727619
vt2 0.7574522 0.4700815
vt2 0.08998475 0.07893933
vt2 0.08895542 0.07621426
vt2 0.1347541 0.3304187
vt2 0.1350117 0.3275454
vt2 0.8280283 0.108615
vt2 0.826617 0.1060774
vt2 0.8963489 0.04986745
vt2 0.8961636 0.04696976
vt2 0.7705908 0.483543
vt2 0.7719952 0.4810108
vt2 0.7734056 0.4784722
vt2 0.1078448 0.07188375
vt2 0.106645 0.06922924
vt2 0.1535509 0.33159
vt2 0.1537144 0.328701
vt2 0.1351774 0.3246925
vt2 0.1538768 0.3258181
vt2 0.9152104 0.04952643
vt2 0.9152089 0.04662276
vt2 0.7867861 0.4934405
vt2 0.7882358 0.4909258
vt2 0.7896798 0.4884178
vt2 0.1269834 0.06279884
vt2 0.1256637 0.06020191
vt2 0.1743626 0.3333063
vt2 0.174547 0.3304412
vt2 0.1747342 0.3275601
vt2 0.9362161 0.05051266
vt2 0.9363472 0.04761199
vt2 0.8050684 0.5040429
vt2 0.8065053 0.5015022
vt2 0.8079324 0.4989749
vt2 0.1476899 0.05228775
vt2 0.1463514 0.04970027
vt2 0.1971914 0.335002
vt2 0.1973338 0.3321441
vt2 0.197478 0.3292722
vt2 0.9591938 0.05214757
vt2 0.9593459 0.04924775
vt2 0.8250289 0.5157679
vt2 0.8265053 0.5132441
vt2 0.8279785 0.5107249
vt2 0.1702066 0.04113854
vt2 0.1689388 0.03851584
vt2 0.2219103 0.3362392
vt2 0.2219778 0.3333788
vt2 0.2220449 0.3305219
vt2 0.9841179 0.05362203
vt2 0.1976174 0.3261041
vt2 0.2221292 0.3276577
vt2 0.8463289 0.5289181
vt2 0.8478412 0.5264249
vt2 0.8494097 0.5239615
vt2 0.1948538 0.03021093
vt2 0.1937379 0.02752001
vt2 0.2485643 0.3367714
vt2 0.2485976 0.3338909
vt2 0.2485234 0.3310324
vt2 0.2484491 0.3281687
vt2 0.5017217 0.7057212
vt2 0.5008292 0.7085142
vt2 0.4761703 0.6971101
vt2 0.4752751 0.6999021
vt2 0.8699438 0.5416859
vt2 0.8716529 0.5393178
vt2 0.2219957 0.0204101
vt2 0.2211058 0.01763626
vt2 0.2773286 0.3375121
vt2 0.00390625 0.7379885
vt2 0.03216037 0.7313542
vt2 0.03281774 0.7341796
vt2 0.2771479 0.3324813
vt2 0.2768629 0.3296423
vt2 0.2765771 0.3267964
vt2 0.4487191 0.68808
vt2 0.4478694 0.6908861
vt2 0.8924971 0.5594939
vt2 0.8943595 0.5572445
vt2 0.2520036 0.01265803
vt2 0.2514002 0.009808098
vt2 0.06332168 0.7278304
vt2 0.06276628 0.7249833
vt2 0.3075886 0.3284892
vt2 0.3070681 0.3256818
vt2 0.3065481 0.3228826
vt2 0.4189264 0.6791309
vt2 0.4181782 0.6819658
vt2 0.9153756 0.5802329
vt2 0.9173819 0.5781106
vt2 0.285231 0.007854111
vt2 0.2849515 0.004954466
vt2 0.09665238 0.7224767
vt2 0.0962568 0.719603
vt2 0.340185 0.3213309
vt2 0.3394684 0.3185482
vt2 0.3386658 0.3158095
vt2 0.3861496 0.6709232
vt2 0.3855608 0.6737955
vt2 0.9387245 0.6042439
vt2 0.9408481 0.6022391
vt2 0.3220153 0.006818789
vt2 0.3220686 0.00390625
vt2 0.1334638 0.7189966
vt2 0.1332786 0.7161017
vt2 0.3757132 0.3115996
vt2 0.09552455 0.7124205
vt2 0.1332588 0.7131483
vt2 0.3739309 0.3066208
vt2 0.372821 0.3039916
vt2 0.3496145 0.6642957
vt2 0.3492365 0.6672033
vt2 0.963012 0.6318527
vt2 0.9652165 0.6299372
vt2 0.3626767 0.01012571
vt2 0.3630673 0.007239195
vt2 0.1744185 0.7182899
vt2 0.1744451 0.7153983
vt2 0.1744724 0.7125016
vt2 0.4104543 0.2890017
vt2 0.4090472 0.286519
vt2 0.3084828 0.6603555
vt2 0.3084035 0.6632866
vt2 0.9891032 0.6632951
vt2 0.9913344 0.6614106
vt2 0.402714 0.01817416
vt2 0.4034466 0.01535469
vt2 0.2153931 0.7201574
vt2 0.2157422 0.7172245
vt2 0.2159098 0.7143283
vt2 0.4447783 0.2669311
vt2 0.4430845 0.264634
vt2 0.2669305 0.66164
vt2 0.2671805 0.6645718
vt2 0.3084998 0.666165
vt2 0.2674283 0.6674917
vt2 0.4383625 0.02992343
vt2 0.4394118 0.02720014
vt2 0.4041246 0.01253712
vt2 0.4404578 0.02448362
vt2 0.2537106 0.7202539
vt2 0.2539799 0.7173655
vt2 0.4737276 0.2429781
vt2 0.4718024 0.2408712
vt2 0.2287086 0.666591
vt2 0.2292145 0.669467
vt2 0.2297206 0.6723617
vt2 0.4705696 0.04447886
vt2 0.4718508 0.04186722
vt2 0.4731341 0.03925067
vt2 0.2891324 0.7242755
vt2 0.2894859 0.7213962
vt2 0.4986541 0.2181859
vt2 0.4965793 0.2162262
vt2 0.1935381 0.6741033
vt2 0.1942291 0.6769325
vt2 0.1949229 0.6797785
vt2 0.4999342 0.06020031
vt2 0.5013317 0.05765713
vt2 0.5027341 0.055106
vt2 0.3222868 0.7287741
vt2 0.3226808 0.7259001
vt2 0.5206177 0.193614
vt2 0.518468 0.1917369
vt2 0.1610743 0.6828843
vt2 0.1618558 0.6856799
vt2 0.1626412 0.6884924
vt2 0.5270064 0.07545922
vt2 0.5283909 0.07291735
vt2 0.5297811 0.07036632
vt2 0.3530348 0.7330307
vt2 0.3534073 0.7301538
vt2 0.5404206 0.1703943
vt2 0.5382715 0.1685165
vt2 0.1312269 0.6915044
vt2 0.1319816 0.6942921
vt2 0.1327405 0.6971024
vt2 0.5523187 0.08861914
vt2 0.5535235 0.08599475
vt2 0.554731 0.08336276
vt2 0.3810697 0.7362936
vt2 0.3813459 0.7334059
vt2 0.5587892 0.149699
vt2 0.5567417 0.1477109
vt2 0.1040093 0.6985272
vt2 0.1045917 0.701331
vt2 0.1051752 0.7041716
vt2 0.5765407 0.09805772
vt2 0.577328 0.09528271
vt2 0.578111 0.09250796
vt2 0.4062944 0.7379885
vt2 0.4063974 0.7350892
vt2 0.5766267 0.1326129
vt2 0.5748445 0.130384
vt2 0.07929549 0.7026661
vt2 0.07953189 0.7054859
vt2 0.07975793 0.7083589
vt2 0.6006221 0.1021711
vt2 0.6007168 0.0992871
vt2 0.6008027 0.09641641
vt2 0.4295467 0.7378866
vt2 0.4294198 0.7349885
vt2 0.5953855 0.1199222
vt2 0.5940974 0.1173758
vt2 0.05631833 0.7028789
vt2 0.05604826 0.7056736
vt2 0.05575475 0.7085142
vt2 0.6258833 0.09935773
vt2 0.6251689 0.09655111
vt2 0.6244555 0.09378012
vt2 0.4535226 0.7358264
vt2 0.4531482 0.7329497
vt2 0.6174318 0.1119949
vt2 0.6167868 0.109215
vt2 0.03307588 0.6981016
vt2 0.03223045 0.7008194
vt2 0.03138661 0.7035156
vt2 0.6538219 0.08798632
vt2 0.6527107 0.08528432
vt2 0.6516109 0.08261704
vt2 0.4826161 0.7308213
vt2 0.4821192 0.7279631
vt2 0.6461855 0.1089139
vt2 0.645873 0.1060774
vt2 0.006175355 0.686509
vt2 0.005016482 0.6892322
vt2 0.00390625 0.6918626


vc 1 1 1 1
vc 1 1 1 1
vc 1 1 1 1
vc 1 1 1 1
vc 1 1 1 1
vc 1 1 1 1
vc 1 1 1 1
vc 1 1 1 1
vc 1 1 1 1
vc 1 1 1 1
vc 1 1 1 1
vc 1 1 1 1
vc 1 1 1 1
vc 1 1 1 1
vc 1 1 1 1
vc 1 1 1 1
vc 1 1 1 1
vc 1 1 1 1
vc 1 1 1 1
vc 1 1 1 1
vc 1 1 1 1
vc 1 1 1 1
vc 1 1 1 1
vc 1 1 1 1
vc 1 1 1 1
vc 1 1 1 1
vc 1 1 1 1
vc 1 1 1 1
vc 1 1 1 1
vc 1 1 1 1
vc 1 1 1 1
vc 1 1 1 1
vc 1 1 1 1
vc 1 1 1 1
vc 1 1 1 1
vc 1 1 1 1
vc 1 1 1 1
vc 1 1 1 1
vc 1 1 1 1
vc 1 1 1 1
vc 1 1 1 1
vc 1 1 1 1
vc 1 1 1 1
vc 1 1 1 1
vc 1 1 1 1
vc 1 1 1 1
vc 1 1 1 1
vc 1 1 1 1
vc 1 1 1 1
vc 1 1 1 1
vc 1 1 1 1
vc 1 1 1 1
vc 1 1 1 1
vc 1 1 1 1
vc 1 1 1 1
vc 1 1 1 1
vc 1 1 1 1
vc 1 1 1 1
vc 1 1 1 1
vc 1 1 1 1
vc 1 1 1 1
vc 1 1 1 1
vc 1 1 1 1
vc 1 1 1 1
vc 1 1 1 1
vc 1 1 1 1
vc 1 1 1 1
vc 1 1 1 1
vc 1 1 1 1
vc 1 1 1 1
vc 1 1 1 1
vc 1 1 1 1
vc 1 1 1 1
vc 1 1 1 1
vc 1 1 1 1
vc 1 1 1 1
vc 1 1 1 1
vc 1 1 1 1
vc 1 1 1 1
vc 1 1 1 1
vc 1 1 1 1
vc 1 1 1 1
vc 1 1 1 1
vc 1 1 1 1
vc 1 1 1 1
vc 1 1 1 1
vc 1 1 1 1
vc 1 1 1 1
vc 1 1 1 1
vc 1 1 1 1
vc 1 1 1 1
vc 1 1 1 1
vc 1 1 1 1
vc 1 1 1 1
vc 1 1 1 1
vc 1 1 1 1
vc 1 1 1 1
vc 1 1 1 1
vc 1 1 1 1
vc 1 1 1 1
vc 1 1 1 1
vc 1 1 1 1
vc 1 1 1 1
vc 1 1 1 1
vc 1 1 1 1
vc 1 1 1 1
vc 1 1 1 1
vc 1 1 1 1
vc 1 1 1 1
vc 1 1 1 1
vc 1 1 1 1
vc 1 1 1 1
vc 1 1 1 1
vc 1 1 1 1
vc 1 1 1 1
vc 1 1 1 1
vc 1 1 1 1
vc 1 1 1 1
vc 1 1 1 1
vc 1 1 1 1
vc 1 1 1 1
vc 1 1 1 1
vc 1 1 1 1
vc 1 1 1 1
vc 1 1 1 1
vc 1 1 1 1
vc 1 1 1 1
vc 1 1 1 1
vc 1 1 1 1
vc 1 1 1 1
vc 1 1 1 1
vc 1 1 1 1
vc 1 1 1 1
vc 1 1 1 1
vc 1 1 1 1
vc 1 1 1 1
vc 1 1 1 1
vc 1 1 1 1
vc 1 1 1 1
vc 1 1 1 1
vc 1 1 1 1
vc 1 1 1 1
vc 1 1 1 1
vc 1 1 1 1
vc 1 1 1 1
vc 1 1 1 1
vc 1 1 1 1
vc 1 1 1 1
vc 1 1 1 1
vc 1 1 1 1
vc 1 1 1 1
vc 1 1 1 1
vc 1 1 1 1
vc 1 1 1 1
vc 1 1 1 1
vc 1 1 1 1
vc 1 1 1 1
vc 1 1 1 1
vc 1 1 1 1
vc 1 1 1 1
vc 1 1 1 1
vc 1 1 1 1
vc 1 1 1 1
vc 1 1 1 1
vc 1 1 1 1
vc 1 1 1 1
vc 1 1 1 1
vc 1 1 1 1
vc 1 1 1 1
vc 1 1 1 1
vc 1 1 1 1
vc 1 1 1 1
vc 1 1 1 1
vc 1 1 1 1
vc 1 1 1 1
vc 1 1 1 1
vc 1 1 1 1
vc 1 1 1 1
vc 1 1 1 1
vc 1 1 1 1
vc 1 1 1 1
vc 1 1 1 1
vc 1 1 1 1
vc 1 1 1 1
vc 1 1 1 1
vc 1 1 1 1
vc 1 1 1 1
vc 1 1 1 1
vc 1 1 1 1
vc 1 1 1 1
vc 1 1 1 1
vc 1 1 1 1
vc 1 1 1 1
vc 1 1 1 1
vc 1 1 1 1
vc 1 1 1 1
vc 1 1 1 1
vc 1 1 1 1
vc 1 1 1 1
vc 1 1 1 1
vc 1 1 1 1
vc 1 1 1 1
vc 1 1 1 1
vc 1 1 1 1
vc 1 1 1 1
vc 1 1 1 1
vc 1 1 1 1
vc 1 1 1 1
vc 1 1 1 1
vc 1 1 1 1
vc 1 1 1 1
vc 1 1 1 1
vc 1 1 1 1
vc 1 1 1 1
vc 1 1 1 1
vc 1 1 1 1
vc 1 1 1 1
vc 1 1 1 1
vc 1 1 1 1
vc 1 1 1 1
vc 1 1 1 1
vc 1 1 1 1
vc 1 1 1 1
vc 1 1 1 1
vc 1 1 1 1
vc 1 1 1 1
vc 1 1 1 1
vc 1 1 1 1
vc 1 1 1 1
vc 1 1 1 1
vc 1 1 1 1
vc 1 1 1 1
vc 1 1 1 1
vc 1 1 1 1
vc 1 1 1 1
vc 1 1 1 1
vc 1 1 1 1
vc 1 1 1 1
vc 1 1 1 1
vc 1 1 1 1
vc 1 1 1 1
vc 1 1 1 1
vc 1 1 1 1
vc 1 1 1 1
vc 1 1 1 1
vc 1 1 1 1
vc 1 1 1 1
vc 1 1 1 1
vc 1 1 1 1
vc 1 1 1 1
vc 1 1 1 1
vc 1 1 1 1
vc 1 1 1 1
vc 1 1 1 1
vc 1 1 1 1
vc 1 1 1 1
vc 1 1 1 1
vc 1 1 1 1
vc 1 1 1 1
vc 1 1 1 1
vc 1 1 1 1
vc 1 1 1 1
vc 1 1 1 1
vc 1 1 1 1
vc 1 1 1 1
vc 1 1 1 1
vc 1 1 1 1
vc 1 1 1 1
vc 1 1 1 1
vc 1 1 1 1
vc 1 1 1 1
vc 1 1 1 1
vc 1 1 1 1
vc 1 1 1 1
vc 1 1 1 1
vc 1 1 1 1
vc 1 1 1 1
vc 1 1 1 1
vc 1 1 1 1
vc 1 1 1 1
vc 1 1 1 1
vc 1 1 1 1
vc 1 1 1 1
vc 1 1 1 1
vc 1 1 1 1
vc 1 1 1 1
vc 1 1 1 1
vc 1 1 1 1
vc 1 1 1 1
vc 1 1 1 1
vc 1 1 1 1
vc 1 1 1 1
vc 1 1 1 1
vc 1 1 1 1
vc 1 1 1 1
vc 1 1 1 1
vc 1 1 1 1
vc 1 1 1 1
vc 1 1 1 1
vc 1 1 1 1
vc 1 1 1 1
vc 1 1 1 1
vc 1 1 1 1
vc 1 1 1 1
vc 1 1 1 1
vc 1 1 1 1
vc 1 1 1 1
vc 1 1 1 1
vc 1 1 1 1
vc 1 1 1 1
vc 1 1 1 1
vc 1 1 1 1
vc 1 1 1 1
vc 1 1 1 1
vc 1 1 1 1
vc 1 1 1 1
vc 1 1 1 1
vc 1 1 1 1
vc 1 1 1 1
vc 1 1 1 1
vc 1 1 1 1
vc 1 1 1 1
vc 1 1 1 1
vc 1 1 1 1
vc 1 1 1 1
vc 1 1 1 1
vc 1 1 1 1
vc 1 1 1 1
vc 1 1 1 1
vc 1 1 1 1
vc 1 1 1 1
vc 1 1 1 1
vc 1 1 1 1
vc 1 1 1 1
vc 1 1 1 1
vc 1 1 1 1
vc 1 1 1 1
vc 1 1 1 1
vc 1 1 1 1
vc 1 1 1 1
vc 1 1 1 1
vc 1 1 1 1
vc 1 1 1 1
vc 1 1 1 1
vc 1 1 1 1
vc 1 1 1 1
vc 1 1 1 1
vc 1 1 1 1
vc 1 1 1 1
vc 1 1 1 1
vc 1 1 1 1
vc 1 1 1 1
vc 1 1 1 1
vc 1 1 1 1
vc 1 1 1 1
vc 1 1 1 1
vc 1 1 1 1
vc 1 1 1 1
vc 1 1 1 1
vc 1 1 1 1
vc 1 1 1 1
vc 1 1 1 1
vc 1 1 1 1
vc 1 1 1 1
vc 1 1 1 1
vc 1 1 1 1
vc 1 1 1 1
vc 1 1 1 1
vc 1 1 1 1
vc 1 1 1 1
vc 1 1 1 1
vc 1 1 1 1
vc 1 1 1 1
vc 1 1 1 1
vc 1 1 1 1
vc 1 1 1 1
vc 1 1 1 1
vc 1 1 1 1
vc 1 1 1 1
vc 1 1 1 1
vc 1 1 1 1
vc 1 1 1 1
vc 1 1 1 1
vc 1 1 1 1
vc 1 1 1 1
vc 1 1 1 1
vc 1 1 1 1
vc 1 1 1 1
vc 1 1 1 1
vc 1 1 1 1
vc 1 1 1 1
vc 1 1 1 1
vc 1 1 1 1
vc 1 1 1 1
vc 1 1 1 1
vc 1 1 1 1
vc 1 1 1 1
vc 1 1 1 1
vc 1 1 1 1
vc 1 1 1 1
vc 1 1 1 1
vc 1 1 1 1
vc 1 1 1 1
vc 1 1 1 1
vc 1 1 1 1
vc 1 1 1 1
vc 1 1 1 1
vc 1 1 1 1
vc 1 1 1 1
vc 1 1 1 1
vc 1 1 1 1
vc 1 1 1 1
vc 1 1 1 1
vc 1 1 1 1
vc 1 1 1 1
vc 1 1 1 1
vc 1 1 1 1
vc 1 1 1 1
vc 1 1 1 1
vc 1 1 1 1
vc 1 1 1 1
vc 1 1 1 1
vc 1 1 1 1
vc 1 1 1 1
vc 1 1 1 1
vc 1 1 1 1
vc 1 1 1 1
vc 1 1 1 1
vc 1 1 1 1
vc 1 1 1 1
vc 1 1 1 1
vc 1 1 1 1
vc 1 1 1 1
vc 1 1 1 1
vc 1 1 1 1
vc 1 1 1 1
vc 1 1 1 1
vc 1 1 1 1
vc 1 1 1 1
vc 1 1 1 1
vc 1 1 1 1
vc 1 1 1 1
vc 1 1 1 1
vc 1 1 1 1
vc 1 1 1 1
vc 1 1 1 1
vc 1 1 1 1
vc 1 1 1 1
vc 1 1 1 1
vc 1 1 1 1
vc 1 1 1 1
vc 1 1 1 1
vc 1 1 1 1
vc 1 1 1 1
vc 1 1 1 1
vc 1 1 1 1
vc 1 1 1 1
vc 1 1 1 1
vc 1 1 1 1
vc 1 1 1 1
vc 1 1 1 1
vc 1 1 1 1
vc 1 1 1 1
vc 1 1 1 1
vc 1 1 1 1
vc 1 1 1 1
vc 1 1 1 1
vc 1 1 1 1
vc 1 1 1 1
vc 1 1 1 1
vc 1 1 1 1
vc 1 1 1 1
vc 1 1 1 1
vc 1 1 1 1
vc 1 1 1 1
vc 1 1 1 1
vc 1 1 1 1
vc 1 1 1 1
vc 1 1 1 1
vc 1 1 1 1
vc 1 1 1 1
vc 1 1 1 1
vc 1 1 1 1
vc 1 1 1 1
vc 1 1 1 1
vc 1 1 1 1
vc 1 1 1 1
vc 1 1 1 1
vc 1 1 1 1
vc 1 1 1 1
vc 1 1 1 1
vc 1 1 1 1
vc 1 1 1 1
vc 1 1 1 1
vc 1 1 1 1
vc 1 1 1 1
vc 1 1 1 1
vc 1 1 1 1
vc 1 1 1 1
vc 1 1 1 1
vc 1 1 1 1
vc 1 1 1 1
vc 1 1 1 1
vc 1 1 1 1
vc 1 1 1 1
vc 1 1 1 1
vc 1 1 1 1
vc 1 1 1 1
vc 1 1 1 1
vc 1 1 1 1
vc 1 1 1 1
vc 1 1 1 1
vc 1 1 1 1
vc 1 1 1 1
vc 1 1 1 1
vc 1 1 1 1
vc 1 1 1 1
vc 1 1 1 1
vc 1 1 1 1
vc 1 1 1 1
vc 1 1 1 1
vc 1 1 1 1
vc 1 1 1 1
vc 1 1 1 1
vc 1 1 1 1
vc 1 1 1 1
vc 1 1 1 1
vc 1 1 1 1
vc 1 1 1 1
vc 1 1 1 1
vc 1 1 1 1
vc 1 1 1 1
vc 1 1 1 1
vc 1 1 1 1
vc 1 1 1 1
vc 1 1 1 1
vc 1 1 1 1
vc 1 1 1 1
vc 1 1 1 1
vc 1 1 1 1
vc 1 1 1 1
vc 1 1 1 1
vc 1 1 1 1
vc 1 1 1 1
vc 1 1 1 1
vc 1 1 1 1
vc 1 1 1 1
vc 1 1 1 1
vc 1 1 1 1
vc 1 1 1 1
vc 1 1 1 1
vc 1 1 1 1
vc 1 1 1 1
vc 1 1 1 1
vc 1 1 1 1
vc 1 1 1 1
vc 1 1 1 1
vc 1 1 1 1
vc 1 1 1 1
vc 1 1 1 1
vc 1 1 1 1
vc 1 1 1 1
vc 1 1 1 1
vc 1 1 1 1
vc 1 1 1 1
vc 1 1 1 1
vc 1 1 1 1
vc 1 1 1 1
vc 1 1 1 1
vc 1 1 1 1
vc 1 1 1 1
vc 1 1 1 1
vc 1 1 1 1
vc 1 1 1 1
vc 1 1 1 1
vc 1 1 1 1
vc 1 1 1 1
vc 1 1 1 1
vc 1 1 1 1
vc 1 1 1 1
vc 1 1 1 1
vc 1 1 1 1
vc 1 1 1 1
vc 1 1 1 1
vc 1 1 1 1
vc 1 1 1 1
vc 1 1 1 1
vc 1 1 1 1
vc 1 1 1 1
vc 1 1 1 1
vc 1 1 1 1
vc 1 1 1 1
vc 1 1 1 1
vc 1 1 1 1
vc 1 1 1 1
vc 1 1 1 1
vc 1 1 1 1
vc 1 1 1 1
vc 1 1 1 1
vc 1 1 1 1
vc 1 1 1 1
vc 1 1 1 1
vc 1 1 1 1
vc 1 1 1 1
vc 1 1 1 1
vc 1 1 1 1
vc 1 1 1 1
vc 1 1 1 1
vc 1 1 1 1
vc 1 1 1 1
vc 1 1 1 1
vc 1 1 1 1
vc 1 1 1 1
vc 1 1 1 1
vc 1 1 1 1
vc 1 1 1 1
vc 1 1 1 1
vc 1 1 1 1
vc 1 1 1 1
vc 1 1 1 1
vc 1 1 1 1
vc 1 1 1 1
vc 1 1 1 1
vc 1 1 1 1
vc 1 1 1 1
vc 1 1 1 1
vc 1 1 1 1
vc 1 1 1 1
vc 1 1 1 1
vc 1 1 1 1
vc 1 1 1 1
vc 1 1 1 1
vc 1 1 1 1
vc 1 1 1 1
vc 1 1 1 1
vc 1 1 1 1
vc 1 1 1 1
vc 1 1 1 1
vc 1 1 1 1
vc 1 1 1 1
vc 1 1 1 1
vc 1 1 1 1
vc 1 1 1 1
vc 1 1 1 1
vc 1 1 1 1
vc 1 1 1 1
vc 1 1 1 1
vc 1 1 1 1
vc 1 1 1 1
vc 1 1 1 1
vc 1 1 1 1
vc 1 1 1 1
vc 1 1 1 1
vc 1 1 1 1
vc 1 1 1 1
vc 1 1 1 1
vc 1 1 1 1
vc 1 1 1 1
vc 1 1 1 1
vc 1 1 1 1
vc 1 1 1 1
vc 1 1 1 1
vc 1 1 1 1
vc 1 1 1 1
vc 1 1 1 1
vc 1 1 1 1
vc 1 1 1 1
vc 1 1 1 1
vc 1 1 1 1
vc 1 1 1 1
vc 1 1 1 1
vc 1 1 1 1
vc 1 1 1 1
vc 1 1 1 1
vc 1 1 1 1
vc 1 1 1 1
vc 1 1 1 1
vc 1 1 1 1
vc 1 1 1 1
vc 1 1 1 1
vc 1 1 1 1
vc 1 1 1 1
vc 1 1 1 1
vc 1 1 1 1
vc 1 1 1 1
vc 1 1 1 1
vc 1 1 1 1
vc 1 1 1 1
vc 1 1 1 1
vc 1 1 1 1
vc 1 1 1 1
vc 1 1 1 1
vc 1 1 1 1
vc 1 1 1 1
vc 1 1 1 1
vc 1 1 1 1
vc 1 1 1 1
vc 1 1 1 1
vc 1 1 1 1
vc 1 1 1 1
vc 1 1 1 1
vc 1 1 1 1
vc 1 1 1 1
vc 1 1 1 1
vc 1 1 1 1
vc 1 1 1 1
vc 1 1 1 1
vc 1 1 1 1
vc 1 1 1 1
vc 1 1 1 1
vc 1 1 1 1
vc 1 1 1 1
vc 1 1 1 1
vc 1 1 1 1
vc 1 1 1 1
vc 1 1 1 1
vc 1 1 1 1
vc 1 1 1 1
vc 1 1 1 1
vc 1 1 1 1
vc 1 1 1 1
vc 1 1 1 1
vc 1 1 1 1
vc 1 1 1 1
vc 1 1 1 1
vc 1 1 1 1
vc 1 1 1 1
vc 1 1 1 1
vc 1 1 1 1
vc 1 1 1 1
vc 1 1 1 1
vc 1 1 1 1
vc 1 1 1 1
vc 1 1 1 1
vc 1 1 1 1
vc 1 1 1 1
vc 1 1 1 1
vc 1 1 1 1
vc 1 1 1 1
vc 1 1 1 1
vc 1 1 1 1
vc 1 1 1 1
vc 1 1 1 1
vc 1 1 1 1
vc 1 1 1 1
vc 1 1 1 1
vc 1 1 1 1
vc 1 1 1 1
vc 1 1 1 1
vc 1 1 1 1
vc 1 1 1 1
vc 1 1 1 1
vc 1 1 1 1
vc 1 1 1 1
vc 1 1 1 1
vc 1 1 1 1
vc 1 1 1 1
vc 1 1 1 1
vc 1 1 1 1
vc 1 1 1 1
vc 1 1 1 1
vc 1 1 1 1
vc 1 1 1 1
vc 1 1 1 1
vc 1 1 1 1
vc 1 1 1 1
vc 1 1 1 1
vc 1 1 1 1
vc 1 1 1 1
vc 1 1 1 1
vc 1 1 1 1
vc 1 1 1 1
vc 1 1 1 1
vc 1 1 1 1
vc 1 1 1 1
vc 1 1 1 1
vc 1 1 1 1
vc 1 1 1 1
vc 1 1 1 1
vc 1 1 1 1
vc 1 1 1 1
vc 1 1 1 1
vc 1 1 1 1
vc 1 1 1 1
vc 1 1 1 1
vc 1 1 1 1
vc 1 1 1 1
vc 1 1 1 1
vc 1 1 1 1
vc 1 1 1 1
vc 1 1 1 1
vc 1 1 1 1
vc 1 1 1 1
vc 1 1 1 1
vc 1 1 1 1
vc 1 1 1 1
vc 1 1 1 1
vc 1 1 1 1
vc 1 1 1 1
vc 1 1 1 1
vc 1 1 1 1
vc 1 1 1 1
vc 1 1 1 1
vc 1 1 1 1
vc 1 1 1 1
vc 1 1 1 1
vc 1 1 1 1
vc 1 1 1 1
vc 1 1 1 1
vc 1 1 1 1
vc 1 1 1 1
vc 1 1 1 1
vc 1 1 1 1
vc 1 1 1 1
vc 1 1 1 1
vc 1 1 1 1
vc 1 1 1 1
vc 1 1 1 1
vc 1 1 1 1
vc 1 1 1 1
vc 1 1 1 1
vc 1 1 1 1
vc 1 1 1 1
vc 1 1 1 1
vc 1 1 1 1
vc 1 1 1 1
vc 1 1 1 1
vc 1 1 1 1
vc 1 1 1 1
vc 1 1 1 1
vc 1 1 1 1
vc 1 1 1 1
vc 1 1 1 1
vc 1 1 1 1
vc 1 1 1 1
vc 1 1 1 1
vc 1 1 1 1
vc 1 1 1 1
vc 1 1 1 1
vc 1 1 1 1
vc 1 1 1 1
vc 1 1 1 1
vc 1 1 1 1
vc 1 1 1 1
vc 1 1 1 1
vc 1 1 1 1
vc 1 1 1 1
vc 1 1 1 1
vc 1 1 1 1
vc 1 1 1 1
vc 1 1 1 1
vc 1 1 1 1
vc 1 1 1 1
vc 1 1 1 1
vc 1 1 1 1
vc 1 1 1 1
vc 1 1 1 1
vc 1 1 1 1
vc 1 1 1 1
vc 1 1 1 1
vc 1 1 1 1
vc 1 1 1 1
vc 1 1 1 1
vc 1 1 1 1
vc 1 1 1 1
vc 1 1 1 1
vc 1 1 1 1
vc 1 1 1 1
vc 1 1 1 1
vc 1 1 1 1
vc 1 1 1 1
vc 1 1 1 1
vc 1 1 1 1
vc 1 1 1 1
vc 1 1 1 1
vc 1 1 1 1
vc 1 1 1 1
vc 1 1 1 1
vc 1 1 1 1
vc 1 1 1 1
vc 1 1 1 1
vc 1 1 1 1
vc 1 1 1 1
vc 1 1 1 1
vc 1 1 1 1
vc 1 1 1 1
vc 1 1 1 1
vc 1 1 1 1
vc 1 1 1 1
vc 1 1 1 1
vc 1 1 1 1
vc 1 1 1 1
vc 1 1 1 1
vc 1 1 1 1
vc 1 1 1 1
vc 1 1 1 1
vc 1 1 1 1
vc 1 1 1 1
vc 1 1 1 1
vc 1 1 1 1
vc 1 1 1 1
vc 1 1 1 1
vc 1 1 1 1
vc 1 1 1 1
vc 1 1 1 1
vc 1 1 1 1
vc 1 1 1 1
vc 1 1 1 1
vc 1 1 1 1
vc 1 1 1 1
vc 1 1 1 1
vc 1 1 1 1
vc 1 1 1 1
vc 1 1 1 1
vc 1 1 1 1
vc 1 1 1 1
vc 1 1 1 1
vc 1 1 1 1
vc 1 1 1 1
vc 1 1 1 1
vc 1 1 1 1
vc 1 1 1 1
vc 1 1 1 1
vc 1 1 1 1
vc 1 1 1 1
vc 1 1 1 1
vc 1 1 1 1
vc 1 1 1 1
vc 1 1 1 1
vc 1 1 1 1
vc 1 1 1 1
vc 1 1 1 1
vc 1 1 1 1
vc 1 1 1 1
vc 1 1 1 1
vc 1 1 1 1
vc 1 1 1 1
vc 1 1 1 1
vc 1 1 1 1
vc 1 1 1 1
vc 1 1 1 1
vc 1 1 1 1
vc 1 1 1 1
vc 1 1 1 1
vc 1 1 1 1
vc 1 1 1 1
vc 1 1 1 1
vc 1 1 1 1
vc 1 1 1 1
vc 1 1 1 1
vc 1 1 1 1
vc 1 1 1 1
vc 1 1 1 1
vc 1 1 1 1
vc 1 1 1 1
vc 1 1 1 1
vc 1 1 1 1
vc 1 1 1 1
vc 1 1 1 1
vc 1 1 1 1
vc 1 1 1 1
vc 1 1 1 1
vc 1 1 1 1
vc 1 1 1 1
vc 1 1 1 1
vc 1 1 1 1
vc 1 1 1 1
vc 1 1 1 1
vc 1 1 1 1
vc 1 1 1 1
vc 1 1 1 1
vc 1 1 1 1
vc 1 1 1 1
vc 1 1 1 1
vc 1 1 1 1
vc 1 1 1 1
vc 1 1 1 1
vc 1 1 1 1
vc 1 1 1 1
vc 1 1 1 1
vc 1 1 1 1
vc 1 1 1 1
vc 1 1 1 1
vc 1 1 1 1
vc 1 1 1 1
vc 1 1 1 1
vc 1 1 1 1
vc 1 1 1 1
vc 1 1 1 1
vc 1 1 1 1
vc 1 1 1 1
vc 1 1 1 1
vc 1 1 1 1
vc 1 1 1 1
vc 1 1 1 1
vc 1 1 1 1
vc 1 1 1 1
vc 1 1 1 1
vc 1 1 1 1
vc 1 1 1 1
vc 1 1 1 1
vc 1 1 1 1
vc 1 1 1 1
vc 1 1 1 1
vc 1 1 1 1
vc 1 1 1 1
vc 1 1 1 1
vc 1 1 1 1
vc 1 1 1 1
vc 1 1 1 1
vc 1 1 1 1
vc 1 1 1 1
vc 1 1 1 1
vc 1 1 1 1
vc 1 1 1 1
vc 1 1 1 1
vc 1 1 1 1
vc 1 1 1 1
vc 1 1 1 1
vc 1 1 1 1
vc 1 1 1 1
vc 1 1 1 1
vc 1 1 1 1
vc 1 1 1 1
vc 1 1 1 1
vc 1 1 1 1
vc 1 1 1 1
vc 1 1 1 1
vc 1 1 1 1
vc 1 1 1 1
vc 1 1 1 1
vc 1 1 1 1
vc 1 1 1 1
vc 1 1 1 1
vc 1 1 1 1
vc 1 1 1 1
vc 1 1 1 1
vc 1 1 1 1
vc 1 1 1 1
vc 1 1 1 1
vc 1 1 1 1
vc 1 1 1 1
vc 1 1 1 1
vc 1 1 1 1
vc 1 1 1 1
vc 1 1 1 1
vc 1 1 1 1
vc 1 1 1 1
vc 1 1 1 1
vc 1 1 1 1
vc 1 1 1 1
vc 1 1 1 1
vc 1 1 1 1
vc 1 1 1 1
vc 1 1 1 1
vc 1 1 1 1
vc 1 1 1 1
vc 1 1 1 1
vc 1 1 1 1
vc 1 1 1 1
vc 1 1 1 1
vc 1 1 1 1
vc 1 1 1 1
vc 1 1 1 1
vc 1 1 1 1
vc 1 1 1 1
vc 1 1 1 1
vc 1 1 1 1
vc 1 1 1 1
vc 1 1 1 1
vc 1 1 1 1
vc 1 1 1 1
vc 1 1 1 1
vc 1 1 1 1
vc 1 1 1 1
vc 1 1 1 1
vc 1 1 1 1
vc 1 1 1 1
vc 1 1 1 1
vc 1 1 1 1
vc 1 1 1 1
vc 1 1 1 1
vc 1 1 1 1
vc 1 1 1 1
vc 1 1 1 1
vc 1 1 1 1
vc 1 1 1 1
vc 1 1 1 1
vc 1 1 1 1
vc 1 1 1 1
vc 1 1 1 1
vc 1 1 1 1
vc 1 1 1 1
vc 1 1 1 1
vc 1 1 1 1
vc 1 1 1 1
vc 1 1 1 1
vc 1 1 1 1
vc 1 1 1 1
vc 1 1 1 1
vc 1 1 1 1
vc 1 1 1 1
vc 1 1 1 1
vc 1 1 1 1
vc 1 1 1 1
vc 1 1 1 1
vc 1 1 1 1
vc 1 1 1 1
vc 1 1 1 1
vc 1 1 1 1
vc 1 1 1 1
vc 1 1 1 1
vc 1 1 1 1
vc 1 1 1 1
vc 1 1 1 1
vc 1 1 1 1
vc 1 1 1 1
vc 1 1 1 1
vc 1 1 1 1
vc 1 1 1 1
vc 1 1 1 1
vc 1 1 1 1
vc 1 1 1 1
vc 1 1 1 1
vc 1 1 1 1
vc 1 1 1 1
vc 1 1 1 1
vc 1 1 1 1
vc 1 1 1 1
vc 1 1 1 1
vc 1 1 1 1
vc 1 1 1 1
vc 1 1 1 1
vc 1 1 1 1
vc 1 1 1 1
vc 1 1 1 1
vc 1 1 1 1
vc 1 1 1 1
vc 1 1 1 1
vc 1 1 1 1
vc 1 1 1 1
vc 1 1 1 1
vc 1 1 1 1
vc 1 1 1 1
vc 1 1 1 1
vc 1 1 1 1
vc 1 1 1 1
vc 1 1 1 1
vc 1 1 1 1
vc 1 1 1 1
vc 1 1 1 1
vc 1 1 1 1
vc 1 1 1 1
vc 1 1 1 1
vc 1 1 1 1
vc 1 1 1 1
vc 1 1 1 1
vc 1 1 1 1
vc 1 1 1 1
vc 1 1 1 1
vc 1 1 1 1
vc 1 1 1 1
vc 1 1 1 1
vc 1 1 1 1
vc 1 1 1 1
vc 1 1 1 1
vc 1 1 1 1
vc 1 1 1 1
vc 1 1 1 1
vc 1 1 1 1
vc 1 1 1 1
vc 1 1 1 1
vc 1 1 1 1
vc 1 1 1 1
vc 1 1 1 1
vc 1 1 1 1
vc 1 1 1 1
vc 1 1 1 1
vc 1 1 1 1
vc 1 1 1 1
vc 1 1 1 1
vc 1 1 1 1
vc 1 1 1 1
vc 1 1 1 1
vc 1 1 1 1
vc 1 1 1 1
vc 1 1 1 1
vc 1 1 1 1
vc 1 1 1 1
vc 1 1 1 1
vc 1 1 1 1
vc 1 1 1 1
vc 1 1 1 1
vc 1 1 1 1
vc 1 1 1 1
vc 1 1 1 1
vc 1 1 1 1
vc 1 1 1 1
vc 1 1 1 1
vc 1 1 1 1
vc 1 1 1 1
vc 1 1 1 1
vc 1 1 1 1
vc 1 1 1 1
vc 1 1 1 1
vc 1 1 1 1
vc 1 1 1 1
vc 1 1 1 1
vc 1 1 1 1
vc 1 1 1 1
vc 1 1 1 1
vc 1 1 1 1
vc 1 1 1 1
vc 1 1 1 1
vc 1 1 1 1
vc 1 1 1 1
vc 1 1 1 1
vc 1 1 1 1
vc 1 1 1 1
vc 1 1 1 1
vc 1 1 1 1
vc 1 1 1 1
vc 1 1 1 1
vc 1 1 1 1
vc 1 1 1 1
vc 1 1 1 1
vc 1 1 1 1
vc 1 1 1 1
vc 1 1 1 1
vc 1 1 1 1
vc 1 1 1 1
vc 1 1 1 1
vc 1 1 1 1
vc 1 1 1 1
vc 1 1 1 1
vc 1 1 1 1
vc 1 1 1 1
vc 1 1 1 1
vc 1 1 1 1
vc 1 1 1 1
vc 1 1 1 1
vc 1 1 1 1
vc 1 1 1 1
vc 1 1 1 1
vc 1 1 1 1
vc 1 1 1 1
vc 1 1 1 1
vc 1 1 1 1
vc 1 1 1 1
vc 1 1 1 1
vc 1 1 1 1
vc 1 1 1 1
vc 1 1 1 1
vc 1 1 1 1
vc 1 1 1 1
vc 1 1 1 1
vc 1 1 1 1
vc 1 1 1 1
vc 1 1 1 1
vc 1 1 1 1
vc 1 1 1 1
vc 1 1 1 1
vc 1 1 1 1
vc 1 1 1 1
vc 1 1 1 1
vc 1 1 1 1
vc 1 1 1 1
vc 1 1 1 1
vc 1 1 1 1
vc 1 1 1 1
vc 1 1 1 1
vc 1 1 1 1
vc 1 1 1 1
vc 1 1 1 1
vc 1 1 1 1
vc 1 1 1 1
vc 1 1 1 1
vc 1 1 1 1
vc 1 1 1 1
vc 1 1 1 1
vc 1 1 1 1
vc 1 1 1 1
vc 1 1 1 1
vc 1 1 1 1
vc 1 1 1 1
vc 1 1 1 1
vc 1 1 1 1
vc 1 1 1 1
vc 1 1 1 1
vc 1 1 1 1
vc 1 1 1 1
vc 1 1 1 1
vc 1 1 1 1
vc 1 1 1 1
vc 1 1 1 1
vc 1 1 1 1
vc 1 1 1 1
vc 1 1 1 1
vc 1 1 1 1
vc 1 1 1 1
vc 1 1 1 1
vc 1 1 1 1
vc 1 1 1 1
vc 1 1 1 1
vc 1 1 1 1
vc 1 1 1 1
vc 1 1 1 1
vc 1 1 1 1
vc 1 1 1 1
vc 1 1 1 1
vc 1 1 1 1
vc 1 1 1 1
vc 1 1 1 1
vc 1 1 1 1
vc 1 1 1 1
vc 1 1 1 1
vc 1 1 1 1
vc 1 1 1 1
vc 1 1 1 1
vc 1 1 1 1
vc 1 1 1 1
vc 1 1 1 1
vc 1 1 1 1
vc 1 1 1 1
vc 1 1 1 1
vc 1 1 1 1
vc 1 1 1 1
vc 1 1 1 1
vc 1 1 1 1
vc 1 1 1 1
vc 1 1 1 1
vc 1 1 1 1
vc 1 1 1 1
vc 1 1 1 1
vc 1 1 1 1
vc 1 1 1 1
vc 1 1 1 1
vc 1 1 1 1
vc 1 1 1 1
vc 1 1 1 1
vc 1 1 1 1
vc 1 1 1 1
vc 1 1 1 1
vc 1 1 1 1
vc 1 1 1 1
vc 1 1 1 1
vc 1 1 1 1
vc 1 1 1 1
vc 1 1 1 1
vc 1 1 1 1
vc 1 1 1 1
vc 1 1 1 1
vc 1 1 1 1
vc 1 1 1 1
vc 1 1 1 1
vc 1 1 1 1
vc 1 1 1 1
vc 1 1 1 1
vc 1 1 1 1
vc 1 1 1 1
vc 1 1 1 1
vc 1 1 1 1
vc 1 1 1 1
vc 1 1 1 1
vc 1 1 1 1
vc 1 1 1 1
vc 1 1 1 1
vc 1 1 1 1
vc 1 1 1 1
vc 1 1 1 1
vc 1 1 1 1
vc 1 1 1 1
vc 1 1 1 1
vc 1 1 1 1
vc 1 1 1 1
vc 1 1 1 1
vc 1 1 1 1
vc 1 1 1 1
vc 1 1 1 1
vc 1 1 1 1
vc 1 1 1 1
vc 1 1 1 1
vc 1 1 1 1
vc 1 1 1 1
vc 1 1 1 1
vc 1 1 1 1
vc 1 1 1 1
vc 1 1 1 1
vc 1 1 1 1
vc 1 1 1 1
vc 1 1 1 1
vc 1 1 1 1
vc 1 1 1 1
vc 1 1 1 1
vc 1 1 1 1
vc 1 1 1 1
vc 1 1 1 1
vc 1 1 1 1
vc 1 1 1 1
vc 1 1 1 1
vc 1 1 1 1
vc 1 1 1 1
vc 1 1 1 1
vc 1 1 1 1
vc 1 1 1 1
vc 1 1 1 1
vc 1 1 1 1
vc 1 1 1 1
vc 1 1 1 1
vc 1 1 1 1
vc 1 1 1 1
vc 1 1 1 1
vc 1 1 1 1
vc 1 1 1 1
vc 1 1 1 1
vc 1 1 1 1
vc 1 1 1 1
vc 1 1 1 1
vc 1 1 1 1
vc 1 1 1 1
vc 1 1 1 1
vc 1 1 1 1
vc 1 1 1 1
vc 1 1 1 1
vc 1 1 1 1
vc 1 1 1 1
vc 1 1 1 1
vc 1 1 1 1
vc 1 1 1 1
vc 1 1 1 1
vc 1 1 1 1
vc 1 1 1 1
vc 1 1 1 1
vc 1 1 1 1
vc 1 1 1 1
vc 1 1 1 1
vc 1 1 1 1
vc 1 1 1 1
vc 1 1 1 1
vc 1 1 1 1
vc 1 1 1 1
vc 1 1 1 1
vc 1 1 1 1
vc 1 1 1 1
vc 1 1 1 1
vc 1 1 1 1
vc 1 1 1 1
vc 1 1 1 1
vc 1 1 1 1
vc 1 1 1 1
vc 1 1 1 1
vc 1 1 1 1
vc 1 1 1 1
vc 1 1 1 1
vc 1 1 1 1
vc 1 1 1 1
vc 1 1 1 1
vc 1 1 1 1
vc 1 1 1 1
vc 1 1 1 1
vc 1 1 1 1
vc 1 1 1 1
vc 1 1 1 1
vc 1 1 1 1
vc 1 1 1 1
vc 1 1 1 1
vc 1 1 1 1
vc 1 1 1 1
vc 1 1 1 1
vc 1 1 1 1
vc 1 1 1 1
vc 1 1 1 1
vc 1 1 1 1
vc 1 1 1 1
vc 1 1 1 1
vc 1 1 1 1
vc 1 1 1 1
vc 1 1 1 1
vc 1 1 1 1
vc 1 1 1 1
vc 1 1 1 1
vc 1 1 1 1
vc 1 1 1 1
vc 1 1 1 1
vc 1 1 1 1
vc 1 1 1 1
vc 1 1 1 1
vc 1 1 1 1
vc 1 1 1 1
vc 1 1 1 1
vc 1 1 1 1
vc 1 1 1 1
vc 1 1 1 1
vc 1 1 1 1
vc 1 1 1 1
vc 1 1 1 1
vc 1 1 1 1
vc 1 1 1 1
vc 1 1 1 1
vc 1 1 1 1
vc 1 1 1 1
vc 1 1 1 1
vc 1 1 1 1
vc 1 1 1 1
vc 1 1 1 1
vc 1 1 1 1
vc 1 1 1 1
vc 1 1 1 1
vc 1 1 1 1
vc 1 1 1 1
vc 1 1 1 1
vc 1 1 1 1
vc 1 1 1 1
vc 1 1 1 1
vc 1 1 1 1
vc 1 1 1 1
vc 1 1 1 1
vc 1 1 1 1
vc 1 1 1 1
vc 1 1 1 1
vc 1 1 1 1
vc 1 1 1 1
vc 1 1 1 1
vc 1 1 1 1
vc 1 1 1 1
vc 1 1 1 1
vc 1 1 1 1
vc 1 1 1 1
vc 1 1 1 1
vc 1 1 1 1
vc 1 1 1 1
vc 1 1 1 1
vc 1 1 1 1
vc 1 1 1 1
vc 1 1 1 1
vc 1 1 1 1
vc 1 1 1 1
vc 1 1 1 1
vc 1 1 1 1
vc 1 1 1 1
vc 1 1 1 1
vc 1 1 1 1
vc 1 1 1 1
vc 1 1 1 1
vc 1 1 1 1
vc 1 1 1 1
vc 1 1 1 1
vc 1 1 1 1
vc 1 1 1 1
vc 1 1 1 1
vc 1 1 1 1
vc 1 1 1 1
vc 1 1 1 1
vc 1 1 1 1
vc 1 1 1 1
vc 1 1 1 1
vc 1 1 1 1
vc 1 1 1 1
vc 1 1 1 1
vc 1 1 1 1
vc 1 1 1 1
vc 1 1 1 1
vc 1 1 1 1
vc 1 1 1 1
vc 1 1 1 1
vc 1 1 1 1
vc 1 1 1 1
vc 1 1 1 1
vc 1 1 1 1
vc 1 1 1 1
vc 1 1 1 1
vc 1 1 1 1
vc 1 1 1 1
vc 1 1 1 1
vc 1 1 1 1
vc 1 1 1 1
vc 1 1 1 1
vc 1 1 1 1
vc 1 1 1 1
vc 1 1 1 1
vc 1 1 1 1
vc 1 1 1 1
vc 1 1 1 1
vc 1 1 1 1
vc 1 1 1 1
vc 1 1 1 1
vc 1 1 1 1
vc 1 1 1 1
vc 1 1 1 1
vc 1 1 1 1
vc 1 1 1 1
vc 1 1 1 1
vc 1 1 1 1
vc 1 1 1 1
vc 1 1 1 1
vc 1 1 1 1
vc 1 1 1 1
vc 1 1 1 1
vc 1 1 1 1
vc 1 1 1 1
vc 1 1 1 1
vc 1 1 1 1
vc 1 1 1 1
vc 1 1 1 1
vc 1 1 1 1
vc 1 1 1 1
vc 1 1 1 1
vc 1 1 1 1
vc 1 1 1 1
vc 1 1 1 1
vc 1 1 1 1
vc 1 1 1 1
vc 1 1 1 1
vc 1 1 1 1
vc 1 1 1 1
vc 1 1 1 1
vc 1 1 1 1
vc 1 1 1 1
vc 1 1 1 1
vc 1 1 1 1
vc 1 1 1 1
vc 1 1 1 1
vc 1 1 1 1
vc 1 1 1 1
vc 1 1 1 1
vc 1 1 1 1
vc 1 1 1 1
vc 1 1 1 1
vc 1 1 1 1
vc 1 1 1 1
vc 1 1 1 1
vc 1 1 1 1
vc 1 1 1 1
vc 1 1 1 1
vc 1 1 1 1
vc 1 1 1 1
vc 1 1 1 1
vc 1 1 1 1
vc 1 1 1 1
vc 1 1 1 1
vc 1 1 1 1
vc 1 1 1 1
vc 1 1 1 1
vc 1 1 1 1
vc 1 1 1 1
vc 1 1 1 1
vc 1 1 1 1
vc 1 1 1 1
vc 1 1 1 1
vc 1 1 1 1
vc 1 1 1 1
vc 1 1 1 1
vc 1 1 1 1
vc 1 1 1 1
vc 1 1 1 1
vc 1 1 1 1
vc 1 1 1 1
vc 1 1 1 1
vc 1 1 1 1
vc 1 1 1 1
vc 1 1 1 1
vc 1 1 1 1
vc 1 1 1 1
vc 1 1 1 1
vc 1 1 1 1
vc 1 1 1 1
vc 1 1 1 1
vc 1 1 1 1
vc 1 1 1 1
vc 1 1 1 1
vc 1 1 1 1
vc 1 1 1 1
vc 1 1 1 1
vc 1 1 1 1
vc 1 1 1 1
vc 1 1 1 1
vc 1 1 1 1
vc 1 1 1 1
vc 1 1 1 1
vc 1 1 1 1
vc 1 1 1 1
vc 1 1 1 1
vc 1 1 1 1
vc 1 1 1 1
vc 1 1 1 1
vc 1 1 1 1
vc 1 1 1 1
vc 1 1 1 1
vc 1 1 1 1
vc 1 1 1 1
vc 1 1 1 1
vc 1 1 1 1
vc 1 1 1 1
vc 1 1 1 1
vc 1 1 1 1
vc 1 1 1 1
vc 1 1 1 1
vc 1 1 1 1
vc 1 1 1 1
vc 1 1 1 1
vc 1 1 1 1
vc 1 1 1 1
vc 1 1 1 1
vc 1 1 1 1
vc 1 1 1 1
vc 1 1 1 1
vc 1 1 1 1
vc 1 1 1 1
vc 1 1 1 1
vc 1 1 1 1
vc 1 1 1 1
vc 1 1 1 1
vc 1 1 1 1
vc 1 1 1 1
vc 1 1 1 1
vc 1 1 1 1
vc 1 1 1 1
vc 1 1 1 1
vc 1 1 1 1
vc 1 1 1 1
vc 1 1 1 1
vc 1 1 1 1
vc 1 1 1 1
vc 1 1 1 1
vc 1 1 1 1
vc 1 1 1 1
vc 1 1 1 1
vc 1 1 1 1
vc 1 1 1 1
vc 1 1 1 1
vc 1 1 1 1
vc 1 1 1 1
vc 1 1 1 1
vc 1 1 1 1
vc 1 1 1 1
vc 1 1 1 1
vc 1 1 1 1
vc 1 1 1 1
vc 1 1 1 1
vc 1 1 1 1
vc 1 1 1 1
vc 1 1 1 1
vc 1 1 1 1
vc 1 1 1 1
vc 1 1 1 1
vc 1 1 1 1
vc 1 1 1 1
vc 1 1 1 1
vc 1 1 1 1
vc 1 1 1 1
vc 1 1 1 1
vc 1 1 1 1
vc 1 1 1 1
vc 1 1 1 1
vc 1 1 1 1
vc 1 1 1 1
vc 1 1 1 1
vc 1 1 1 1
vc 1 1 1 1
vc 1 1 1 1
vc 1 1 1 1
vc 1 1 1 1
vc 1 1 1 1
vc 1 1 1 1
vc 1 1 1 1
vc 1 1 1 1
vc 1 1 1 1
vc 1 1 1 1
vc 1 1 1 1
vc 1 1 1 1
vc 1 1 1 1
vc 1 1 1 1
vc 1 1 1 1
vc 1 1 1 1
vc 1 1 1 1
vc 1 1 1 1
vc 1 1 1 1
vc 1 1 1 1
vc 1 1 1 1
vc 1 1 1 1
vc 1 1 1 1
vc 1 1 1 1
vc 1 1 1 1
vc 1 1 1 1
vc 1 1 1 1
vc 1 1 1 1
vc 1 1 1 1
vc 1 1 1 1
vc 1 1 1 1
vc 1 1 1 1
vc 1 1 1 1
vc 1 1 1 1
vc 1 1 1 1
vc 1 1 1 1
vc 1 1 1 1
vc 1 1 1 1
vc 1 1 1 1
vc 1 1 1 1
vc 1 1 1 1
vc 1 1 1 1
vc 1 1 1 1
vc 1 1 1 1
vc 1 1 1 1
vc 1 1 1 1
vc 1 1 1 1
vc 1 1 1 1
vc 1 1 1 1
vc 1 1 1 1
vc 1 1 1 1
vc 1 1 1 1
vc 1 1 1 1
vc 1 1 1 1
vc 1 1 1 1
vc 1 1 1 1
vc 1 1 1 1
vc 1 1 1 1
vc 1 1 1 1
vc 1 1 1 1
vc 1 1 1 1
vc 1 1 1 1
vc 1 1 1 1
vc 1 1 1 1
vc 1 1 1 1
vc 1 1 1 1
vc 1 1 1 1
vc 1 1 1 1
vc 1 1 1 1
vc 1 1 1 1
vc 1 1 1 1
vc 1 1 1 1
vc 1 1 1 1
vc 1 1 1 1
vc 1 1 1 1
vc 1 1 1 1
vc 1 1 1 1
vc 1 1 1 1
vc 1 1 1 1
vc 1 1 1 1
vc 1 1 1 1
vc 1 1 1 1
vc 1 1 1 1
vc 1 1 1 1
vc 1 1 1 1
vc 1 1 1 1
vc 1 1 1 1
vc 1 1 1 1
vc 1 1 1 1

usemtl Fils
usemap Fils
f 3/3/3 2/2/2 1/1/1
f 3/3/3 4/4/4 2/2/2
f 4/4/4 5/5/5 2/2/2
f 4/4/4 6/6/6 5/5/5
f 9/9/9 8/8/8 7/7/7
f 9/9/9 10/10/10 8/8/8
f 10/10/10 11/11/11 8/8/8
f 10/10/10 12/12/12 11/11/11
f 15/15/15 14/14/14 13/13/13
f 15/15/15 16/16/16 14/14/14
f 19/19/19 18/18/18 17/17/17
f 19/19/19 20/20/20 18/18/18
f 21/21/21 4/4/4 3/3/3
f 21/21/21 22/22/22 4/4/4
f 22/22/22 6/6/6 4/4/4
f 22/22/22 23/23/23 6/6/6
f 24/24/24 10/10/10 9/9/9
f 24/24/24 25/25/25 10/10/10
f 25/25/25 12/12/12 10/10/10
f 25/25/25 26/26/26 12/12/12
f 27/27/27 16/16/16 15/15/15
f 27/27/27 28/28/28 16/16/16
f 29/29/29 20/20/20 19/19/19
f 29/29/29 30/30/30 20/20/20
f 31/31/31 22/22/22 21/21/21
f 31/31/31 32/32/32 22/22/22
f 32/32/32 23/23/23 22/22/22
f 32/32/32 33/33/33 23/23/23
f 34/34/34 25/25/25 24/24/24
f 34/34/34 35/35/35 25/25/25
f 35/35/35 26/26/26 25/25/25
f 35/35/35 36/36/36 26/26/26
f 37/37/37 28/28/28 27/27/27
f 37/37/37 38/38/38 28/28/28
f 39/39/39 30/30/30 29/29/29
f 39/39/39 40/40/40 30/30/30
f 41/41/41 32/32/32 31/31/31
f 41/41/41 42/42/42 32/32/32
f 42/42/42 33/33/33 32/32/32
f 42/42/42 43/43/43 33/33/33
f 44/44/44 35/35/35 34/34/34
f 44/44/44 45/45/45 35/35/35
f 45/45/45 36/36/36 35/35/35
f 45/45/45 46/46/46 36/36/36
f 47/47/47 38/38/38 37/37/37
f 47/47/47 48/48/48 38/38/38
f 49/49/49 40/40/40 39/39/39
f 49/49/49 50/50/50 40/40/40
f 51/51/51 42/42/42 41/41/41
f 51/51/51 52/52/52 42/42/42
f 52/52/52 43/43/43 42/42/42
f 52/52/52 53/53/53 43/43/43
f 54/54/54 45/45/45 44/44/44
f 54/54/54 55/55/55 45/45/45
f 55/55/55 46/46/46 45/45/45
f 55/55/55 56/56/56 46/46/46
f 57/57/57 48/48/48 47/47/47
f 57/57/57 58/58/58 48/48/48
f 59/59/59 50/50/50 49/49/49
f 59/59/59 60/60/60 50/50/50
f 61/61/61 52/52/52 51/51/51
f 61/61/61 62/62/62 52/52/52
f 62/62/62 53/53/53 52/52/52
f 62/62/62 63/63/63 53/53/53
f 64/64/64 55/55/55 54/54/54
f 64/64/64 65/65/65 55/55/55
f 65/65/65 56/56/56 55/55/55
f 65/65/65 66/66/66 56/56/56
f 67/67/67 58/58/58 57/57/57
f 67/67/67 68/68/68 58/58/58
f 69/69/69 60/60/60 59/59/59
f 69/69/69 70/70/70 60/60/60
f 71/71/71 62/62/62 61/61/61
f 71/71/71 72/72/72 62/62/62
f 72/72/72 63/63/63 62/62/62
f 72/72/72 73/73/73 63/63/63
f 74/74/74 65/65/65 64/64/64
f 74/74/74 75/75/75 65/65/65
f 75/75/75 66/66/66 65/65/65
f 75/75/75 76/76/76 66/66/66
f 77/77/77 68/68/68 67/67/67
f 77/77/77 78/78/78 68/68/68
f 79/79/79 70/70/70 69/69/69
f 79/79/79 80/80/80 70/70/70
f 81/81/81 72/72/72 71/71/71
f 81/81/81 82/82/82 72/72/72
f 82/82/82 73/73/73 72/72/72
f 82/82/82 83/83/83 73/73/73
f 84/84/84 75/75/75 74/74/74
f 84/84/84 85/85/85 75/75/75
f 85/85/85 76/76/76 75/75/75
f 85/85/85 86/86/86 76/76/76
f 87/87/87 78/78/78 77/77/77
f 87/87/87 88/88/88 78/78/78
f 89/89/89 80/80/80 79/79/79
f 89/89/89 90/90/90 80/80/80
f 91/91/91 82/82/82 81/81/81
f 91/91/91 92/92/92 82/82/82
f 92/92/92 83/83/83 82/82/82
f 92/92/92 93/93/93 83/83/83
f 94/94/94 85/85/85 84/84/84
f 94/94/94 95/95/95 85/85/85
f 95/95/95 86/86/86 85/85/85
f 95/95/95 96/96/96 86/86/86
f 97/97/97 88/88/88 87/87/87
f 97/97/97 98/98/98 88/88/88
f 99/99/99 90/90/90 89/89/89
f 99/99/99 100/100/100 90/90/90
f 101/101/101 92/92/92 91/91/91
f 101/101/101 102/102/102 92/92/92
f 105/105/105 104/104/104 103/103/103
f 105/105/105 106/106/106 104/104/104
f 107/107/107 95/95/95 94/94/94
f 107/107/107 108/108/108 95/95/95
f 108/108/108 96/96/96 95/95/95
f 108/108/108 109/109/109 96/96/96
f 110/110/110 98/98/98 97/97/97
f 110/110/110 111/111/111 98/98/98
f 112/112/112 100/100/100 99/99/99
f 112/112/112 113/113/113 100/100/100
f 116/116/116 115/115/115 114/114/114
f 116/116/116 117/117/117 115/115/115
f 118/118/118 106/106/106 105/105/105
f 118/118/118 119/119/119 106/106/106
f 120/120/120 108/108/108 107/107/107
f 120/120/120 121/121/121 108/108/108
f 121/121/121 109/109/109 108/108/108
f 121/121/121 122/122/122 109/109/109
f 123/123/123 111/111/111 110/110/110
f 123/123/123 124/124/124 111/111/111
f 125/125/125 113/113/113 112/112/112
f 125/125/125 126/126/126 113/113/113
f 127/127/127 117/117/117 116/116/116
f 129/129/129 128/128/128 118/118/118
f 128/128/128 119/119/119 118/118/118
f 128/128/128 130/130/130 119/119/119
f 131/131/131 121/121/121 120/120/120
f 131/131/131 132/132/132 121/121/121
f 132/132/132 122/122/122 121/121/121
f 132/132/132 133/133/133 122/122/122
f 134/134/134 124/124/124 123/123/123
f 136/136/136 135/135/135 125/125/125
f 135/135/135 126/126/126 125/125/125
f 135/135/135 137/137/137 126/126/126
f 138/138/138 128/128/128 129/129/129
f 138/138/138 139/139/139 128/128/128
f 139/139/139 130/130/130 128/128/128
f 139/139/139 140/140/140 130/130/130
f 141/141/141 132/132/132 131/131/131
f 141/141/141 142/142/142 132/132/132
f 142/142/142 133/133/133 132/132/132
f 145/145/145 144/144/144 143/143/143
f 146/146/146 135/135/135 136/136/136
f 146/146/146 147/147/147 135/135/135
f 147/147/147 137/137/137 135/135/135
f 147/147/147 148/148/148 137/137/137
f 149/149/149 139/139/139 138/138/138
f 149/149/149 150/150/150 139/139/139
f 150/150/150 140/140/140 139/139/139
f 152/152/152 151/151/151 141/141/141
f 151/151/151 142/142/142 141/141/141
f 151/151/151 153/153/153 142/142/142
f 154/154/154 144/144/144 145/145/145
f 154/154/154 155/155/155 144/144/144
f 155/155/155 156/156/156 144/144/144
f 158/158/158 157/157/157 147/147/147
f 157/157/157 148/148/148 147/147/147
f 157/157/157 159/159/159 148/148/148
f 160/160/160 150/150/150 149/149/149
f 160/160/160 161/161/161 150/150/150
f 162/162/162 151/151/151 152/152/152
f 162/162/162 163/163/163 151/151/151
f 163/163/163 153/153/153 151/151/151
f 163/163/163 164/164/164 153/153/153
f 165/165/165 155/155/155 154/154/154
f 165/165/165 166/166/166 155/155/155
f 167/167/167 157/157/157 158/158/158
f 167/167/167 168/168/168 157/157/157
f 168/168/168 159/159/159 157/157/157
f 168/168/168 169/169/169 159/159/159
f 170/170/170 161/161/161 160/160/160
f 170/170/170 171/171/171 161/161/161
f 172/172/172 163/163/163 162/162/162
f 172/172/172 173/173/173 163/163/163
f 173/173/173 164/164/164 163/163/163
f 173/173/173 174/174/174 164/164/164
f 175/175/175 166/166/166 165/165/165
f 175/175/175 176/176/176 166/166/166
f 177/177/177 168/168/168 167/167/167
f 177/177/177 178/178/178 168/168/168
f 178/178/178 169/169/169 168/168/168
f 178/178/178 179/179/179 169/169/169
f 180/180/180 171/171/171 170/170/170
f 180/180/180 181/181/181 171/171/171
f 182/182/182 173/173/173 172/172/172
f 182/182/182 183/183/183 173/173/173
f 183/183/183 174/174/174 173/173/173
f 183/183/183 184/184/184 174/174/174
f 185/185/185 176/176/176 175/175/175
f 185/185/185 186/186/186 176/176/176
f 187/187/187 178/178/178 177/177/177
f 187/187/187 188/188/188 178/178/178
f 188/188/188 179/179/179 178/178/178
f 188/188/188 189/189/189 179/179/179
f 190/190/190 181/181/181 180/180/180
f 190/190/190 191/191/191 181/181/181
f 192/192/192 183/183/183 182/182/182
f 192/192/192 193/193/193 183/183/183
f 195/195/195 185/185/185 194/194/194
f 195/195/195 196/196/196 185/185/185
f 196/196/196 186/186/186 185/185/185
f 196/196/196 197/197/197 186/186/186
f 198/198/198 188/188/188 187/187/187
f 198/198/198 199/199/199 188/188/188
f 199/199/199 189/189/189 188/188/188
f 202/202/202 201/201/201 200/200/200
f 203/203/203 191/191/191 190/190/190
f 203/203/203 204/204/204 191/191/191
f 205/205/205 193/193/193 192/192/192
f 205/205/205 206/206/206 193/193/193
f 207/207/207 196/196/196 195/195/195
f 207/207/207 208/208/208 196/196/196
f 208/208/208 197/197/197 196/196/196
f 208/208/208 209/209/209 197/197/197
f 210/210/210 199/199/199 198/198/198
f 210/210/210 211/211/211 199/199/199
f 212/212/212 201/201/201 202/202/202
f 212/212/212 213/213/213 201/201/201
f 214/214/214 204/204/204 203/203/203
f 216/216/216 215/215/215 205/205/205
f 215/215/215 206/206/206 205/205/205
f 215/215/215 217/217/217 206/206/206
f 218/218/218 208/208/208 207/207/207
f 218/218/218 219/219/219 208/208/208
f 219/219/219 209/209/209 208/208/208
f 221/221/221 220/220/220 210/210/210
f 220/220/220 211/211/211 210/210/210
f 220/220/220 222/222/222 211/211/211
f 223/223/223 213/213/213 212/212/212
f 223/223/223 224/224/224 213/213/213
f 225/225/225 215/215/215 216/216/216
f 225/225/225 226/226/226 215/215/215
f 226/226/226 217/217/217 215/215/215
f 226/226/226 227/227/227 217/217/217
f 228/228/228 219/219/219 218/218/218
f 228/228/228 229/229/229 219/219/219
f 230/230/230 220/220/220 221/221/221
f 230/230/230 231/231/231 220/220/220
f 231/231/231 222/222/222 220/220/220
f 231/231/231 232/232/232 222/222/222
f 233/233/233 224/224/224 223/223/223
f 233/233/233 234/234/234 224/224/224
f 235/235/235 226/226/226 225/225/225
f 235/235/235 236/236/236 226/226/226
f 236/236/236 227/227/227 226/226/226
f 236/236/236 237/237/237 227/227/227
f 238/238/238 229/229/229 228/228/228
f 238/238/238 239/239/239 229/229/229
f 240/240/240 231/231/231 230/230/230
f 240/240/240 241/241/241 231/231/231
f 241/241/241 232/232/232 231/231/231
f 241/241/241 242/242/242 232/232/232
f 243/243/243 234/234/234 233/233/233
f 243/243/243 244/244/244 234/234/234
f 245/245/245 236/236/236 235/235/235
f 245/245/245 246/246/246 236/236/236
f 246/246/246 237/237/237 236/236/236
f 246/246/246 247/247/247 237/237/237
f 248/248/248 239/239/239 238/238/238
f 248/248/248 249/249/249 239/239/239
f 250/250/250 241/241/241 240/240/240
f 250/250/250 251/251/251 241/241/241
f 251/251/251 242/242/242 241/241/241
f 251/251/251 252/252/252 242/242/242
f 253/253/253 244/244/244 243/243/243
f 253/253/253 254/254/254 244/244/244
f 255/255/255 246/246/246 245/245/245
f 255/255/255 256/256/256 246/246/246
f 259/259/259 258/258/258 257/257/257
f 259/259/259 260/260/260 258/258/258
f 261/261/261 249/249/249 248/248/248
f 261/261/261 262/262/262 249/249/249
f 263/263/263 251/251/251 250/250/250
f 263/263/263 264/264/264 251/251/251
f 264/264/264 252/252/252 251/251/251
f 264/264/264 265/265/265 252/252/252
f 266/266/266 254/254/254 253/253/253
f 266/266/266 267/267/267 254/254/254
f 268/268/268 256/256/256 255/255/255
f 268/268/268 269/269/269 256/256/256
f 270/270/270 260/260/260 259/259/259
f 270/270/270 271/271/271 260/260/260
f 272/272/272 262/262/262 261/261/261
f 272/272/272 273/273/273 262/262/262
f 274/274/274 264/264/264 263/263/263
f 274/274/274 275/275/275 264/264/264
f 278/278/278 277/277/277 276/276/276
f 278/278/278 279/279/279 277/277/277
f 280/280/280 267/267/267 266/266/266
f 280/280/280 281/281/281 267/267/267
f 282/282/282 269/269/269 268/268/268
f 282/282/282 283/283/283 269/269/269
f 284/284/284 271/271/271 270/270/270
f 284/284/284 285/285/285 271/271/271
f 286/286/286 273/273/273 272/272/272
f 286/286/286 287/287/287 273/273/273
f 288/288/288 275/275/275 274/274/274
f 288/288/288 289/289/289 275/275/275
f 290/290/290 279/279/279 278/278/278
f 290/290/290 291/291/291 279/279/279
f 292/292/292 281/281/281 280/280/280
f 292/292/292 293/293/293 281/281/281
f 294/294/294 283/283/283 282/282/282
f 294/294/294 295/295/295 283/283/283
f 296/296/296 285/285/285 284/284/284
f 296/296/296 297/297/297 285/285/285
f 298/298/298 287/287/287 286/286/286
f 298/298/298 299/299/299 287/287/287
f 300/300/300 289/289/289 288/288/288
f 300/300/300 301/301/301 289/289/289
f 302/302/302 291/291/291 290/290/290
f 302/302/302 303/303/303 291/291/291
f 304/304/304 293/293/293 292/292/292
f 304/304/304 305/305/305 293/293/293
f 306/306/306 295/295/295 294/294/294
f 306/306/306 307/307/307 295/295/295
f 308/308/308 297/297/297 296/296/296
f 308/308/308 309/309/309 297/297/297
f 310/310/310 299/299/299 298/298/298
f 310/310/310 311/311/311 299/299/299
f 312/312/312 301/301/301 300/300/300
f 312/312/312 313/313/313 301/301/301
f 314/314/314 303/303/303 302/302/302
f 314/314/314 315/315/315 303/303/303
f 316/316/316 305/305/305 304/304/304
f 316/316/316 317/317/317 305/305/305
f 318/318/318 307/307/307 306/306/306
f 318/318/318 319/319/319 307/307/307
f 320/320/320 309/309/309 308/308/308
f 320/320/320 321/321/321 309/309/309
f 322/322/322 311/311/311 310/310/310
f 322/322/322 323/323/323 311/311/311
f 323/323/323 324/324/324 311/311/311
f 323/323/323 325/325/325 324/324/324
f 326/326/326 315/315/315 314/314/314
f 326/326/326 327/327/327 315/315/315
f 328/328/328 317/317/317 316/316/316
f 328/328/328 329/329/329 317/317/317
f 332/332/332 331/331/331 330/330/330
f 332/332/332 333/333/333 331/331/331
f 334/334/334 321/321/321 320/320/320
f 334/334/334 335/335/335 321/321/321
f 336/336/336 323/323/323 322/322/322
f 336/336/336 337/337/337 323/323/323
f 337/337/337 325/325/325 323/323/323
f 337/337/337 338/338/338 325/325/325
f 339/339/339 327/327/327 326/326/326
f 339/339/339 340/340/340 327/327/327
f 341/341/341 329/329/329 328/328/328
f 341/341/341 342/342/342 329/329/329
f 343/343/343 333/333/333 332/332/332
f 343/343/343 344/344/344 333/333/333
f 345/345/345 335/335/335 334/334/334
f 345/345/345 346/346/346 335/335/335
f 347/347/347 337/337/337 336/336/336
f 347/347/347 348/348/348 337/337/337
f 348/348/348 338/338/338 337/337/337
f 348/348/348 349/349/349 338/338/338
f 350/350/350 340/340/340 339/339/339
f 350/350/350 351/351/351 340/340/340
f 352/352/352 342/342/342 341/341/341
f 352/352/352 353/353/353 342/342/342
f 354/354/354 344/344/344 343/343/343
f 354/354/354 355/355/355 344/344/344
f 356/356/356 346/346/346 345/345/345
f 356/356/356 357/357/357 346/346/346
f 358/358/358 348/348/348 347/347/347
f 358/358/358 359/359/359 348/348/348
f 359/359/359 349/349/349 348/348/348
f 359/359/359 360/360/360 349/349/349
f 361/361/361 351/351/351 350/350/350
f 361/361/361 362/362/362 351/351/351
f 363/363/363 353/353/353 352/352/352
f 363/363/363 364/364/364 353/353/353
f 365/365/365 355/355/355 354/354/354
f 365/365/365 366/366/366 355/355/355
f 367/367/367 357/357/357 356/356/356
f 367/367/367 368/368/368 357/357/357
f 369/369/369 359/359/359 358/358/358
f 369/369/369 370/370/370 359/359/359
f 370/370/370 360/360/360 359/359/359
f 370/370/370 371/371/371 360/360/360
f 372/372/372 362/362/362 361/361/361
f 372/372/372 373/373/373 362/362/362
f 374/374/374 364/364/364 363/363/363
f 374/374/374 375/375/375 364/364/364
f 376/376/376 366/366/366 365/365/365
f 376/376/376 377/377/377 366/366/366
f 378/378/378 368/368/368 367/367/367
f 378/378/378 379/379/379 368/368/368
f 380/380/380 370/370/370 369/369/369
f 380/380/380 381/381/381 370/370/370
f 381/381/381 371/371/371 370/370/370
f 381/381/381 382/382/382 371/371/371
f 383/383/383 373/373/373 372/372/372
f 383/383/383 384/384/384 373/373/373
f 385/385/385 375/375/375 374/374/374
f 385/385/385 386/386/386 375/375/375
f 387/387/387 377/377/377 376/376/376
f 387/387/387 388/388/388 377/377/377
f 389/389/389 379/379/379 378/378/378
f 389/389/389 390/390/390 379/379/379
f 391/391/391 381/381/381 380/380/380
f 391/391/391 392/392/392 381/381/381
f 392/392/392 382/382/382 381/381/381
f 392/392/392 393/393/393 382/382/382
f 394/394/394 384/384/384 383/383/383
f 394/394/394 395/395/395 384/384/384
f 396/396/396 386/386/386 385/385/385
f 396/396/396 397/397/397 386/386/386
f 398/398/398 388/388/388 387/387/387
f 398/398/398 399/399/399 388/388/388
f 400/400/400 390/390/390 389/389/389
f 400/400/400 401/401/401 390/390/390
f 404/404/404 403/403/403 402/402/402
f 404/404/404 405/405/405 403/403/403
f 408/408/408 407/407/407 406/406/406
f 408/408/408 409/409/409 407/407/407
f 410/410/410 395/395/395 394/394/394
f 410/410/410 411/411/411 395/395/395
f 412/412/412 397/397/397 396/396/396
f 412/412/412 413/413/413 397/397/397
f 414/414/414 399/399/399 398/398/398
f 414/414/414 415/415/415 399/399/399
f 416/416/416 401/401/401 400/400/400
f 416/416/416 417/417/417 401/401/401
f 418/418/418 405/405/405 404/404/404
f 418/418/418 419/419/419 405/405/405
f 420/420/420 409/409/409 408/408/408
f 420/420/420 421/421/421 409/409/409
f 422/422/422 411/411/411 410/410/410
f 422/422/422 423/423/423 411/411/411
f 426/426/426 425/425/425 424/424/424
f 426/426/426 427/427/427 425/425/425
f 430/430/430 429/429/429 428/428/428
f 430/430/430 431/431/431 429/429/429
f 432/432/432 417/417/417 416/416/416
f 432/432/432 433/433/433 417/417/417
f 434/434/434 419/419/419 418/418/418
f 434/434/434 435/435/435 419/419/419
f 436/436/436 421/421/421 420/420/420
f 436/436/436 437/437/437 421/421/421
f 438/438/438 423/423/423 422/422/422
f 438/438/438 439/439/439 423/423/423
f 440/440/440 427/427/427 426/426/426
f 440/440/440 441/441/441 427/427/427
f 442/442/442 431/431/431 430/430/430
f 442/442/442 443/443/443 431/431/431
f 444/444/444 433/433/433 432/432/432
f 444/444/444 445/445/445 433/433/433
f 446/446/446 435/435/435 434/434/434
f 446/446/446 447/447/447 435/435/435
f 448/448/448 437/437/437 436/436/436
f 448/448/448 449/449/449 437/437/437
f 450/450/450 439/439/439 438/438/438
f 450/450/450 451/451/451 439/439/439
f 452/452/452 441/441/441 440/440/440
f 452/452/452 453/453/453 441/441/441
f 454/454/454 443/443/443 442/442/442
f 454/454/454 455/455/455 443/443/443
f 456/456/456 445/445/445 444/444/444
f 456/456/456 457/457/457 445/445/445
f 458/458/458 447/447/447 446/446/446
f 458/458/458 459/459/459 447/447/447
f 460/460/460 449/449/449 448/448/448
f 460/460/460 461/461/461 449/449/449
f 462/462/462 451/451/451 450/450/450
f 462/462/462 463/463/463 451/451/451
f 464/464/464 453/453/453 452/452/452
f 464/464/464 465/465/465 453/453/453
f 466/466/466 455/455/455 454/454/454
f 466/466/466 467/467/467 455/455/455
f 468/468/468 457/457/457 456/456/456
f 468/468/468 469/469/469 457/457/457
f 470/470/470 459/459/459 458/458/458
f 470/470/470 471/471/471 459/459/459
f 472/472/472 461/461/461 460/460/460
f 472/472/472 473/473/473 461/461/461
f 474/474/474 463/463/463 462/462/462
f 474/474/474 475/475/475 463/463/463
f 476/476/476 465/465/465 464/464/464
f 476/476/476 477/477/477 465/465/465
f 478/478/478 467/467/467 466/466/466
f 478/478/478 479/479/479 467/467/467
f 480/480/480 469/469/469 468/468/468
f 480/480/480 481/481/481 469/469/469
f 482/482/482 471/471/471 470/470/470
f 482/482/482 483/483/483 471/471/471
f 484/484/484 473/473/473 472/472/472
f 484/484/484 485/485/485 473/473/473
f 486/486/486 475/475/475 474/474/474
f 486/486/486 487/487/487 475/475/475
f 488/488/488 477/477/477 476/476/476
f 488/488/488 489/489/489 477/477/477
f 490/490/490 479/479/479 478/478/478
f 490/490/490 491/491/491 479/479/479
f 492/492/492 481/481/481 480/480/480
f 492/492/492 493/493/493 481/481/481
f 494/494/494 483/483/483 482/482/482
f 494/494/494 495/495/495 483/483/483
f 496/496/496 485/485/485 484/484/484
f 496/496/496 497/497/497 485/485/485
f 498/498/498 487/487/487 486/486/486
f 498/498/498 499/499/499 487/487/487
f 500/500/500 489/489/489 488/488/488
f 500/500/500 501/501/501 489/489/489
f 502/502/502 491/491/491 490/490/490
f 502/502/502 503/503/503 491/491/491
f 504/504/504 493/493/493 492/492/492
f 504/504/504 505/505/505 493/493/493
f 506/506/506 495/495/495 494/494/494
f 506/506/506 507/507/507 495/495/495
f 508/508/508 497/497/497 496/496/496
f 508/508/508 509/509/509 497/497/497
f 510/510/510 499/499/499 498/498/498
f 510/510/510 511/511/511 499/499/499
f 512/512/512 501/501/501 500/500/500
f 512/512/512 513/513/513 501/501/501
f 514/514/514 503/503/503 502/502/502
f 514/514/514 515/515/515 503/503/503
f 516/516/516 505/505/505 504/504/504
f 516/516/516 517/517/517 505/505/505
f 518/518/518 507/507/507 506/506/506
f 518/518/518 519/519/519 507/507/507
f 520/520/520 509/509/509 508/508/508
f 520/520/520 521/521/521 509/509/509
f 522/522/522 511/511/511 510/510/510
f 522/522/522 523/523/523 511/511/511
f 524/524/524 513/513/513 512/512/512
f 524/524/524 525/525/525 513/513/513
f 526/526/526 515/515/515 514/514/514
f 526/526/526 527/527/527 515/515/515
f 528/528/528 517/517/517 516/516/516
f 528/528/528 529/529/529 517/517/517
f 530/530/530 519/519/519 518/518/518
f 530/530/530 531/531/531 519/519/519
f 532/532/532 521/521/521 520/520/520
f 532/532/532 533/533/533 521/521/521
f 534/534/534 523/523/523 522/522/522
f 534/534/534 535/535/535 523/523/523
f 536/536/536 525/525/525 524/524/524
f 536/536/536 537/537/537 525/525/525
f 540/540/540 539/539/539 538/538/538
f 540/540/540 541/541/541 539/539/539
f 542/542/542 529/529/529 528/528/528
f 542/542/542 543/543/543 529/529/529
f 544/544/544 531/531/531 530/530/530
f 544/544/544 545/545/545 531/531/531
f 546/546/546 533/533/533 532/532/532
f 546/546/546 547/547/547 533/533/533
f 548/548/548 535/535/535 534/534/534
f 548/548/548 549/549/549 535/535/535
f 550/550/550 537/537/537 536/536/536
f 550/550/550 551/551/551 537/537/537
f 552/552/552 541/541/541 540/540/540
f 552/552/552 553/553/553 541/541/541
f 554/554/554 543/543/543 542/542/542
f 554/554/554 555/555/555 543/543/543
f 558/558/558 557/557/557 556/556/556
f 558/558/558 559/559/559 557/557/557
f 560/560/560 547/547/547 546/546/546
f 560/560/560 561/561/561 547/547/547
f 562/562/562 549/549/549 548/548/548
f 562/562/562 563/563/563 549/549/549
f 563/563/563 564/564/564 549/549/549
f 563/563/563 565/565/565 564/564/564
f 566/566/566 553/553/553 552/552/552
f 566/566/566 567/567/567 553/553/553
f 568/568/568 555/555/555 554/554/554
f 568/568/568 569/569/569 555/555/555
f 570/570/570 559/559/559 558/558/558
f 570/570/570 571/571/571 559/559/559
f 574/574/574 573/573/573 572/572/572
f 574/574/574 575/575/575 573/573/573
f 576/576/576 563/563/563 562/562/562
f 576/576/576 577/577/577 563/563/563
f 577/577/577 565/565/565 563/563/563
f 577/577/577 578/578/578 565/565/565
f 579/579/579 567/567/567 566/566/566
f 579/579/579 580/580/580 567/567/567
f 581/581/581 569/569/569 568/568/568
f 581/581/581 582/582/582 569/569/569
f 583/583/583 571/571/571 570/570/570
f 583/583/583 584/584/584 571/571/571
f 585/585/585 575/575/575 574/574/574
f 585/585/585 586/586/586 575/575/575
f 587/587/587 577/577/577 576/576/576
f 587/587/587 588/588/588 577/577/577
f 588/588/588 578/578/578 577/577/577
f 588/588/588 589/589/589 578/578/578
f 590/590/590 580/580/580 579/579/579
f 590/590/590 591/591/591 580/580/580
f 592/592/592 582/582/582 581/581/581
f 592/592/592 593/593/593 582/582/582
f 594/594/594 584/584/584 583/583/583
f 594/594/594 595/595/595 584/584/584
f 596/596/596 586/586/586 585/585/585
f 596/596/596 597/597/597 586/586/586
f 598/598/598 588/588/588 587/587/587
f 598/598/598 599/599/599 588/588/588
f 602/602/602 601/601/601 600/600/600
f 605/605/605 604/604/604 603/603/603
f 606/606/606 591/591/591 590/590/590
f 606/606/606 607/607/607 591/591/591
f 608/608/608 593/593/593 592/592/592
f 608/608/608 609/609/609 593/593/593
f 610/610/610 595/595/595 594/594/594
f 610/610/610 611/611/611 595/595/595
f 612/612/612 597/597/597 596/596/596
f 612/612/612 613/613/613 597/597/597
f 616/616/616 615/615/615 614/614/614
f 616/616/616 617/617/617 615/615/615
f 618/618/618 604/604/604 605/605/605
f 618/618/618 619/619/619 604/604/604
f 620/620/620 607/607/607 606/606/606
f 620/620/620 621/621/621 607/607/607
f 622/622/622 609/609/609 608/608/608
f 622/622/622 623/623/623 609/609/609
f 626/626/626 625/625/625 624/624/624
f 626/626/626 627/627/627 625/625/625
f 628/628/628 613/613/613 612/612/612
f 628/628/628 629/629/629 613/613/613
f 631/631/631 618/618/618 630/630/630
f 631/631/631 632/632/632 618/618/618
f 632/632/632 619/619/619 618/618/618
f 632/632/632 633/633/633 619/619/619
f 634/634/634 621/621/621 620/620/620
f 634/634/634 635/635/635 621/621/621
f 636/636/636 623/623/623 622/622/622
f 636/636/636 637/637/637 623/623/623
f 638/638/638 627/627/627 626/626/626
f 638/638/638 639/639/639 627/627/627
f 640/640/640 629/629/629 628/628/628
f 640/640/640 641/641/641 629/629/629
f 642/642/642 632/632/632 631/631/631
f 642/642/642 643/643/643 632/632/632
f 643/643/643 633/633/633 632/632/632
f 643/643/643 644/644/644 633/633/633
f 647/647/647 646/646/646 645/645/645
f 647/647/647 648/648/648 646/646/646
f 649/649/649 637/637/637 636/636/636
f 649/649/649 650/650/650 637/637/637
f 651/651/651 639/639/639 638/638/638
f 651/651/651 652/652/652 639/639/639
f 653/653/653 641/641/641 640/640/640
f 653/653/653 654/654/654 641/641/641
f 655/655/655 643/643/643 642/642/642
f 655/655/655 656/656/656 643/643/643
f 656/656/656 644/644/644 643/643/643
f 656/656/656 657/657/657 644/644/644
f 658/658/658 648/648/648 647/647/647
f 658/658/658 659/659/659 648/648/648
f 660/660/660 650/650/650 649/649/649
f 660/660/660 661/661/661 650/650/650
f 662/662/662 652/652/652 651/651/651
f 662/662/662 663/663/663 652/652/652
f 664/664/664 654/654/654 653/653/653
f 664/664/664 665/665/665 654/654/654
f 666/666/666 656/656/656 655/655/655
f 666/666/666 667/667/667 656/656/656
f 667/667/667 657/657/657 656/656/656
f 667/667/667 668/668/668 657/657/657
f 669/669/669 659/659/659 658/658/658
f 669/669/669 670/670/670 659/659/659
f 671/671/671 661/661/661 660/660/660
f 671/671/671 672/672/672 661/661/661
f 673/673/673 663/663/663 662/662/662
f 673/673/673 674/674/674 663/663/663
f 675/675/675 665/665/665 664/664/664
f 675/675/675 676/676/676 665/665/665
f 677/677/677 667/667/667 666/666/666
f 677/677/677 678/678/678 667/667/667
f 678/678/678 668/668/668 667/667/667
f 678/678/678 679/679/679 668/668/668
f 680/680/680 670/670/670 669/669/669
f 680/680/680 681/681/681 670/670/670
f 682/682/682 672/672/672 671/671/671
f 682/682/682 683/683/683 672/672/672
f 684/684/684 674/674/674 673/673/673
f 684/684/684 685/685/685 674/674/674
f 686/686/686 676/676/676 675/675/675
f 686/686/686 687/687/687 676/676/676
f 688/688/688 678/678/678 677/677/677
f 688/688/688 689/689/689 678/678/678
f 689/689/689 679/679/679 678/678/678
f 689/689/689 690/690/690 679/679/679
f 691/691/691 681/681/681 680/680/680
f 691/691/691 692/692/692 681/681/681
f 693/693/693 683/683/683 682/682/682
f 693/693/693 694/694/694 683/683/683
f 695/695/695 685/685/685 684/684/684
f 695/695/695 696/696/696 685/685/685
f 697/697/697 687/687/687 686/686/686
f 697/697/697 698/698/698 687/687/687
f 699/699/699 689/689/689 688/688/688
f 699/699/699 700/700/700 689/689/689
f 700/700/700 690/690/690 689/689/689
f 700/700/700 701/701/701 690/690/690
f 702/702/702 692/692/692 691/691/691
f 702/702/702 703/703/703 692/692/692
f 704/704/704 694/694/694 693/693/693
f 704/704/704 705/705/705 694/694/694
f 706/706/706 696/696/696 695/695/695
f 706/706/706 707/707/707 696/696/696
f 708/708/708 698/698/698 697/697/697
f 708/708/708 709/709/709 698/698/698
f 710/710/710 700/700/700 699/699/699
f 710/710/710 711/711/711 700/700/700
f 711/711/711 701/701/701 700/700/700
f 711/711/711 712/712/712 701/701/701
f 713/713/713 703/703/703 702/702/702
f 713/713/713 714/714/714 703/703/703
f 715/715/715 705/705/705 704/704/704
f 715/715/715 716/716/716 705/705/705
f 717/717/717 707/707/707 706/706/706
f 717/717/717 718/718/718 707/707/707
f 720/720/720 710/710/710 719/719/719
f 720/720/720 721/721/721 710/710/710
f 721/721/721 711/711/711 710/710/710
f 721/721/721 722/722/722 711/711/711
f 722/722/722 712/712/712 711/711/711
f 722/722/722 723/723/723 712/712/712
f 724/724/724 714/714/714 713/713/713
f 724/724/724 725/725/725 714/714/714
f 726/726/726 716/716/716 715/715/715
f 726/726/726 727/727/727 716/716/716
f 728/728/728 718/718/718 717/717/717
f 728/728/728 729/729/729 718/718/718
f 730/730/730 721/721/721 720/720/720
f 730/730/730 731/731/731 721/721/721
f 731/731/731 722/722/722 721/721/721
f 731/731/731 732/732/732 722/722/722
f 732/732/732 723/723/723 722/722/722
f 732/732/732 733/733/733 723/723/723
f 734/734/734 725/725/725 724/724/724
f 734/734/734 735/735/735 725/725/725
f 736/736/736 727/727/727 726/726/726
f 736/736/736 737/737/737 727/727/727
f 738/738/738 729/729/729 728/728/728
f 738/738/738 739/739/739 729/729/729
f 740/740/740 731/731/731 730/730/730
f 740/740/740 741/741/741 731/731/731
f 741/741/741 732/732/732 731/731/731
f 741/741/741 742/742/742 732/732/732
f 742/742/742 733/733/733 732/732/732
f 742/742/742 743/743/743 733/733/733
f 746/746/746 745/745/745 744/744/744
f 746/746/746 747/747/747 745/745/745
f 748/748/748 737/737/737 736/736/736
f 748/748/748 749/749/749 737/737/737
f 750/750/750 739/739/739 738/738/738
f 750/750/750 751/751/751 739/739/739
f 752/752/752 741/741/741 740/740/740
f 752/752/752 753/753/753 741/741/741
f 753/753/753 742/742/742 741/741/741
f 753/753/753 754/754/754 742/742/742
f 757/757/757 756/756/756 755/755/755
f 757/757/757 758/758/758 756/756/756
f 759/759/759 747/747/747 746/746/746
f 759/759/759 760/760/760 747/747/747
f 761/761/761 749/749/749 748/748/748
f 761/761/761 762/762/762 749/749/749
f 765/765/765 764/764/764 763/763/763
f 765/765/765 766/766/766 764/764/764
f 767/767/767 753/753/753 752/752/752
f 767/767/767 768/768/768 753/753/753
f 768/768/768 754/754/754 753/753/753
f 768/768/768 769/769/769 754/754/754
f 770/770/770 758/758/758 757/757/757
f 770/770/770 771/771/771 758/758/758
f 772/772/772 760/760/760 759/759/759
f 772/772/772 773/773/773 760/760/760
f 774/774/774 762/762/762 761/761/761
f 774/774/774 775/775/775 762/762/762
f 776/776/776 766/766/766 765/765/765
f 776/776/776 777/777/777 766/766/766
f 778/778/778 768/768/768 767/767/767
f 778/778/778 779/779/779 768/768/768
f 779/779/779 769/769/769 768/768/768
f 779/779/779 780/780/780 769/769/769
f 781/781/781 771/771/771 770/770/770
f 781/781/781 782/782/782 771/771/771
f 783/783/783 773/773/773 772/772/772
f 783/783/783 784/784/784 773/773/773
f 785/785/785 775/775/775 774/774/774
f 785/785/785 786/786/786 775/775/775
f 787/787/787 777/777/777 776/776/776
f 787/787/787 788/788/788 777/777/777
f 789/789/789 779/779/779 778/778/778
f 792/792/792 791/791/791 790/790/790
f 793/793/793 780/780/780 779/779/779
f 793/793/793 794/794/794 780/780/780
f 795/795/795 782/782/782 781/781/781
f 795/795/795 796/796/796 782/782/782
f 797/797/797 784/784/784 783/783/783
f 797/797/797 798/798/798 784/784/784
f 799/799/799 786/786/786 785/785/785
f 799/799/799 800/800/800 786/786/786
f 801/801/801 788/788/788 787/787/787
f 801/801/801 802/802/802 788/788/788
f 803/803/803 793/793/793 789/789/789
f 803/803/803 804/804/804 793/793/793
f 804/804/804 794/794/794 793/793/793
f 804/804/804 805/805/805 794/794/794
f 806/806/806 796/796/796 795/795/795
f 806/806/806 807/807/807 796/796/796
f 808/808/808 798/798/798 797/797/797
f 808/808/808 809/809/809 798/798/798
f 810/810/810 800/800/800 799/799/799
f 810/810/810 811/811/811 800/800/800
f 812/812/812 802/802/802 801/801/801
f 812/812/812 813/813/813 802/802/802
f 814/814/814 804/804/804 803/803/803
f 814/814/814 815/815/815 804/804/804
f 815/815/815 805/805/805 804/804/804
f 815/815/815 816/816/816 805/805/805
f 817/817/817 807/807/807 806/806/806
f 817/817/817 818/818/818 807/807/807
f 819/819/819 809/809/809 808/808/808
f 819/819/819 820/820/820 809/809/809
f 821/821/821 811/811/811 810/810/810
f 821/821/821 822/822/822 811/811/811
f 823/823/823 813/813/813 812/812/812
f 823/823/823 824/824/824 813/813/813
f 825/825/825 815/815/815 814/814/814
f 825/825/825 826/826/826 815/815/815
f 826/826/826 816/816/816 815/815/815
f 826/826/826 827/827/827 816/816/816
f 828/828/828 818/818/818 817/817/817
f 828/828/828 829/829/829 818/818/818
f 830/830/830 820/820/820 819/819/819
f 830/830/830 831/831/831 820/820/820
f 832/832/832 822/822/822 821/821/821
f 832/832/832 833/833/833 822/822/822
f 834/834/834 824/824/824 823/823/823
f 834/834/834 835/835/835 824/824/824
f 836/836/836 826/826/826 825/825/825
f 836/836/836 837/837/837 826/826/826
f 837/837/837 827/827/827 826/826/826
f 837/837/837 838/838/838 827/827/827
f 839/839/839 829/829/829 828/828/828
f 839/839/839 840/840/840 829/829/829
f 841/841/841 831/831/831 830/830/830
f 841/841/841 842/842/842 831/831/831
f 843/843/843 833/833/833 832/832/832
f 843/843/843 844/844/844 833/833/833
f 845/845/845 835/835/835 834/834/834
f 845/845/845 846/846/846 835/835/835
f 847/847/847 837/837/837 836/836/836
f 847/847/847 848/848/848 837/837/837
f 848/848/848 838/838/838 837/837/837
f 848/848/848 849/849/849 838/838/838
f 850/850/850 840/840/840 839/839/839
f 850/850/850 851/851/851 840/840/840
f 854/854/854 853/853/853 852/852/852
f 854/854/854 855/855/855 853/853/853
f 856/856/856 844/844/844 843/843/843
f 856/856/856 857/857/857 844/844/844
f 858/858/858 846/846/846 845/845/845
f 858/858/858 859/859/859 846/846/846
f 860/860/860 848/848/848 847/847/847
f 860/860/860 861/861/861 848/848/848
f 861/861/861 849/849/849 848/848/848
f 861/861/861 862/862/862 849/849/849
f 863/863/863 851/851/851 850/850/850
f 863/863/863 864/864/864 851/851/851
f 865/865/865 855/855/855 854/854/854
f 865/865/865 866/866/866 855/855/855
f 867/867/867 857/857/857 856/856/856
f 867/867/867 868/868/868 857/857/857
f 869/869/869 859/859/859 858/858/858
f 869/869/869 870/870/870 859/859/859
f 871/871/871 861/861/861 860/860/860
f 871/871/871 872/872/872 861/861/861
f 872/872/872 862/862/862 861/861/861
f 872/872/872 873/873/873 862/862/862
f 874/874/874 864/864/864 863/863/863
f 874/874/874 875/875/875 864/864/864
f 876/876/876 866/866/866 865/865/865
f 876/876/876 877/877/877 866/866/866
f 878/878/878 868/868/868 867/867/867
f 878/878/878 879/879/879 868/868/868
f 882/882/882 881/881/881 880/880/880
f 882/882/882 883/883/883 881/881/881
f 884/884/884 872/872/872 871/871/871
f 884/884/884 885/885/885 872/872/872
f 885/885/885 873/873/873 872/872/872
f 885/885/885 886/886/886 873/873/873
f 889/889/889 888/888/888 887/887/887
f 889/889/889 890/890/890 888/888/888
f 891/891/891 877/877/877 876/876/876
f 891/891/891 892/892/892 877/877/877
f 893/893/893 879/879/879 878/878/878
f 893/893/893 894/894/894 879/879/879
f 895/895/895 883/883/883 882/882/882
f 895/895/895 896/896/896 883/883/883
f 897/897/897 885/885/885 884/884/884
f 897/897/897 898/898/898 885/885/885
f 898/898/898 886/886/886 885/885/885
f 898/898/898 899/899/899 886/886/886
f 900/900/900 890/890/890 889/889/889
f 900/900/900 901/901/901 890/890/890
f 902/902/902 892/892/892 891/891/891
f 902/902/902 903/903/903 892/892/892
f 904/904/904 894/894/894 893/893/893
f 904/904/904 905/905/905 894/894/894
f 906/906/906 896/896/896 895/895/895
f 906/906/906 907/907/907 896/896/896
f 908/908/908 898/898/898 897/897/897
f 908/908/908 909/909/909 898/898/898
f 909/909/909 899/899/899 898/898/898
f 909/909/909 910/910/910 899/899/899
f 911/911/911 901/901/901 900/900/900
f 911/911/911 912/912/912 901/901/901
f 913/913/913 903/903/903 902/902/902
f 913/913/913 914/914/914 903/903/903
f 915/915/915 905/905/905 904/904/904
f 915/915/915 916/916/916 905/905/905
f 917/917/917 907/907/907 906/906/906
f 917/917/917 918/918/918 907/907/907
f 919/919/919 909/909/909 908/908/908
f 919/919/919 920/920/920 909/909/909
f 920/920/920 910/910/910 909/909/909
f 920/920/920 921/921/921 910/910/910
f 922/922/922 912/912/912 911/911/911
f 922/922/922 923/923/923 912/912/912
f 924/924/924 914/914/914 913/913/913
f 924/924/924 925/925/925 914/914/914
f 926/926/926 916/916/916 915/915/915
f 926/926/926 927/927/927 916/916/916
f 928/928/928 918/918/918 917/917/917
f 928/928/928 929/929/929 918/918/918
f 930/930/930 920/920/920 919/919/919
f 930/930/930 931/931/931 920/920/920
f 931/931/931 921/921/921 920/920/920
f 931/931/931 932/932/932 921/921/921
f 933/933/933 923/923/923 922/922/922
f 933/933/933 934/934/934 923/923/923
f 935/935/935 925/925/925 924/924/924
f 935/935/935 936/936/936 925/925/925
f 937/937/937 927/927/927 926/926/926
f 937/937/937 938/938/938 927/927/927
f 939/939/939 929/929/929 928/928/928
f 939/939/939 940/940/940 929/929/929
f 941/941/941 931/931/931 930/930/930
f 941/941/941 942/942/942 931/931/931
f 942/942/942 932/932/932 931/931/931
f 942/942/942 943/943/943 932/932/932
f 944/944/944 934/934/934 933/933/933
f 944/944/944 945/945/945 934/934/934
f 946/946/946 936/936/936 935/935/935
f 946/946/946 947/947/947 936/936/936
f 948/948/948 938/938/938 937/937/937
f 948/948/948 949/949/949 938/938/938
f 950/950/950 940/940/940 939/939/939
f 950/950/950 951/951/951 940/940/940
f 952/952/952 942/942/942 941/941/941
f 952/952/952 953/953/953 942/942/942
f 953/953/953 943/943/943 942/942/942
f 953/953/953 954/954/954 943/943/943
f 955/955/955 945/945/945 944/944/944
f 955/955/955 956/956/956 945/945/945
f 957/957/957 947/947/947 946/946/946
f 957/957/957 958/958/958 947/947/947
f 959/959/959 949/949/949 948/948/948
f 959/959/959 960/960/960 949/949/949
f 961/961/961 951/951/951 950/950/950
f 961/961/961 962/962/962 951/951/951
f 963/963/963 953/953/953 952/952/952
f 963/963/963 964/964/964 953/953/953
f 964/964/964 954/954/954 953/953/953
f 964/964/964 965/965/965 954/954/954
f 966/966/966 956/956/956 955/955/955
f 966/966/966 967/967/967 956/956/956
f 970/970/970 969/969/969 968/968/968
f 970/970/970 971/971/971 969/969/969
f 972/972/972 960/960/960 959/959/959
f 972/972/972 973/973/973 960/960/960
f 974/974/974 962/962/962 961/961/961
f 974/974/974 975/975/975 962/962/962
f 976/976/976 964/964/964 963/963/963
f 976/976/976 977/977/977 964/964/964
f 977/977/977 965/965/965 964/964/964
f 977/977/977 978/978/978 965/965/965
f 979/979/979 967/967/967 966/966/966
f 979/979/979 980/980/980 967/967/967
f 981/981/981 971/971/971 970/970/970
f 981/981/981 982/982/982 971/971/971
f 983/983/983 973/973/973 972/972/972
f 983/983/983 984/984/984 973/973/973
f 987/987/987 986/986/986 985/985/985
f 987/987/987 988/988/988 986/986/986
f 991/991/991 990/990/990 989/989/989
f 991/991/991 992/992/992 990/990/990
f 993/993/993 978/978/978 977/977/977
f 993/993/993 994/994/994 978/978/978
f 994/994/994 995/995/995 978/978/978
f 994/994/994 996/996/996 995/995/995
f 997/997/997 982/982/982 981/981/981
f 997/997/997 998/998/998 982/982/982
f 999/999/999 984/984/984 983/983/983
f 999/999/999 1000/1000/1000 984/984/984
f 1001/1001/1001 988/988/988 987/987/987
f 1001/1001/1001 1002/1002/1002 988/988/988
f 1003/1003/1003 992/992/992 991/991/991
f 1003/1003/1003 1004/1004/1004 992/992/992
f 1005/1005/1005 994/994/994 993/993/993
f 1005/1005/1005 1006/1006/1006 994/994/994
f 1006/1006/1006 996/996/996 994/994/994
f 1006/1006/1006 1007/1007/1007 996/996/996
f 1008/1008/1008 998/998/998 997/997/997
f 1008/1008/1008 1009/1009/1009 998/998/998
f 1010/1010/1010 1000/1000/1000 999/999/999
f 1010/1010/1010 1011/1011/1011 1000/1000/1000
f 1012/1012/1012 1002/1002/1002 1001/1001/1001
f 1012/1012/1012 1013/1013/1013 1002/1002/1002
f 1014/1014/1014 1004/1004/1004 1003/1003/1003
f 1014/1014/1014 1015/1015/1015 1004/1004/1004
f 1016/1016/1016 1006/1006/1006 1005/1005/1005
f 1016/1016/1016 1017/1017/1017 1006/1006/1006
f 1017/1017/1017 1007/1007/1007 1006/1006/1006
f 1017/1017/1017 1018/1018/1018 1007/1007/1007
f 1019/1019/1019 1009/1009/1009 1008/1008/1008
f 1019/1019/1019 1020/1020/1020 1009/1009/1009
f 1021/1021/1021 1011/1011/1011 1010/1010/1010
f 1021/1021/1021 1022/1022/1022 1011/1011/1011
f 1023/1023/1023 1013/1013/1013 1012/1012/1012
f 1023/1023/1023 1024/1024/1024 1013/1013/1013
f 1025/1025/1025 1015/1015/1015 1014/1014/1014
f 1025/1025/1025 1026/1026/1026 1015/1015/1015
f 1027/1027/1027 1017/1017/1017 1016/1016/1016
f 1027/1027/1027 1028/1028/1028 1017/1017/1017
f 1028/1028/1028 1018/1018/1018 1017/1017/1017
f 1028/1028/1028 1029/1029/1029 1018/1018/1018
f 1030/1030/1030 1020/1020/1020 1019/1019/1019
f 1030/1030/1030 1031/1031/1031 1020/1020/1020
f 1032/1032/1032 1022/1022/1022 1021/1021/1021
f 1032/1032/1032 1033/1033/1033 1022/1022/1022
f 1034/1034/1034 1024/1024/1024 1023/1023/1023
f 1034/1034/1034 1035/1035/1035 1024/1024/1024
f 1036/1036/1036 1026/1026/1026 1025/1025/1025
f 1036/1036/1036 1037/1037/1037 1026/1026/1026
f 1038/1038/1038 1028/1028/1028 1027/1027/1027
f 1038/1038/1038 1039/1039/1039 1028/1028/1028
f 1039/1039/1039 1029/1029/1029 1028/1028/1028
f 1039/1039/1039 1040/1040/1040 1029/1029/1029
f 1041/1041/1041 1031/1031/1031 1030/1030/1030
f 1041/1041/1041 1042/1042/1042 1031/1031/1031
f 1043/1043/1043 1033/1033/1033 1032/1032/1032
f 1043/1043/1043 1044/1044/1044 1033/1033/1033
f 1045/1045/1045 1035/1035/1035 1034/1034/1034
f 1045/1045/1045 1046/1046/1046 1035/1035/1035
f 1047/1047/1047 1037/1037/1037 1036/1036/1036
f 1047/1047/1047 1048/1048/1048 1037/1037/1037
f 1049/1049/1049 1039/1039/1039 1038/1038/1038
f 1049/1049/1049 1050/1050/1050 1039/1039/1039
f 1050/1050/1050 1040/1040/1040 1039/1039/1039
f 1050/1050/1050 1051/1051/1051 1040/1040/1040
f 1052/1052/1052 1042/1042/1042 1041/1041/1041
f 1052/1052/1052 1053/1053/1053 1042/1042/1042
f 1054/1054/1054 1044/1044/1044 1043/1043/1043
f 1054/1054/1054 1055/1055/1055 1044/1044/1044
f 1056/1056/1056 1046/1046/1046 1045/1045/1045
f 1056/1056/1056 1057/1057/1057 1046/1046/1046
f 1058/1058/1058 1048/1048/1048 1047/1047/1047
f 1058/1058/1058 1059/1059/1059 1048/1048/1048
f 1060/1060/1060 1050/1050/1050 1049/1049/1049
f 1060/1060/1060 1061/1061/1061 1050/1050/1050
f 1061/1061/1061 1051/1051/1051 1050/1050/1050
f 1061/1061/1061 1062/1062/1062 1051/1051/1051
f 1063/1063/1063 1053/1053/1053 1052/1052/1052
f 1063/1063/1063 1064/1064/1064 1053/1053/1053
f 1065/1065/1065 1055/1055/1055 1054/1054/1054
f 1065/1065/1065 1066/1066/1066 1055/1055/1055
f 1067/1067/1067 1057/1057/1057 1056/1056/1056
f 1067/1067/1067 1068/1068/1068 1057/1057/1057
f 1069/1069/1069 1059/1059/1059 1058/1058/1058
f 1069/1069/1069 1070/1070/1070 1059/1059/1059
f 1071/1071/1071 1061/1061/1061 1060/1060/1060
f 1071/1071/1071 1072/1072/1072 1061/1061/1061
f 1072/1072/1072 1062/1062/1062 1061/1061/1061
f 1072/1072/1072 1073/1073/1073 1062/1062/1062
f 1074/1074/1074 1064/1064/1064 1063/1063/1063
f 1074/1074/1074 1075/1075/1075 1064/1064/1064
f 1076/1076/1076 1066/1066/1066 1065/1065/1065
f 1076/1076/1076 1077/1077/1077 1066/1066/1066
f 1078/1078/1078 1068/1068/1068 1067/1067/1067
f 1078/1078/1078 1079/1079/1079 1068/1068/1068
f 1080/1080/1080 1070/1070/1070 1069/1069/1069
f 1080/1080/1080 1081/1081/1081 1070/1070/1070
f 1082/1082/1082 1072/1072/1072 1071/1071/1071
f 1082/1082/1082 1083/1083/1083 1072/1072/1072
f 1083/1083/1083 1073/1073/1073 1072/1072/1072
f 1083/1083/1083 1084/1084/1084 1073/1073/1073
f 1085/1085/1085 1075/1075/1075 1074/1074/1074
f 1087/1087/1087 1086/1086/1086 1076/1076/1076
f 1086/1086/1086 1077/1077/1077 1076/1076/1076
f 1086/1086/1086 1088/1088/1088 1077/1077/1077
f 1091/1091/1091 1090/1090/1090 1089/1089/1089
f 1091/1091/1091 1092/1092/1092 1090/1090/1090
f 1093/1093/1093 1081/1081/1081 1080/1080/1080
f 1093/1093/1093 1094/1094/1094 1081/1081/1081
f 1095/1095/1095 1083/1083/1083 1082/1082/1082
f 1095/1095/1095 1096/1096/1096 1083/1083/1083
f 1096/1096/1096 1084/1084/1084 1083/1083/1083
f 1096/1096/1096 1097/1097/1097 1084/1084/1084
f 1098/1098/1098 1086/1086/1086 1087/1087/1087
f 1098/1098/1098 1099/1099/1099 1086/1086/1086
f 1099/1099/1099 1088/1088/1088 1086/1086/1086
f 1099/1099/1099 1100/1100/1100 1088/1088/1088
f 1101/1101/1101 1092/1092/1092 1091/1091/1091
f 1101/1101/1101 1102/1102/1102 1092/1092/1092
f 1103/1103/1103 1094/1094/1094 1093/1093/1093
f 1103/1103/1103 1104/1104/1104 1094/1094/1094
f 1105/1105/1105 1096/1096/1096 1095/1095/1095
f 1105/1105/1105 1106/1106/1106 1096/1096/1096
f 1106/1106/1106 1097/1097/1097 1096/1096/1096
f 1106/1106/1106 1107/1107/1107 1097/1097/1097
f 1108/1108/1108 1099/1099/1099 1098/1098/1098
f 1108/1108/1108 1109/1109/1109 1099/1099/1099
f 1109/1109/1109 1100/1100/1100 1099/1099/1099
f 1109/1109/1109 1110/1110/1110 1100/1100/1100
f 1111/1111/1111 1102/1102/1102 1101/1101/1101
f 1111/1111/1111 1112/1112/1112 1102/1102/1102
f 1113/1113/1113 1104/1104/1104 1103/1103/1103
f 1113/1113/1113 1114/1114/1114 1104/1104/1104
f 1115/1115/1115 1106/1106/1106 1105/1105/1105
f 1115/1115/1115 1116/1116/1116 1106/1106/1106
f 1116/1116/1116 1107/1107/1107 1106/1106/1106
f 1116/1116/1116 1117/1117/1117 1107/1107/1107
f 1118/1118/1118 1109/1109/1109 1108/1108/1108
f 1118/1118/1118 1119/1119/1119 1109/1109/1109
f 1119/1119/1119 1110/1110/1110 1109/1109/1109
f 1119/1119/1119 1120/1120/1120 1110/1110/1110
f 1121/1121/1121 1112/1112/1112 1111/1111/1111
f 1121/1121/1121 1122/1122/1122 1112/1112/1112
f 1123/1123/1123 1114/1114/1114 1113/1113/1113
f 1123/1123/1123 1124/1124/1124 1114/1114/1114
f 1125/1125/1125 1116/1116/1116 1115/1115/1115
f 1125/1125/1125 1126/1126/1126 1116/1116/1116
f 1126/1126/1126 1117/1117/1117 1116/1116/1116
f 1126/1126/1126 1127/1127/1127 1117/1117/1117
f 1128/1128/1128 1119/1119/1119 1118/1118/1118
f 1128/1128/1128 1129/1129/1129 1119/1119/1119
f 1129/1129/1129 1120/1120/1120 1119/1119/1119
f 1129/1129/1129 1130/1130/1130 1120/1120/1120
f 1131/1131/1131 1122/1122/1122 1121/1121/1121
f 1131/1131/1131 1132/1132/1132 1122/1122/1122
f 1135/1135/1135 1134/1134/1134 1133/1133/1133
f 1135/1135/1135 1136/1136/1136 1134/1134/1134
f 1137/1137/1137 1126/1126/1126 1125/1125/1125
f 1137/1137/1137 1138/1138/1138 1126/1126/1126
f 1138/1138/1138 1127/1127/1127 1126/1126/1126
f 1138/1138/1138 1139/1139/1139 1127/1127/1127
f 1140/1140/1140 1129/1129/1129 1128/1128/1128
f 1140/1140/1140 1141/1141/1141 1129/1129/1129
f 1141/1141/1141 1130/1130/1130 1129/1129/1129
f 1141/1141/1141 1142/1142/1142 1130/1130/1130
f 1143/1143/1143 1132/1132/1132 1131/1131/1131
f 1143/1143/1143 1144/1144/1144 1132/1132/1132
f 1145/1145/1145 1136/1136/1136 1135/1135/1135
f 1145/1145/1145 1146/1146/1146 1136/1136/1136
f 1147/1147/1147 1138/1138/1138 1137/1137/1137
f 1147/1147/1147 1148/1148/1148 1138/1138/1138
f 1148/1148/1148 1139/1139/1139 1138/1138/1138
f 1148/1148/1148 1149/1149/1149 1139/1139/1139
f 1150/1150/1150 1141/1141/1141 1140/1140/1140
f 1150/1150/1150 1151/1151/1151 1141/1141/1141
f 1151/1151/1151 1142/1142/1142 1141/1141/1141
f 1151/1151/1151 1152/1152/1152 1142/1142/1142
f 1153/1153/1153 1144/1144/1144 1143/1143/1143
f 1153/1153/1153 1154/1154/1154 1144/1144/1144
f 1155/1155/1155 1146/1146/1146 1145/1145/1145
f 1155/1155/1155 1156/1156/1156 1146/1146/1146
f 1157/1157/1157 1148/1148/1148 1147/1147/1147
f 1157/1157/1157 1158/1158/1158 1148/1148/1148
f 1158/1158/1158 1149/1149/1149 1148/1148/1148
f 1158/1158/1158 1159/1159/1159 1149/1149/1149
f 1160/1160/1160 1151/1151/1151 1150/1150/1150
f 1160/1160/1160 1161/1161/1161 1151/1151/1151
f 1161/1161/1161 1152/1152/1152 1151/1151/1151
f 1161/1161/1161 1162/1162/1162 1152/1152/1152
f 1163/1163/1163 1154/1154/1154 1153/1153/1153
f 1163/1163/1163 1164/1164/1164 1154/1154/1154
f 1165/1165/1165 1156/1156/1156 1155/1155/1155
f 1165/1165/1165 1166/1166/1166 1156/1156/1156
f 1167/1167/1167 1158/1158/1158 1157/1157/1157
f 1167/1167/1167 1168/1168/1168 1158/1158/1158
f 1168/1168/1168 1159/1159/1159 1158/1158/1158
f 1168/1168/1168 1169/1169/1169 1159/1159/1159
f 1170/1170/1170 1161/1161/1161 1160/1160/1160
f 1170/1170/1170 1171/1171/1171 1161/1161/1161
f 1171/1171/1171 1162/1162/1162 1161/1161/1161
f 1171/1171/1171 1172/1172/1172 1162/1162/1162
f 1173/1173/1173 1164/1164/1164 1163/1163/1163
f 1173/1173/1173 1174/1174/1174 1164/1164/1164
f 1175/1175/1175 1166/1166/1166 1165/1165/1165
f 1175/1175/1175 1176/1176/1176 1166/1166/1166
f 1177/1177/1177 1168/1168/1168 1167/1167/1167
f 1177/1177/1177 1178/1178/1178 1168/1168/1168
f 1178/1178/1178 1169/1169/1169 1168/1168/1168
f 1178/1178/1178 1179/1179/1179 1169/1169/1169
f 1180/1180/1180 1171/1171/1171 1170/1170/1170
f 1180/1180/1180 1181/1181/1181 1171/1171/1171
f 1181/1181/1181 1172/1172/1172 1171/1171/1171
f 1181/1181/1181 1182/1182/1182 1172/1172/1172
f 1185/1185/1185 1184/1184/1184 1183/1183/1183
f 1185/1185/1185 1186/1186/1186 1184/1184/1184
f 1187/1187/1187 1176/1176/1176 1175/1175/1175
f 1187/1187/1187 1188/1188/1188 1176/1176/1176
f 1189/1189/1189 1178/1178/1178 1177/1177/1177
f 1189/1189/1189 1190/1190/1190 1178/1178/1178
f 1193/1193/1193 1192/1192/1192 1191/1191/1191
f 1193/1193/1193 1194/1194/1194 1192/1192/1192
f 1195/1195/1195 1181/1181/1181 1180/1180/1180
f 1195/1195/1195 1196/1196/1196 1181/1181/1181
f 1196/1196/1196 1182/1182/1182 1181/1181/1181
f 1196/1196/1196 1197/1197/1197 1182/1182/1182
f 1198/1198/1198 1186/1186/1186 1185/1185/1185
f 1198/1198/1198 1199/1199/1199 1186/1186/1186
f 1200/1200/1200 1188/1188/1188 1187/1187/1187
f 1200/1200/1200 1201/1201/1201 1188/1188/1188
f 1202/1202/1202 1190/1190/1190 1189/1189/1189
f 1202/1202/1202 1203/1203/1203 1190/1190/1190
f 1204/1204/1204 1194/1194/1194 1193/1193/1193
f 1204/1204/1204 1205/1205/1205 1194/1194/1194
f 1208/1208/1208 1207/1207/1207 1206/1206/1206
f 1208/1208/1208 1209/1209/1209 1207/1207/1207
f 1210/1210/1210 1197/1197/1197 1196/1196/1196
f 1210/1210/1210 1211/1211/1211 1197/1197/1197
f 1212/1212/1212 1199/1199/1199 1198/1198/1198
f 1212/1212/1212 1213/1213/1213 1199/1199/1199
f 1214/1214/1214 1201/1201/1201 1200/1200/1200
f 1214/1214/1214 1215/1215/1215 1201/1201/1201
f 1216/1216/1216 1203/1203/1203 1202/1202/1202
f 1219/1219/1219 1218/1218/1218 1217/1217/1217
f 1220/1220/1220 1205/1205/1205 1204/1204/1204
f 1220/1220/1220 1221/1221/1221 1205/1205/1205
f 1222/1222/1222 1209/1209/1209 1208/1208/1208
f 1222/1222/1222 1223/1223/1223 1209/1209/1209
f 1224/1224/1224 1211/1211/1211 1210/1210/1210
f 1224/1224/1224 1225/1225/1225 1211/1211/1211
f 1226/1226/1226 1213/1213/1213 1212/1212/1212
f 1226/1226/1226 1227/1227/1227 1213/1213/1213
f 1230/1230/1230 1229/1229/1229 1228/1228/1228
f 1230/1230/1230 1231/1231/1231 1229/1229/1229
f 1231/1231/1231 1232/1232/1232 1229/1229/1229
f 1231/1231/1231 1233/1233/1233 1232/1232/1232
f 1234/1234/1234 1221/1221/1221 1220/1220/1220
f 1234/1234/1234 1235/1235/1235 1221/1221/1221
f 1236/1236/1236 1223/1223/1223 1222/1222/1222
f 1236/1236/1236 1237/1237/1237 1223/1223/1223
f 1238/1238/1238 1225/1225/1225 1224/1224/1224
f 1238/1238/1238 1239/1239/1239 1225/1225/1225
f 1240/1240/1240 1227/1227/1227 1226/1226/1226
f 1240/1240/1240 1241/1241/1241 1227/1227/1227
f 1242/1242/1242 1231/1231/1231 1230/1230/1230
f 1242/1242/1242 1243/1243/1243 1231/1231/1231
f 1243/1243/1243 1233/1233/1233 1231/1231/1231
f 1243/1243/1243 1244/1244/1244 1233/1233/1233
f 1245/1245/1245 1235/1235/1235 1234/1234/1234
f 1245/1245/1245 1246/1246/1246 1235/1235/1235
f 1247/1247/1247 1237/1237/1237 1236/1236/1236
f 1247/1247/1247 1248/1248/1248 1237/1237/1237
f 1249/1249/1249 1239/1239/1239 1238/1238/1238
f 1249/1249/1249 1250/1250/1250 1239/1239/1239
f 1251/1251/1251 1241/1241/1241 1240/1240/1240
f 1251/1251/1251 1252/1252/1252 1241/1241/1241
f 1253/1253/1253 1243/1243/1243 1242/1242/1242
f 1253/1253/1253 1254/1254/1254 1243/1243/1243
f 1254/1254/1254 1244/1244/1244 1243/1243/1243
f 1254/1254/1254 1255/1255/1255 1244/1244/1244
f 1256/1256/1256 1246/1246/1246 1245/1245/1245
f 1256/1256/1256 1257/1257/1257 1246/1246/1246
f 1258/1258/1258 1248/1248/1248 1247/1247/1247
f 1258/1258/1258 1259/1259/1259 1248/1248/1248
f 1260/1260/1260 1250/1250/1250 1249/1249/1249
f 1260/1260/1260 1261/1261/1261 1250/1250/1250
f 1262/1262/1262 1252/1252/1252 1251/1251/1251
f 1262/1262/1262 1263/1263/1263 1252/1252/1252
f 1264/1264/1264 1254/1254/1254 1253/1253/1253
f 1264/1264/1264 1265/1265/1265 1254/1254/1254
f 1265/1265/1265 1255/1255/1255 1254/1254/1254
f 1265/1265/1265 1266/1266/1266 1255/1255/1255
f 1267/1267/1267 1257/1257/1257 1256/1256/1256
f 1267/1267/1267 1268/1268/1268 1257/1257/1257
f 1269/1269/1269 1259/1259/1259 1258/1258/1258
f 1269/1269/1269 1270/1270/1270 1259/1259/1259
f 1271/1271/1271 1261/1261/1261 1260/1260/1260
f 1271/1271/1271 1272/1272/1272 1261/1261/1261
f 1273/1273/1273 1263/1263/1263 1262/1262/1262
f 1273/1273/1273 1274/1274/1274 1263/1263/1263
f 1275/1275/1275 1265/1265/1265 1264/1264/1264
f 1275/1275/1275 1276/1276/1276 1265/1265/1265
f 1276/1276/1276 1266/1266/1266 1265/1265/1265
f 1276/1276/1276 1277/1277/1277 1266/1266/1266
f 1278/1278/1278 1268/1268/1268 1267/1267/1267
f 1278/1278/1278 1279/1279/1279 1268/1268/1268
f 1280/1280/1280 1270/1270/1270 1269/1269/1269
f 1280/1280/1280 1281/1281/1281 1270/1270/1270
f 1282/1282/1282 1272/1272/1272 1271/1271/1271
f 1282/1282/1282 1283/1283/1283 1272/1272/1272
f 1284/1284/1284 1274/1274/1274 1273/1273/1273
f 1284/1284/1284 1285/1285/1285 1274/1274/1274
f 1286/1286/1286 1276/1276/1276 1275/1275/1275
f 1286/1286/1286 1287/1287/1287 1276/1276/1276
f 1287/1287/1287 1277/1277/1277 1276/1276/1276
f 1287/1287/1287 1288/1288/1288 1277/1277/1277
f 1289/1289/1289 1279/1279/1279 1278/1278/1278
f 1289/1289/1289 1290/1290/1290 1279/1279/1279
f 1291/1291/1291 1281/1281/1281 1280/1280/1280
f 1291/1291/1291 1292/1292/1292 1281/1281/1281
f 1293/1293/1293 1283/1283/1283 1282/1282/1282
f 1293/1293/1293 1294/1294/1294 1283/1283/1283
f 1295/1295/1295 1285/1285/1285 1284/1284/1284
f 1295/1295/1295 1296/1296/1296 1285/1285/1285
f 1297/1297/1297 1287/1287/1287 1286/1286/1286
f 1297/1297/1297 1298/1298/1298 1287/1287/1287
f 1298/1298/1298 1288/1288/1288 1287/1287/1287
f 1298/1298/1298 1299/1299/1299 1288/1288/1288
f 1300/1300/1300 1290/1290/1290 1289/1289/1289
f 1300/1300/1300 1301/1301/1301 1290/1290/1290
f 1302/1302/1302 1292/1292/1292 1291/1291/1291
f 1302/1302/1302 1303/1303/1303 1292/1292/1292
f 1304/1304/1304 1294/1294/1294 1293/1293/1293
f 1304/1304/1304 1305/1305/1305 1294/1294/1294
f 1306/1306/1306 1296/1296/1296 1295/1295/1295
f 1306/1306/1306 1307/1307/1307 1296/1296/1296
f 1308/1308/1308 1298/1298/1298 1297/1297/1297
f 1308/1308/1308 1309/1309/1309 1298/1298/1298
f 1309/1309/1309 1299/1299/1299 1298/1298/1298
f 1309/1309/1309 1310/1310/1310 1299/1299/1299
f 1311/1311/1311 1301/1301/1301 1300/1300/1300
f 1311/1311/1311 1312/1312/1312 1301/1301/1301
f 1313/1313/1313 1303/1303/1303 1302/1302/1302
f 1313/1313/1313 1314/1314/1314 1303/1303/1303
f 1315/1315/1315 1305/1305/1305 1304/1304/1304
f 1315/1315/1315 1316/1316/1316 1305/1305/1305
f 1317/1317/1317 1307/1307/1307 1306/1306/1306
f 1317/1317/1317 1318/1318/1318 1307/1307/1307
f 1319/1319/1319 1309/1309/1309 1308/1308/1308
f 1319/1319/1319 1320/1320/1320 1309/1309/1309
f 1320/1320/1320 1310/1310/1310 1309/1309/1309
f 1320/1320/1320 1321/1321/1321 1310/1310/1310
f 1322/1322/1322 1312/1312/1312 1311/1311/1311
f 1322/1322/1322 1323/1323/1323 1312/1312/1312
f 1324/1324/1324 1314/1314/1314 1313/1313/1313
f 1324/1324/1324 1325/1325/1325 1314/1314/1314
f 1326/1326/1326 1316/1316/1316 1315/1315/1315
f 1326/1326/1326 1327/1327/1327 1316/1316/1316
f 1328/1328/1328 1318/1318/1318 1317/1317/1317
f 1328/1328/1328 1329/1329/1329 1318/1318/1318
f 1330/1330/1330 1320/1320/1320 1319/1319/1319
f 1330/1330/1330 1331/1331/1331 1320/1320/1320
f 1331/1331/1331 1321/1321/1321 1320/1320/1320
f 1331/1331/1331 1332/1332/1332 1321/1321/1321
f 1333/1333/1333 1323/1323/1323 1322/1322/1322
f 1333/1333/1333 1334/1334/1334 1323/1323/1323
f 1335/1335/1335 1325/1325/1325 1324/1324/1324
f 1335/1335/1335 1336/1336/1336 1325/1325/1325
f 1337/1337/1337 1327/1327/1327 1326/1326/1326
f 1337/1337/1337 1338/1338/1338 1327/1327/1327
f 1339/1339/1339 1329/1329/1329 1328/1328/1328
f 1339/1339/1339 1340/1340/1340 1329/1329/1329
f 1341/1341/1341 1331/1331/1331 1330/1330/1330
f 1341/1341/1341 1342/1342/1342 1331/1331/1331
f 1342/1342/1342 1332/1332/1332 1331/1331/1331
f 1345/1345/1345 1344/1344/1344 1343/1343/1343
f 1346/1346/1346 1334/1334/1334 1333/1333/1333
f 1346/1346/1346 1347/1347/1347 1334/1334/1334
f 1348/1348/1348 1336/1336/1336 1335/1335/1335
f 1348/1348/1348 1349/1349/1349 1336/1336/1336
f 1350/1350/1350 1338/1338/1338 1337/1337/1337
f 1350/1350/1350 1351/1351/1351 1338/1338/1338
f 1352/1352/1352 1340/1340/1340 1339/1339/1339
f 1352/1352/1352 1353/1353/1353 1340/1340/1340
f 1354/1354/1354 1342/1342/1342 1341/1341/1341
f 1354/1354/1354 1355/1355/1355 1342/1342/1342
f 1356/1356/1356 1344/1344/1344 1345/1345/1345
f 1359/1359/1359 1358/1358/1358 1357/1357/1357
f 1360/1360/1360 1347/1347/1347 1346/1346/1346
f 1360/1360/1360 1361/1361/1361 1347/1347/1347
f 1362/1362/1362 1349/1349/1349 1348/1348/1348
f 1362/1362/1362 1363/1363/1363 1349/1349/1349
f 1364/1364/1364 1351/1351/1351 1350/1350/1350
f 1364/1364/1364 1365/1365/1365 1351/1351/1351
f 1366/1366/1366 1353/1353/1353 1352/1352/1352
f 1366/1366/1366 1367/1367/1367 1353/1353/1353
f 1368/1368/1368 1355/1355/1355 1354/1354/1354
f 1368/1368/1368 1369/1369/1369 1355/1355/1355
f 1372/1372/1372 1371/1371/1371 1370/1370/1370
f 1369/1369/1369 1374/1374/1374 1373/1373/1373
f 1375/1375/1375 1361/1361/1361 1360/1360/1360
f 1375/1375/1375 1376/1376/1376 1361/1361/1361
f 1377/1377/1377 1363/1363/1363 1362/1362/1362
f 1377/1377/1377 1378/1378/1378 1363/1363/1363
f 1379/1379/1379 1365/1365/1365 1364/1364/1364
f 1379/1379/1379 1380/1380/1380 1365/1365/1365
f 1381/1381/1381 1367/1367/1367 1366/1366/1366
f 1381/1381/1381 1382/1382/1382 1367/1367/1367
f 1383/1383/1383 1369/1369/1369 1368/1368/1368
f 1383/1383/1383 1384/1384/1384 1369/1369/1369
f 1384/1384/1384 1374/1374/1374 1369/1369/1369
f 1384/1384/1384 1385/1385/1385 1374/1374/1374
f 1386/1386/1386 1376/1376/1376 1375/1375/1375
f 1386/1386/1386 1387/1387/1387 1376/1376/1376
f 1390/1390/1390 1389/1389/1389 1388/1388/1388
f 1390/1390/1390 1391/1391/1391 1389/1389/1389
f 1392/1392/1392 1380/1380/1380 1379/1379/1379
f 1392/1392/1392 1393/1393/1393 1380/1380/1380
f 1394/1394/1394 1382/1382/1382 1381/1381/1381
f 1394/1394/1394 1395/1395/1395 1382/1382/1382
f 1398/1398/1398 1397/1397/1397 1396/1396/1396
f 1398/1398/1398 1399/1399/1399 1397/1397/1397
f 1400/1400/1400 1385/1385/1385 1384/1384/1384
f 1400/1400/1400 1401/1401/1401 1385/1385/1385
f 1402/1402/1402 1387/1387/1387 1386/1386/1386
f 1402/1402/1402 1403/1403/1403 1387/1387/1387
f 1404/1404/1404 1391/1391/1391 1390/1390/1390
f 1404/1404/1404 1405/1405/1405 1391/1391/1391
f 1406/1406/1406 1393/1393/1393 1392/1392/1392
f 1406/1406/1406 1407/1407/1407 1393/1393/1393
f 1410/1410/1410 1409/1409/1409 1408/1408/1408
f 1410/1410/1410 1411/1411/1411 1409/1409/1409
f 1412/1412/1412 1399/1399/1399 1398/1398/1398
f 1412/1412/1412 1413/1413/1413 1399/1399/1399
f 1414/1414/1414 1401/1401/1401 1400/1400/1400
f 1414/1414/1414 1415/1415/1415 1401/1401/1401
f 1415/1415/1415 1416/1416/1416 1401/1401/1401
f 1415/1415/1415 1417/1417/1417 1416/1416/1416
f 1418/1418/1418 1405/1405/1405 1404/1404/1404
f 1418/1418/1418 1419/1419/1419 1405/1405/1405
f 1420/1420/1420 1407/1407/1407 1406/1406/1406
f 1420/1420/1420 1421/1421/1421 1407/1407/1407
f 1422/1422/1422 1411/1411/1411 1410/1410/1410
f 1422/1422/1422 1423/1423/1423 1411/1411/1411
f 1424/1424/1424 1413/1413/1413 1412/1412/1412
f 1424/1424/1424 1425/1425/1425 1413/1413/1413
f 1426/1426/1426 1415/1415/1415 1414/1414/1414
f 1426/1426/1426 1427/1427/1427 1415/1415/1415
f 1427/1427/1427 1417/1417/1417 1415/1415/1415
f 1427/1427/1427 1428/1428/1428 1417/1417/1417
f 1430/1430/1430 1420/1420/1420 1429/1429/1429
f 1430/1430/1430 1431/1431/1431 1420/1420/1420
f 1431/1431/1431 1421/1421/1421 1420/1420/1420
f 1431/1431/1431 1432/1432/1432 1421/1421/1421
f 1433/1433/1433 1423/1423/1423 1422/1422/1422
f 1433/1433/1433 1434/1434/1434 1423/1423/1423
f 1435/1435/1435 1425/1425/1425 1424/1424/1424
f 1435/1435/1435 1436/1436/1436 1425/1425/1425
f 1437/1437/1437 1427/1427/1427 1426/1426/1426
f 1437/1437/1437 1438/1438/1438 1427/1427/1427
f 1438/1438/1438 1428/1428/1428 1427/1427/1427
f 1438/1438/1438 1439/1439/1439 1428/1428/1428
f 1440/1440/1440 1431/1431/1431 1430/1430/1430
f 1440/1440/1440 1441/1441/1441 1431/1431/1431
f 1441/1441/1441 1432/1432/1432 1431/1431/1431
f 1441/1441/1441 1442/1442/1442 1432/1432/1432
f 1443/1443/1443 1434/1434/1434 1433/1433/1433
f 1443/1443/1443 1444/1444/1444 1434/1434/1434
f 1445/1445/1445 1436/1436/1436 1435/1435/1435
f 1445/1445/1445 1446/1446/1446 1436/1436/1436
f 1447/1447/1447 1438/1438/1438 1437/1437/1437
f 1447/1447/1447 1448/1448/1448 1438/1438/1438
f 1448/1448/1448 1439/1439/1439 1438/1438/1438
f 1448/1448/1448 1449/1449/1449 1439/1439/1439
f 1450/1450/1450 1441/1441/1441 1440/1440/1440
f 1450/1450/1450 1451/1451/1451 1441/1441/1441
f 1451/1451/1451 1442/1442/1442 1441/1441/1441
f 1451/1451/1451 1452/1452/1452 1442/1442/1442
f 1453/1453/1453 1444/1444/1444 1443/1443/1443
f 1453/1453/1453 1454/1454/1454 1444/1444/1444
f 1455/1455/1455 1446/1446/1446 1445/1445/1445
f 1455/1455/1455 1456/1456/1456 1446/1446/1446
f 1457/1457/1457 1448/1448/1448 1447/1447/1447
f 1457/1457/1457 1458/1458/1458 1448/1448/1448
f 1458/1458/1458 1449/1449/1449 1448/1448/1448
f 1458/1458/1458 1459/1459/1459 1449/1449/1449
f 1460/1460/1460 1451/1451/1451 1450/1450/1450
f 1460/1460/1460 1461/1461/1461 1451/1451/1451
f 1461/1461/1461 1452/1452/1452 1451/1451/1451
f 1461/1461/1461 1462/1462/1462 1452/1452/1452
f 1463/1463/1463 1454/1454/1454 1453/1453/1453
f 1463/1463/1463 1464/1464/1464 1454/1454/1454
f 1465/1465/1465 1456/1456/1456 1455/1455/1455
f 1465/1465/1465 1466/1466/1466 1456/1456/1456
f 1467/1467/1467 1458/1458/1458 1457/1457/1457
f 1467/1467/1467 1468/1468/1468 1458/1458/1458
f 1468/1468/1468 1459/1459/1459 1458/1458/1458
f 1468/1468/1468 1469/1469/1469 1459/1459/1459
f 1470/1470/1470 1461/1461/1461 1460/1460/1460
f 1470/1470/1470 1471/1471/1471 1461/1461/1461
f 1471/1471/1471 1462/1462/1462 1461/1461/1461
f 1471/1471/1471 1472/1472/1472 1462/1462/1462
f 1473/1473/1473 1464/1464/1464 1463/1463/1463
f 1473/1473/1473 1474/1474/1474 1464/1464/1464
f 1477/1477/1477 1476/1476/1476 1475/1475/1475
f 1477/1477/1477 1478/1478/1478 1476/1476/1476
f 1479/1479/1479 1468/1468/1468 1467/1467/1467
f 1479/1479/1479 1480/1480/1480 1468/1468/1468
f 1480/1480/1480 1469/1469/1469 1468/1468/1468
f 1480/1480/1480 1481/1481/1481 1469/1469/1469
f 1482/1482/1482 1471/1471/1471 1470/1470/1470
f 1482/1482/1482 1483/1483/1483 1471/1471/1471
f 1483/1483/1483 1472/1472/1472 1471/1471/1471
f 1483/1483/1483 1484/1484/1484 1472/1472/1472
f 1485/1485/1485 1474/1474/1474 1473/1473/1473
f 1485/1485/1485 1486/1486/1486 1474/1474/1474
f 1487/1487/1487 1478/1478/1478 1477/1477/1477
f 1487/1487/1487 1488/1488/1488 1478/1478/1478
f 1489/1489/1489 1480/1480/1480 1479/1479/1479
f 1489/1489/1489 1490/1490/1490 1480/1480/1480
f 1490/1490/1490 1481/1481/1481 1480/1480/1480
f 1490/1490/1490 1491/1491/1491 1481/1481/1481
f 1492/1492/1492 1483/1483/1483 1482/1482/1482
f 1492/1492/1492 1493/1493/1493 1483/1483/1483
f 1493/1493/1493 1484/1484/1484 1483/1483/1483
f 1493/1493/1493 1494/1494/1494 1484/1484/1484
f 1495/1495/1495 1486/1486/1486 1485/1485/1485
f 1495/1495/1495 1496/1496/1496 1486/1486/1486
f 1497/1497/1497 1488/1488/1488 1487/1487/1487
f 1497/1497/1497 1498/1498/1498 1488/1488/1488
f 1499/1499/1499 1490/1490/1490 1489/1489/1489
f 1499/1499/1499 1500/1500/1500 1490/1490/1490
f 1500/1500/1500 1491/1491/1491 1490/1490/1490
f 1500/1500/1500 1501/1501/1501 1491/1491/1491
f 1502/1502/1502 1493/1493/1493 1492/1492/1492
f 1502/1502/1502 1503/1503/1503 1493/1493/1493
f 1503/1503/1503 1494/1494/1494 1493/1493/1493
f 1503/1503/1503 1504/1504/1504 1494/1494/1494
f 1507/1507/1507 1506/1506/1506 1505/1505/1505
f 1507/1507/1507 1508/1508/1508 1506/1506/1506
f 1509/1509/1509 1498/1498/1498 1497/1497/1497
f 1509/1509/1509 1510/1510/1510 1498/1498/1498
f 1511/1511/1511 1500/1500/1500 1499/1499/1499
f 1511/1511/1511 1512/1512/1512 1500/1500/1500
f 1512/1512/1512 1501/1501/1501 1500/1500/1500
f 1512/1512/1512 1513/1513/1513 1501/1501/1501
f 1514/1514/1514 1503/1503/1503 1502/1502/1502
f 1514/1514/1514 1515/1515/1515 1503/1503/1503
f 1515/1515/1515 1504/1504/1504 1503/1503/1503
f 1515/1515/1515 1516/1516/1516 1504/1504/1504
f 1517/1517/1517 1508/1508/1508 1507/1507/1507
f 1517/1517/1517 1518/1518/1518 1508/1508/1508
f 1519/1519/1519 1510/1510/1510 1509/1509/1509
f 1519/1519/1519 1520/1520/1520 1510/1510/1510
f 1521/1521/1521 1512/1512/1512 1511/1511/1511
f 1521/1521/1521 1522/1522/1522 1512/1512/1512
f 1522/1522/1522 1513/1513/1513 1512/1512/1512
f 1522/1522/1522 1523/1523/1523 1513/1513/1513
f 1524/1524/1524 1515/1515/1515 1514/1514/1514
f 1524/1524/1524 1525/1525/1525 1515/1515/1515
f 1525/1525/1525 1516/1516/1516 1515/1515/1515
f 1525/1525/1525 1526/1526/1526 1516/1516/1516
f 1527/1527/1527 1518/1518/1518 1517/1517/1517
f 1527/1527/1527 1528/1528/1528 1518/1518/1518
f 1529/1529/1529 1520/1520/1520 1519/1519/1519
f 1529/1529/1529 1530/1530/1530 1520/1520/1520
f 1531/1531/1531 1522/1522/1522 1521/1521/1521
f 1531/1531/1531 1532/1532/1532 1522/1522/1522
f 1532/1532/1532 1523/1523/1523 1522/1522/1522
f 1532/1532/1532 1533/1533/1533 1523/1523/1523
f 1534/1534/1534 1525/1525/1525 1524/1524/1524
f 1534/1534/1534 1535/1535/1535 1525/1525/1525
f 1535/1535/1535 1526/1526/1526 1525/1525/1525
f 1535/1535/1535 1536/1536/1536 1526/1526/1526
f 1537/1537/1537 1528/1528/1528 1527/1527/1527
f 1537/1537/1537 1538/1538/1538 1528/1528/1528
f 1539/1539/1539 1530/1530/1530 1529/1529/1529
f 1539/1539/1539 1540/1540/1540 1530/1530/1530
f 1541/1541/1541 1532/1532/1532 1531/1531/1531
f 1541/1541/1541 1542/1542/1542 1532/1532/1532
f 1542/1542/1542 1533/1533/1533 1532/1532/1532
f 1542/1542/1542 1543/1543/1543 1533/1533/1533
f 1544/1544/1544 1535/1535/1535 1534/1534/1534
f 1544/1544/1544 1545/1545/1545 1535/1535/1535
f 1545/1545/1545 1536/1536/1536 1535/1535/1535
f 1545/1545/1545 1546/1546/1546 1536/1536/1536
f 1547/1547/1547 1538/1538/1538 1537/1537/1537
f 1547/1547/1547 1548/1548/1548 1538/1538/1538
f 1549/1549/1549 1540/1540/1540 1539/1539/1539
f 1549/1549/1549 1550/1550/1550 1540/1540/1540
f 1551/1551/1551 1542/1542/1542 1541/1541/1541
f 1551/1551/1551 1552/1552/1552 1542/1542/1542
f 1552/1552/1552 1543/1543/1543 1542/1542/1542
f 1552/1552/1552 1553/1553/1553 1543/1543/1543
f 1554/1554/1554 1545/1545/1545 1544/1544/1544
f 1554/1554/1554 1555/1555/1555 1545/1545/1545
f 1555/1555/1555 1546/1546/1546 1545/1545/1545
f 1555/1555/1555 1556/1556/1556 1546/1546/1546
f 1557/1557/1557 1548/1548/1548 1547/1547/1547
f 1557/1557/1557 1558/1558/1558 1548/1548/1548
f 1559/1559/1559 1550/1550/1550 1549/1549/1549
f 1559/1559/1559 1560/1560/1560 1550/1550/1550
f 1561/1561/1561 1552/1552/1552 1551/1551/1551
f 1561/1561/1561 1562/1562/1562 1552/1552/1552
f 1562/1562/1562 1553/1553/1553 1552/1552/1552
f 1562/1562/1562 1563/1563/1563 1553/1553/1553
f 1564/1564/1564 1555/1555/1555 1554/1554/1554
f 1564/1564/1564 1565/1565/1565 1555/1555/1555
f 1565/1565/1565 1556/1556/1556 1555/1555/1555
f 1565/1565/1565 1566/1566/1566 1556/1556/1556
f 1567/1567/1567 1558/1558/1558 1557/1557/1557
f 1567/1567/1567 1568/1568/1568 1558/1558/1558
f 1569/1569/1569 1560/1560/1560 1559/1559/1559
f 1569/1569/1569 1570/1570/1570 1560/1560/1560
f 1571/1571/1571 1562/1562/1562 1561/1561/1561
f 1571/1571/1571 1572/1572/1572 1562/1562/1562
f 1572/1572/1572 1563/1563/1563 1562/1562/1562
f 1572/1572/1572 1573/1573/1573 1563/1563/1563
f 1576/1576/1576 1575/1575/1575 1574/1574/1574
f 1576/1576/1576 1577/1577/1577 1575/1575/1575
f 1578/1578/1578 1566/1566/1566 1565/1565/1565
f 1578/1578/1578 1579/1579/1579 1566/1566/1566
f 1580/1580/1580 1568/1568/1568 1567/1567/1567
f 1580/1580/1580 1581/1581/1581 1568/1568/1568
f 1582/1582/1582 1570/1570/1570 1569/1569/1569
f 1582/1582/1582 1583/1583/1583 1570/1570/1570
f 1584/1584/1584 1572/1572/1572 1571/1571/1571
f 1584/1584/1584 1585/1585/1585 1572/1572/1572
f 1585/1585/1585 1573/1573/1573 1572/1572/1572
f 1585/1585/1585 1586/1586/1586 1573/1573/1573
f 1587/1587/1587 1577/1577/1577 1576/1576/1576
f 1587/1587/1587 1588/1588/1588 1577/1577/1577
f 1589/1589/1589 1579/1579/1579 1578/1578/1578
f 1589/1589/1589 1590/1590/1590 1579/1579/1579
f 1591/1591/1591 1581/1581/1581 1580/1580/1580
f 1591/1591/1591 1592/1592/1592 1581/1581/1581
f 1593/1593/1593 1583/1583/1583 1582/1582/1582
f 1593/1593/1593 1594/1594/1594 1583/1583/1583
f 1595/1595/1595 1585/1585/1585 1584/1584/1584
f 1595/1595/1595 1596/1596/1596 1585/1585/1585
f 1596/1596/1596 1586/1586/1586 1585/1585/1585
f 1596/1596/1596 1597/1597/1597 1586/1586/1586
f 1598/1598/1598 1588/1588/1588 1587/1587/1587
f 1598/1598/1598 1599/1599/1599 1588/1588/1588
f 1600/1600/1600 1590/1590/1590 1589/1589/1589
f 1600/1600/1600 1601/1601/1601 1590/1590/1590
f 1602/1602/1602 1592/1592/1592 1591/1591/1591
f 1602/1602/1602 1603/1603/1603 1592/1592/1592
f 1604/1604/1604 1594/1594/1594 1593/1593/1593
f 1604/1604/1604 1605/1605/1605 1594/1594/1594
f 1606/1606/1606 1596/1596/1596 1595/1595/1595
f 1606/1606/1606 1607/1607/1607 1596/1596/1596
f 1607/1607/1607 1597/1597/1597 1596/1596/1596
f 1607/1607/1607 1608/1608/1608 1597/1597/1597
f 1609/1609/1609 1599/1599/1599 1598/1598/1598
f 1609/1609/1609 1610/1610/1610 1599/1599/1599
f 1611/1611/1611 1601/1601/1601 1600/1600/1600
f 1611/1611/1611 1612/1612/1612 1601/1601/1601
f 1613/1613/1613 1603/1603/1603 1602/1602/1602
f 1613/1613/1613 1614/1614/1614 1603/1603/1603
f 1617/1617/1617 1616/1616/1616 1615/1615/1615
f 1617/1617/1617 1618/1618/1618 1616/1616/1616
f 1619/1619/1619 1607/1607/1607 1606/1606/1606
f 1619/1619/1619 1620/1620/1620 1607/1607/1607
f 1620/1620/1620 1608/1608/1608 1607/1607/1607
f 1620/1620/1620 1621/1621/1621 1608/1608/1608
f 1622/1622/1622 1610/1610/1610 1609/1609/1609
f 1622/1622/1622 1623/1623/1623 1610/1610/1610
f 1624/1624/1624 1612/1612/1612 1611/1611/1611
f 1624/1624/1624 1625/1625/1625 1612/1612/1612
f 1626/1626/1626 1614/1614/1614 1613/1613/1613
f 1626/1626/1626 1627/1627/1627 1614/1614/1614
f 1628/1628/1628 1618/1618/1618 1617/1617/1617
f 1628/1628/1628 1629/1629/1629 1618/1618/1618
f 1630/1630/1630 1620/1620/1620 1619/1619/1619
f 1630/1630/1630 1631/1631/1631 1620/1620/1620
f 1631/1631/1631 1621/1621/1621 1620/1620/1620
f 1631/1631/1631 1632/1632/1632 1621/1621/1621
f 1633/1633/1633 1623/1623/1623 1622/1622/1622
f 1633/1633/1633 1634/1634/1634 1623/1623/1623
f 1635/1635/1635 1625/1625/1625 1624/1624/1624
f 1635/1635/1635 1636/1636/1636 1625/1625/1625
f 1636/1636/1636 1637/1637/1637 1625/1625/1625
f 1636/1636/1636 1638/1638/1638 1637/1637/1637
f 1639/1639/1639 1629/1629/1629 1628/1628/1628
f 1639/1639/1639 1640/1640/1640 1629/1629/1629
f 1641/1641/1641 1631/1631/1631 1630/1630/1630
f 1641/1641/1641 1642/1642/1642 1631/1631/1631
f 1642/1642/1642 1632/1632/1632 1631/1631/1631
f 1642/1642/1642 1643/1643/1643 1632/1632/1632
f 1644/1644/1644 1634/1634/1634 1633/1633/1633
f 1644/1644/1644 1645/1645/1645 1634/1634/1634
f 1646/1646/1646 1636/1636/1636 1635/1635/1635
f 1646/1646/1646 1647/1647/1647 1636/1636/1636
f 1647/1647/1647 1638/1638/1638 1636/1636/1636
f 1647/1647/1647 1648/1648/1648 1638/1638/1638
f 1649/1649/1649 1640/1640/1640 1639/1639/1639
f 1649/1649/1649 1650/1650/1650 1640/1640/1640
f 1651/1651/1651 1642/1642/1642 1641/1641/1641
f 1651/1651/1651 1652/1652/1652 1642/1642/1642
f 1652/1652/1652 1643/1643/1643 1642/1642/1642
f 1652/1652/1652 1653/1653/1653 1643/1643/1643
f 1654/1654/1654 1645/1645/1645 1644/1644/1644
f 1654/1654/1654 1655/1655/1655 1645/1645/1645
f 1656/1656/1656 1647/1647/1647 1646/1646/1646
f 1656/1656/1656 1657/1657/1657 1647/1647/1647
f 1657/1657/1657 1648/1648/1648 1647/1647/1647
f 1657/1657/1657 1658/1658/1658 1648/1648/1648
f 1659/1659/1659 1650/1650/1650 1649/1649/1649
f 1659/1659/1659 1660/1660/1660 1650/1650/1650
f 1661/1661/1661 1652/1652/1652 1651/1651/1651
f 1661/1661/1661 1662/1662/1662 1652/1652/1652
f 1662/1662/1662 1653/1653/1653 1652/1652/1652
f 1662/1662/1662 1663/1663/1663 1653/1653/1653
f 1664/1664/1664 1655/1655/1655 1654/1654/1654
f 1664/1664/1664 1665/1665/1665 1655/1655/1655
f 1666/1666/1666 1657/1657/1657 1656/1656/1656
f 1666/1666/1666 1667/1667/1667 1657/1657/1657
f 1667/1667/1667 1658/1658/1658 1657/1657/1657
f 1667/1667/1667 1668/1668/1668 1658/1658/1658
f 1669/1669/1669 1660/1660/1660 1659/1659/1659
f 1668/1668/1668 1671/1671/1671 1670/1670/1670
f 1672/1672/1672 1662/1662/1662 1661/1661/1661
f 1672/1672/1672 1673/1673/1673 1662/1662/1662
f 1673/1673/1673 1663/1663/1663 1662/1662/1662
f 1673/1673/1673 1674/1674/1674 1663/1663/1663
f 1675/1675/1675 1665/1665/1665 1664/1664/1664
f 1675/1675/1675 1676/1676/1676 1665/1665/1665
f 1677/1677/1677 1667/1667/1667 1666/1666/1666
f 1677/1677/1677 1678/1678/1678 1667/1667/1667
f 1678/1678/1678 1668/1668/1668 1667/1667/1667
f 1678/1678/1678 1679/1679/1679 1668/1668/1668
f 1679/1679/1679 1671/1671/1671 1668/1668/1668
f 1679/1679/1679 1680/1680/1680 1671/1671/1671
f 1683/1683/1683 1682/1682/1682 1681/1681/1681
f 1683/1683/1683 1684/1684/1684 1682/1682/1682
f 1685/1685/1685 1674/1674/1674 1673/1673/1673
f 1685/1685/1685 1686/1686/1686 1674/1674/1674
f 1687/1687/1687 1676/1676/1676 1675/1675/1675
f 1687/1687/1687 1688/1688/1688 1676/1676/1676
f 1689/1689/1689 1678/1678/1678 1677/1677/1677
f 1692/1692/1692 1691/1691/1691 1690/1690/1690
f 1693/1693/1693 1679/1679/1679 1678/1678/1678
f 1693/1693/1693 1694/1694/1694 1679/1679/1679
f 1694/1694/1694 1680/1680/1680 1679/1679/1679
f 1694/1694/1694 1695/1695/1695 1680/1680/1680
f 1696/1696/1696 1684/1684/1684 1683/1683/1683
f 1696/1696/1696 1697/1697/1697 1684/1684/1684
f 1698/1698/1698 1686/1686/1686 1685/1685/1685
f 1698/1698/1698 1699/1699/1699 1686/1686/1686
f 1700/1700/1700 1688/1688/1688 1687/1687/1687
f 1700/1700/1700 1701/1701/1701 1688/1688/1688
f 1702/1702/1702 1691/1691/1691 1692/1692/1692
f 1702/1702/1702 1703/1703/1703 1691/1691/1691
f 1704/1704/1704 1694/1694/1694 1693/1693/1693
f 1704/1704/1704 1705/1705/1705 1694/1694/1694
f 1705/1705/1705 1695/1695/1695 1694/1694/1694
f 1705/1705/1705 1706/1706/1706 1695/1695/1695
f 1707/1707/1707 1697/1697/1697 1696/1696/1696
f 1707/1707/1707 1708/1708/1708 1697/1697/1697
f 1709/1709/1709 1699/1699/1699 1698/1698/1698
f 1709/1709/1709 1710/1710/1710 1699/1699/1699
f 1711/1711/1711 1701/1701/1701 1700/1700/1700
f 1711/1711/1711 1712/1712/1712 1701/1701/1701
f 1713/1713/1713 1703/1703/1703 1702/1702/1702
f 1713/1713/1713 1714/1714/1714 1703/1703/1703
f 1715/1715/1715 1705/1705/1705 1704/1704/1704
f 1715/1715/1715 1716/1716/1716 1705/1705/1705
f 1716/1716/1716 1706/1706/1706 1705/1705/1705
f 1716/1716/1716 1717/1717/1717 1706/1706/1706
f 1718/1718/1718 1708/1708/1708 1707/1707/1707
f 1718/1718/1718 1719/1719/1719 1708/1708/1708
f 1720/1720/1720 1710/1710/1710 1709/1709/1709
f 1720/1720/1720 1721/1721/1721 1710/1710/1710
f 1722/1722/1722 1712/1712/1712 1711/1711/1711
f 1722/1722/1722 1723/1723/1723 1712/1712/1712
f 1724/1724/1724 1714/1714/1714 1713/1713/1713
f 1724/1724/1724 1725/1725/1725 1714/1714/1714
f 1726/1726/1726 1716/1716/1716 1715/1715/1715
f 1725/1725/1725 1728/1728/1728 1727/1727/1727
f 1729/1729/1729 1717/1717/1717 1716/1716/1716
f 1729/1729/1729 1730/1730/1730 1717/1717/1717
f 1731/1731/1731 1719/1719/1719 1718/1718/1718
f 1731/1731/1731 1732/1732/1732 1719/1719/1719
f 1733/1733/1733 1721/1721/1721 1720/1720/1720
f 1733/1733/1733 1734/1734/1734 1721/1721/1721
f 1735/1735/1735 1723/1723/1723 1722/1722/1722
f 1735/1735/1735 1736/1736/1736 1723/1723/1723
f 1737/1737/1737 1725/1725/1725 1724/1724/1724
f 1737/1737/1737 1738/1738/1738 1725/1725/1725
f 1738/1738/1738 1728/1728/1728 1725/1725/1725
f 1738/1738/1738 1739/1739/1739 1728/1728/1728
f 1740/1740/1740 1730/1730/1730 1729/1729/1729
f 1740/1740/1740 1741/1741/1741 1730/1730/1730
f 1742/1742/1742 1732/1732/1732 1731/1731/1731
f 1742/1742/1742 1743/1743/1743 1732/1732/1732
f 1744/1744/1744 1734/1734/1734 1733/1733/1733
f 1744/1744/1744 1745/1745/1745 1734/1734/1734
f 1746/1746/1746 1736/1736/1736 1735/1735/1735
f 1746/1746/1746 1747/1747/1747 1736/1736/1736
f 1748/1748/1748 1738/1738/1738 1737/1737/1737
f 1748/1748/1748 1749/1749/1749 1738/1738/1738
f 1749/1749/1749 1739/1739/1739 1738/1738/1738
f 1749/1749/1749 1750/1750/1750 1739/1739/1739
f 1751/1751/1751 1741/1741/1741 1740/1740/1740
f 1751/1751/1751 1752/1752/1752 1741/1741/1741
f 1753/1753/1753 1743/1743/1743 1742/1742/1742
f 1753/1753/1753 1754/1754/1754 1743/1743/1743
f 1754/1754/1754 1755/1755/1755 1743/1743/1743
f 1754/1754/1754 1756/1756/1756 1755/1755/1755
f 1757/1757/1757 1747/1747/1747 1746/1746/1746
f 1757/1757/1757 1758/1758/1758 1747/1747/1747
f 1758/1758/1758 1759/1759/1759 1747/1747/1747
f 1758/1758/1758 1760/1760/1760 1759/1759/1759
f 1761/1761/1761 1750/1750/1750 1749/1749/1749
f 1761/1761/1761 1762/1762/1762 1750/1750/1750
f 1763/1763/1763 1752/1752/1752 1751/1751/1751
f 1763/1763/1763 1764/1764/1764 1752/1752/1752
f 1765/1765/1765 1754/1754/1754 1753/1753/1753
f 1765/1765/1765 1766/1766/1766 1754/1754/1754
f 1766/1766/1766 1756/1756/1756 1754/1754/1754
f 1766/1766/1766 1767/1767/1767 1756/1756/1756
f 1768/1768/1768 1758/1758/1758 1757/1757/1757
f 1768/1768/1768 1769/1769/1769 1758/1758/1758
f 1769/1769/1769 1760/1760/1760 1758/1758/1758
f 1769/1769/1769 1770/1770/1770 1760/1760/1760
f 1771/1771/1771 1762/1762/1762 1761/1761/1761
f 1771/1771/1771 1772/1772/1772 1762/1762/1762
f 1773/1773/1773 1764/1764/1764 1763/1763/1763
f 1773/1773/1773 1774/1774/1774 1764/1764/1764
f 1775/1775/1775 1766/1766/1766 1765/1765/1765
f 1775/1775/1775 1776/1776/1776 1766/1766/1766
f 1776/1776/1776 1767/1767/1767 1766/1766/1766
f 1776/1776/1776 1777/1777/1777 1767/1767/1767
f 1778/1778/1778 1769/1769/1769 1768/1768/1768
f 1778/1778/1778 1779/1779/1779 1769/1769/1769
f 1779/1779/1779 1770/1770/1770 1769/1769/1769
f 1779/1779/1779 1780/1780/1780 1770/1770/1770
f 1781/1781/1781 1772/1772/1772 1771/1771/1771
f 1781/1781/1781 1782/1782/1782 1772/1772/1772
f 1783/1783/1783 1774/1774/1774 1773/1773/1773
f 1783/1783/1783 1784/1784/1784 1774/1774/1774
f 1785/1785/1785 1776/1776/1776 1775/1775/1775
f 1785/1785/1785 1786/1786/1786 1776/1776/1776
f 1786/1786/1786 1777/1777/1777 1776/1776/1776
f 1786/1786/1786 1787/1787/1787 1777/1777/1777
f 1788/1788/1788 1779/1779/1779 1778/1778/1778
f 1788/1788/1788 1789/1789/1789 1779/1779/1779
f 1789/1789/1789 1780/1780/1780 1779/1779/1779
f 1789/1789/1789 1790/1790/1790 1780/1780/1780
f 1791/1791/1791 1782/1782/1782 1781/1781/1781
f 1791/1791/1791 1792/1792/1792 1782/1782/1782
f 1793/1793/1793 1784/1784/1784 1783/1783/1783
f 1793/1793/1793 1794/1794/1794 1784/1784/1784
f 1795/1795/1795 1786/1786/1786 1785/1785/1785
f 1795/1795/1795 1796/1796/1796 1786/1786/1786
f 1796/1796/1796 1787/1787/1787 1786/1786/1786
f 1796/1796/1796 1797/1797/1797 1787/1787/1787
f 1798/1798/1798 1789/1789/1789 1788/1788/1788
f 1798/1798/1798 1799/1799/1799 1789/1789/1789
f 1799/1799/1799 1790/1790/1790 1789/1789/1789
f 1799/1799/1799 1800/1800/1800 1790/1790/1790
f 1801/1801/1801 1792/1792/1792 1791/1791/1791
f 1801/1801/1801 1802/1802/1802 1792/1792/1792
f 1803/1803/1803 1794/1794/1794 1793/1793/1793
f 1803/1803/1803 1804/1804/1804 1794/1794/1794
f 1805/1805/1805 1796/1796/1796 1795/1795/1795
f 1805/1805/1805 1806/1806/1806 1796/1796/1796
f 1806/1806/1806 1797/1797/1797 1796/1796/1796
f 1806/1806/1806 1807/1807/1807 1797/1797/1797
f 1808/1808/1808 1799/1799/1799 1798/1798/1798
f 1808/1808/1808 1809/1809/1809 1799/1799/1799
f 1809/1809/1809 1800/1800/1800 1799/1799/1799
f 1809/1809/1809 1810/1810/1810 1800/1800/1800
f 1811/1811/1811 1802/1802/1802 1801/1801/1801
f 1811/1811/1811 1812/1812/1812 1802/1802/1802
f 1813/1813/1813 1804/1804/1804 1803/1803/1803
f 1813/1813/1813 1814/1814/1814 1804/1804/1804
f 1815/1815/1815 1806/1806/1806 1805/1805/1805
f 1815/1815/1815 1816/1816/1816 1806/1806/1806
f 1816/1816/1816 1807/1807/1807 1806/1806/1806
f 1816/1816/1816 1817/1817/1817 1807/1807/1807
f 1818/1818/1818 1809/1809/1809 1808/1808/1808
f 1818/1818/1818 1819/1819/1819 1809/1809/1809
f 1819/1819/1819 1810/1810/1810 1809/1809/1809
f 1819/1819/1819 1820/1820/1820 1810/1810/1810
f 1821/1821/1821 1812/1812/1812 1811/1811/1811
f 1821/1821/1821 1822/1822/1822 1812/1812/1812
f 1823/1823/1823 1814/1814/1814 1813/1813/1813
f 1823/1823/1823 1824/1824/1824 1814/1814/1814
f 1825/1825/1825 1816/1816/1816 1815/1815/1815
f 1825/1825/1825 1826/1826/1826 1816/1816/1816
f 1826/1826/1826 1817/1817/1817 1816/1816/1816
f 1826/1826/1826 1827/1827/1827 1817/1817/1817
f 1828/1828/1828 1819/1819/1819 1818/1818/1818
f 1828/1828/1828 1829/1829/1829 1819/1819/1819
f 1829/1829/1829 1820/1820/1820 1819/1819/1819
f 1829/1829/1829 1830/1830/1830 1820/1820/1820
f 1831/1831/1831 1822/1822/1822 1821/1821/1821
f 1831/1831/1831 1832/1832/1832 1822/1822/1822
f 1833/1833/1833 1824/1824/1824 1823/1823/1823
f 1833/1833/1833 1834/1834/1834 1824/1824/1824
f 1835/1835/1835 1826/1826/1826 1825/1825/1825
f 1835/1835/1835 1836/1836/1836 1826/1826/1826
f 1836/1836/1836 1827/1827/1827 1826/1826/1826
f 1836/1836/1836 1837/1837/1837 1827/1827/1827
f 1838/1838/1838 1829/1829/1829 1828/1828/1828
f 1838/1838/1838 1839/1839/1839 1829/1829/1829
f 1839/1839/1839 1830/1830/1830 1829/1829/1829
f 1839/1839/1839 1840/1840/1840 1830/1830/1830
f 1841/1841/1841 1832/1832/1832 1831/1831/1831
f 1841/1841/1841 1842/1842/1842 1832/1832/1832
f 1843/1843/1843 1834/1834/1834 1833/1833/1833
f 1843/1843/1843 1844/1844/1844 1834/1834/1834
f 1845/1845/1845 1836/1836/1836 1835/1835/1835
f 1845/1845/1845 1846/1846/1846 1836/1836/1836
f 1846/1846/1846 1837/1837/1837 1836/1836/1836
f 1846/1846/1846 1847/1847/1847 1837/1837/1837
